2022-07-02 20:00:15,535 INFO  [restartedMain] OkkioApplication: Starting OkkioApplication using Java 13.0.8 on Ais-MacBook-Pro.local with PID 75174 (/Users/aitd/IdeaProjects/okkio-be/okkio-api/target/classes started by aitd in /Users/aitd/IdeaProjects/okkio-be)
2022-07-02 20:00:15,545 INFO  [restartedMain] OkkioApplication: The following profiles are active: swagger,dev
2022-07-02 20:00:15,674 INFO  [restartedMain] DevToolsPropertyDefaultsPostProcessor: Devtools property defaults active! Set 'spring.devtools.add-properties' to 'false' to disable
2022-07-02 20:00:15,675 INFO  [restartedMain] DevToolsPropertyDefaultsPostProcessor: For additional web related logging consider setting the 'logging.level.web' property to 'DEBUG'
2022-07-02 20:00:17,241 INFO  [restartedMain] RepositoryConfigurationDelegate: Multiple Spring Data modules found, entering strict repository configuration mode!
2022-07-02 20:00:17,244 INFO  [restartedMain] RepositoryConfigurationDelegate: Bootstrapping Spring Data JPA repositories in DEFAULT mode.
2022-07-02 20:00:17,364 INFO  [restartedMain] RepositoryConfigurationDelegate: Finished Spring Data repository scanning in 111 ms. Found 7 JPA repository interfaces.
2022-07-02 20:00:17,386 INFO  [restartedMain] RepositoryConfigurationDelegate: Multiple Spring Data modules found, entering strict repository configuration mode!
2022-07-02 20:00:17,387 INFO  [restartedMain] RepositoryConfigurationDelegate: Bootstrapping Spring Data Redis repositories in DEFAULT mode.
2022-07-02 20:00:17,403 INFO  [restartedMain] RepositoryConfigurationExtensionSupport: Spring Data Redis - Could not safely identify store assignment for repository candidate interface io.okkio.repository.CategoryRepository. If you want this repository to be a Redis repository, consider annotating your entities with one of these annotations: org.springframework.data.redis.core.RedisHash (preferred), or consider extending one of the following types with your repository: org.springframework.data.keyvalue.repository.KeyValueRepository.
2022-07-02 20:00:17,405 INFO  [restartedMain] RepositoryConfigurationExtensionSupport: Spring Data Redis - Could not safely identify store assignment for repository candidate interface io.okkio.repository.ProductDetailRepository. If you want this repository to be a Redis repository, consider annotating your entities with one of these annotations: org.springframework.data.redis.core.RedisHash (preferred), or consider extending one of the following types with your repository: org.springframework.data.keyvalue.repository.KeyValueRepository.
2022-07-02 20:00:17,406 INFO  [restartedMain] RepositoryConfigurationExtensionSupport: Spring Data Redis - Could not safely identify store assignment for repository candidate interface io.okkio.repository.ProductRepository. If you want this repository to be a Redis repository, consider annotating your entities with one of these annotations: org.springframework.data.redis.core.RedisHash (preferred), or consider extending one of the following types with your repository: org.springframework.data.keyvalue.repository.KeyValueRepository.
2022-07-02 20:00:17,406 INFO  [restartedMain] RepositoryConfigurationExtensionSupport: Spring Data Redis - Could not safely identify store assignment for repository candidate interface io.okkio.repository.RefreshTokenRepository. If you want this repository to be a Redis repository, consider annotating your entities with one of these annotations: org.springframework.data.redis.core.RedisHash (preferred), or consider extending one of the following types with your repository: org.springframework.data.keyvalue.repository.KeyValueRepository.
2022-07-02 20:00:17,408 INFO  [restartedMain] RepositoryConfigurationExtensionSupport: Spring Data Redis - Could not safely identify store assignment for repository candidate interface io.okkio.repository.RoleRepository. If you want this repository to be a Redis repository, consider annotating your entities with one of these annotations: org.springframework.data.redis.core.RedisHash (preferred), or consider extending one of the following types with your repository: org.springframework.data.keyvalue.repository.KeyValueRepository.
2022-07-02 20:00:17,409 INFO  [restartedMain] RepositoryConfigurationExtensionSupport: Spring Data Redis - Could not safely identify store assignment for repository candidate interface io.okkio.repository.UserRepository. If you want this repository to be a Redis repository, consider annotating your entities with one of these annotations: org.springframework.data.redis.core.RedisHash (preferred), or consider extending one of the following types with your repository: org.springframework.data.keyvalue.repository.KeyValueRepository.
2022-07-02 20:00:17,409 INFO  [restartedMain] RepositoryConfigurationExtensionSupport: Spring Data Redis - Could not safely identify store assignment for repository candidate interface io.okkio.repository.UtilRepository. If you want this repository to be a Redis repository, consider annotating your entities with one of these annotations: org.springframework.data.redis.core.RedisHash (preferred), or consider extending one of the following types with your repository: org.springframework.data.keyvalue.repository.KeyValueRepository.
2022-07-02 20:00:17,410 INFO  [restartedMain] RepositoryConfigurationDelegate: Finished Spring Data repository scanning in 18 ms. Found 0 Redis repository interfaces.
2022-07-02 20:00:17,919 INFO  [restartedMain] PostProcessorRegistrationDelegate$BeanPostProcessorChecker: Bean 'org.springframework.security.access.expression.method.DefaultMethodSecurityExpressionHandler@4f50a0ee' of type [org.springframework.security.access.expression.method.DefaultMethodSecurityExpressionHandler] is not eligible for getting processed by all BeanPostProcessors (for example: not eligible for auto-proxying)
2022-07-02 20:00:17,928 INFO  [restartedMain] PostProcessorRegistrationDelegate$BeanPostProcessorChecker: Bean 'methodSecurityMetadataSource' of type [org.springframework.security.access.method.DelegatingMethodSecurityMetadataSource] is not eligible for getting processed by all BeanPostProcessors (for example: not eligible for auto-proxying)
2022-07-02 20:00:18,201 INFO  [restartedMain] TomcatWebServer: Tomcat initialized with port(s): 8092 (http)
2022-07-02 20:00:18,207 INFO  [restartedMain] StandardService: Starting service [Tomcat]
2022-07-02 20:00:18,208 INFO  [restartedMain] StandardEngine: Starting Servlet engine: [Apache Tomcat/9.0.52]
2022-07-02 20:00:18,287 INFO  [restartedMain] [/]: Initializing Spring embedded WebApplicationContext
2022-07-02 20:00:18,288 INFO  [restartedMain] ServletWebServerApplicationContext: Root WebApplicationContext: initialization completed in 2613 ms
2022-07-02 20:00:18,815 INFO  [restartedMain] HikariDataSource: HikariPool-1 - Starting...
2022-07-02 20:00:19,340 INFO  [restartedMain] HikariDataSource: HikariPool-1 - Start completed.
2022-07-02 20:00:20,214 INFO  [restartedMain] LocalContainerEntityManagerFactoryBean: Initialized JPA EntityManagerFactory for persistence unit 'default'
2022-07-02 20:00:20,295 WARN  [restartedMain] JpaBaseConfiguration$JpaWebConfiguration: spring.jpa.open-in-view is enabled by default. Therefore, database queries may be performed during view rendering. Explicitly configure spring.jpa.open-in-view to disable this warning
2022-07-02 20:00:21,717 INFO  [restartedMain] PropertySourcedRequestMappingHandlerMapping: Mapped URL path [/v2/api-docs] onto method [springfox.documentation.swagger2.web.Swagger2Controller#getDocumentation(String, HttpServletRequest)]
2022-07-02 20:00:21,790 INFO  [restartedMain] UserDetailsServiceAutoConfiguration: 

Using generated security password: 2491913f-4e04-4858-8b5b-1c764faf20a9

2022-07-02 20:00:21,844 INFO  [restartedMain] DefaultSecurityFilterChain: Will secure any request with [org.springframework.security.web.context.request.async.WebAsyncManagerIntegrationFilter@2e5b9095, org.springframework.security.web.context.SecurityContextPersistenceFilter@144aad57, org.springframework.security.web.header.HeaderWriterFilter@6c0c6dfe, org.springframework.web.filter.CorsFilter@e16e14e, org.springframework.security.web.authentication.logout.LogoutFilter@74e49d72, io.okkio.security.JwtAuthenticationFilter@314a9ad4, org.springframework.security.web.savedrequest.RequestCacheAwareFilter@7253f44a, org.springframework.security.web.servletapi.SecurityContextHolderAwareRequestFilter@50c458f5, org.springframework.security.web.authentication.AnonymousAuthenticationFilter@2d536039, org.springframework.security.web.session.SessionManagementFilter@26f4d59, org.springframework.security.web.access.ExceptionTranslationFilter@73c8e915, org.springframework.security.web.access.intercept.FilterSecurityInterceptor@1a5d8f16]
2022-07-02 20:00:21,989 INFO  [restartedMain] OptionalLiveReloadServer: LiveReload server is running on port 35729
2022-07-02 20:00:22,092 WARN  [restartedMain] ThymeleafAutoConfiguration$DefaultTemplateResolverConfiguration: Cannot find template location: classpath:/templates/ (please add some templates or check your Thymeleaf configuration)
2022-07-02 20:00:22,476 INFO  [restartedMain] TomcatWebServer: Tomcat started on port(s): 8092 (http) with context path ''
2022-07-02 20:00:22,479 INFO  [restartedMain] DocumentationPluginsBootstrapper: Context refreshed
2022-07-02 20:00:22,487 INFO  [restartedMain] DocumentationPluginsBootstrapper: Found 1 custom documentation plugin(s)
2022-07-02 20:00:22,515 INFO  [restartedMain] ApiListingReferenceScanner: Scanning for api listing references
2022-07-02 20:00:22,688 INFO  [restartedMain] CachingOperationNameGenerator: Generating unique operation named: addUsingPOST_1
2022-07-02 20:00:22,692 INFO  [restartedMain] CachingOperationNameGenerator: Generating unique operation named: deleteUsingDELETE_1
2022-07-02 20:00:22,696 INFO  [restartedMain] CachingOperationNameGenerator: Generating unique operation named: updateUsingPUT_1
2022-07-02 20:00:22,718 INFO  [restartedMain] CachingOperationNameGenerator: Generating unique operation named: addUsingPOST_2
2022-07-02 20:00:22,719 INFO  [restartedMain] CachingOperationNameGenerator: Generating unique operation named: deleteUsingDELETE_2
2022-07-02 20:00:22,739 INFO  [restartedMain] CachingOperationNameGenerator: Generating unique operation named: updateUsingPUT_2
2022-07-02 20:00:22,745 INFO  [restartedMain] CachingOperationNameGenerator: Generating unique operation named: insertUsingPOST_1
2022-07-02 20:00:22,751 INFO  [restartedMain] CachingOperationNameGenerator: Generating unique operation named: addUsingPOST_3
2022-07-02 20:00:22,759 INFO  [restartedMain] CachingOperationNameGenerator: Generating unique operation named: deleteUsingDELETE_3
2022-07-02 20:00:22,762 INFO  [restartedMain] CachingOperationNameGenerator: Generating unique operation named: updateUsingPUT_3
2022-07-02 20:00:22,793 INFO  [restartedMain] OkkioApplication: Started OkkioApplication in 7.907 seconds (JVM running for 9.229)
2022-07-02 20:00:30,959 INFO  [http-nio-8092-exec-2] [/]: Initializing Spring DispatcherServlet 'dispatcherServlet'
2022-07-02 20:00:30,965 INFO  [http-nio-8092-exec-2] DispatcherServlet: Initializing Servlet 'dispatcherServlet'
2022-07-02 20:00:30,972 INFO  [http-nio-8092-exec-2] DispatcherServlet: Completed initialization in 5 ms
2022-07-02 20:10:44,525 WARN  [HikariPool-1 housekeeper] HikariPool: HikariPool-1 - Thread starvation or clock leap detected (housekeeper delta=1m54s939ms).
2022-07-02 20:13:02,262 WARN  [HikariPool-1 housekeeper] HikariPool: HikariPool-1 - Thread starvation or clock leap detected (housekeeper delta=47s620ms).
2022-07-02 20:21:16,329 INFO  [restartedMain] OkkioApplication: Starting OkkioApplication using Java 13.0.8 on Ais-MacBook-Pro.local with PID 75574 (/Users/aitd/IdeaProjects/okkio-be/okkio-api/target/classes started by aitd in /Users/aitd/IdeaProjects/okkio-be)
2022-07-02 20:21:16,334 INFO  [restartedMain] OkkioApplication: The following profiles are active: swagger,dev
2022-07-02 20:21:16,421 INFO  [restartedMain] DevToolsPropertyDefaultsPostProcessor: Devtools property defaults active! Set 'spring.devtools.add-properties' to 'false' to disable
2022-07-02 20:21:16,421 INFO  [restartedMain] DevToolsPropertyDefaultsPostProcessor: For additional web related logging consider setting the 'logging.level.web' property to 'DEBUG'
2022-07-02 20:21:18,051 INFO  [restartedMain] RepositoryConfigurationDelegate: Multiple Spring Data modules found, entering strict repository configuration mode!
2022-07-02 20:21:18,052 INFO  [restartedMain] RepositoryConfigurationDelegate: Bootstrapping Spring Data JPA repositories in DEFAULT mode.
2022-07-02 20:21:18,169 INFO  [restartedMain] RepositoryConfigurationDelegate: Finished Spring Data repository scanning in 111 ms. Found 7 JPA repository interfaces.
2022-07-02 20:21:18,191 INFO  [restartedMain] RepositoryConfigurationDelegate: Multiple Spring Data modules found, entering strict repository configuration mode!
2022-07-02 20:21:18,192 INFO  [restartedMain] RepositoryConfigurationDelegate: Bootstrapping Spring Data Redis repositories in DEFAULT mode.
2022-07-02 20:21:18,209 INFO  [restartedMain] RepositoryConfigurationExtensionSupport: Spring Data Redis - Could not safely identify store assignment for repository candidate interface io.okkio.repository.CategoryRepository. If you want this repository to be a Redis repository, consider annotating your entities with one of these annotations: org.springframework.data.redis.core.RedisHash (preferred), or consider extending one of the following types with your repository: org.springframework.data.keyvalue.repository.KeyValueRepository.
2022-07-02 20:21:18,214 INFO  [restartedMain] RepositoryConfigurationExtensionSupport: Spring Data Redis - Could not safely identify store assignment for repository candidate interface io.okkio.repository.ProductDetailRepository. If you want this repository to be a Redis repository, consider annotating your entities with one of these annotations: org.springframework.data.redis.core.RedisHash (preferred), or consider extending one of the following types with your repository: org.springframework.data.keyvalue.repository.KeyValueRepository.
2022-07-02 20:21:18,215 INFO  [restartedMain] RepositoryConfigurationExtensionSupport: Spring Data Redis - Could not safely identify store assignment for repository candidate interface io.okkio.repository.ProductRepository. If you want this repository to be a Redis repository, consider annotating your entities with one of these annotations: org.springframework.data.redis.core.RedisHash (preferred), or consider extending one of the following types with your repository: org.springframework.data.keyvalue.repository.KeyValueRepository.
2022-07-02 20:21:18,215 INFO  [restartedMain] RepositoryConfigurationExtensionSupport: Spring Data Redis - Could not safely identify store assignment for repository candidate interface io.okkio.repository.RefreshTokenRepository. If you want this repository to be a Redis repository, consider annotating your entities with one of these annotations: org.springframework.data.redis.core.RedisHash (preferred), or consider extending one of the following types with your repository: org.springframework.data.keyvalue.repository.KeyValueRepository.
2022-07-02 20:21:18,216 INFO  [restartedMain] RepositoryConfigurationExtensionSupport: Spring Data Redis - Could not safely identify store assignment for repository candidate interface io.okkio.repository.RoleRepository. If you want this repository to be a Redis repository, consider annotating your entities with one of these annotations: org.springframework.data.redis.core.RedisHash (preferred), or consider extending one of the following types with your repository: org.springframework.data.keyvalue.repository.KeyValueRepository.
2022-07-02 20:21:18,217 INFO  [restartedMain] RepositoryConfigurationExtensionSupport: Spring Data Redis - Could not safely identify store assignment for repository candidate interface io.okkio.repository.UserRepository. If you want this repository to be a Redis repository, consider annotating your entities with one of these annotations: org.springframework.data.redis.core.RedisHash (preferred), or consider extending one of the following types with your repository: org.springframework.data.keyvalue.repository.KeyValueRepository.
2022-07-02 20:21:18,218 INFO  [restartedMain] RepositoryConfigurationExtensionSupport: Spring Data Redis - Could not safely identify store assignment for repository candidate interface io.okkio.repository.UtilRepository. If you want this repository to be a Redis repository, consider annotating your entities with one of these annotations: org.springframework.data.redis.core.RedisHash (preferred), or consider extending one of the following types with your repository: org.springframework.data.keyvalue.repository.KeyValueRepository.
2022-07-02 20:21:18,218 INFO  [restartedMain] RepositoryConfigurationDelegate: Finished Spring Data repository scanning in 20 ms. Found 0 Redis repository interfaces.
2022-07-02 20:21:18,880 INFO  [restartedMain] PostProcessorRegistrationDelegate$BeanPostProcessorChecker: Bean 'org.springframework.security.access.expression.method.DefaultMethodSecurityExpressionHandler@15bf9430' of type [org.springframework.security.access.expression.method.DefaultMethodSecurityExpressionHandler] is not eligible for getting processed by all BeanPostProcessors (for example: not eligible for auto-proxying)
2022-07-02 20:21:18,889 INFO  [restartedMain] PostProcessorRegistrationDelegate$BeanPostProcessorChecker: Bean 'methodSecurityMetadataSource' of type [org.springframework.security.access.method.DelegatingMethodSecurityMetadataSource] is not eligible for getting processed by all BeanPostProcessors (for example: not eligible for auto-proxying)
2022-07-02 20:21:19,222 INFO  [restartedMain] TomcatWebServer: Tomcat initialized with port(s): 8092 (http)
2022-07-02 20:21:19,228 INFO  [restartedMain] StandardService: Starting service [Tomcat]
2022-07-02 20:21:19,229 INFO  [restartedMain] StandardEngine: Starting Servlet engine: [Apache Tomcat/9.0.52]
2022-07-02 20:21:19,312 INFO  [restartedMain] [/]: Initializing Spring embedded WebApplicationContext
2022-07-02 20:21:19,312 INFO  [restartedMain] ServletWebServerApplicationContext: Root WebApplicationContext: initialization completed in 2891 ms
2022-07-02 20:21:19,880 INFO  [restartedMain] HikariDataSource: HikariPool-1 - Starting...
2022-07-02 20:21:20,320 INFO  [restartedMain] HikariDataSource: HikariPool-1 - Start completed.
2022-07-02 20:21:21,169 INFO  [restartedMain] LocalContainerEntityManagerFactoryBean: Initialized JPA EntityManagerFactory for persistence unit 'default'
2022-07-02 20:21:21,243 WARN  [restartedMain] JpaBaseConfiguration$JpaWebConfiguration: spring.jpa.open-in-view is enabled by default. Therefore, database queries may be performed during view rendering. Explicitly configure spring.jpa.open-in-view to disable this warning
2022-07-02 20:21:22,767 INFO  [restartedMain] PropertySourcedRequestMappingHandlerMapping: Mapped URL path [/v2/api-docs] onto method [springfox.documentation.swagger2.web.Swagger2Controller#getDocumentation(String, HttpServletRequest)]
2022-07-02 20:21:22,832 INFO  [restartedMain] UserDetailsServiceAutoConfiguration: 

Using generated security password: 68772db8-a129-46d8-9791-8611090dd6f7

2022-07-02 20:21:22,898 INFO  [restartedMain] DefaultSecurityFilterChain: Will secure any request with [org.springframework.security.web.context.request.async.WebAsyncManagerIntegrationFilter@461dc5fd, org.springframework.security.web.context.SecurityContextPersistenceFilter@54227e83, org.springframework.security.web.header.HeaderWriterFilter@6668878e, org.springframework.web.filter.CorsFilter@54fc5139, org.springframework.security.web.authentication.logout.LogoutFilter@6ae8d0e3, io.okkio.security.JwtAuthenticationFilter@44a08cf5, org.springframework.security.web.savedrequest.RequestCacheAwareFilter@5b28f084, org.springframework.security.web.servletapi.SecurityContextHolderAwareRequestFilter@5db0c7c6, org.springframework.security.web.authentication.AnonymousAuthenticationFilter@407bf2aa, org.springframework.security.web.session.SessionManagementFilter@51d86ea5, org.springframework.security.web.access.ExceptionTranslationFilter@513e8609, org.springframework.security.web.access.intercept.FilterSecurityInterceptor@311e4a1f]
2022-07-02 20:21:23,064 INFO  [restartedMain] OptionalLiveReloadServer: LiveReload server is running on port 35729
2022-07-02 20:21:23,157 WARN  [restartedMain] ThymeleafAutoConfiguration$DefaultTemplateResolverConfiguration: Cannot find template location: classpath:/templates/ (please add some templates or check your Thymeleaf configuration)
2022-07-02 20:21:23,541 INFO  [restartedMain] TomcatWebServer: Tomcat started on port(s): 8092 (http) with context path ''
2022-07-02 20:21:23,543 INFO  [restartedMain] DocumentationPluginsBootstrapper: Context refreshed
2022-07-02 20:21:23,552 INFO  [restartedMain] DocumentationPluginsBootstrapper: Found 1 custom documentation plugin(s)
2022-07-02 20:21:23,580 INFO  [restartedMain] ApiListingReferenceScanner: Scanning for api listing references
2022-07-02 20:21:23,790 INFO  [restartedMain] CachingOperationNameGenerator: Generating unique operation named: addUsingPOST_1
2022-07-02 20:21:23,795 INFO  [restartedMain] CachingOperationNameGenerator: Generating unique operation named: deleteUsingDELETE_1
2022-07-02 20:21:23,799 INFO  [restartedMain] CachingOperationNameGenerator: Generating unique operation named: updateUsingPUT_1
2022-07-02 20:21:23,822 INFO  [restartedMain] CachingOperationNameGenerator: Generating unique operation named: addUsingPOST_2
2022-07-02 20:21:23,823 INFO  [restartedMain] CachingOperationNameGenerator: Generating unique operation named: deleteUsingDELETE_2
2022-07-02 20:21:23,851 INFO  [restartedMain] CachingOperationNameGenerator: Generating unique operation named: updateUsingPUT_2
2022-07-02 20:21:23,856 INFO  [restartedMain] CachingOperationNameGenerator: Generating unique operation named: insertUsingPOST_1
2022-07-02 20:21:23,863 INFO  [restartedMain] CachingOperationNameGenerator: Generating unique operation named: addUsingPOST_3
2022-07-02 20:21:23,870 INFO  [restartedMain] CachingOperationNameGenerator: Generating unique operation named: deleteUsingDELETE_3
2022-07-02 20:21:23,873 INFO  [restartedMain] CachingOperationNameGenerator: Generating unique operation named: updateUsingPUT_3
2022-07-02 20:21:23,901 INFO  [restartedMain] OkkioApplication: Started OkkioApplication in 8.832 seconds (JVM running for 11.323)
2022-07-02 20:21:53,159 INFO  [http-nio-8092-exec-2] [/]: Initializing Spring DispatcherServlet 'dispatcherServlet'
2022-07-02 20:21:53,162 INFO  [http-nio-8092-exec-2] DispatcherServlet: Initializing Servlet 'dispatcherServlet'
2022-07-02 20:21:53,173 INFO  [http-nio-8092-exec-2] DispatcherServlet: Completed initialization in 10 ms
2022-07-02 20:21:53,272 ERROR [http-nio-8092-exec-2] JwtTokenProvider: Expired JWT tokenJWT expired at 2022-07-02T20:14:31Z. Current time: 2022-07-02T20:21:53Z, a difference of 442269 milliseconds.  Allowed clock skew: 0 milliseconds.
2022-07-02 20:37:58,841 INFO  [restartedMain] OkkioApplication: Starting OkkioApplication using Java 13.0.8 on Ais-MacBook-Pro.local with PID 75742 (/Users/aitd/IdeaProjects/okkio-be/okkio-api/target/classes started by aitd in /Users/aitd/IdeaProjects/okkio-be)
2022-07-02 20:37:58,846 INFO  [restartedMain] OkkioApplication: The following profiles are active: swagger,dev
2022-07-02 20:37:58,917 INFO  [restartedMain] DevToolsPropertyDefaultsPostProcessor: Devtools property defaults active! Set 'spring.devtools.add-properties' to 'false' to disable
2022-07-02 20:37:58,918 INFO  [restartedMain] DevToolsPropertyDefaultsPostProcessor: For additional web related logging consider setting the 'logging.level.web' property to 'DEBUG'
2022-07-02 20:38:00,249 INFO  [restartedMain] RepositoryConfigurationDelegate: Multiple Spring Data modules found, entering strict repository configuration mode!
2022-07-02 20:38:00,251 INFO  [restartedMain] RepositoryConfigurationDelegate: Bootstrapping Spring Data JPA repositories in DEFAULT mode.
2022-07-02 20:38:00,379 INFO  [restartedMain] RepositoryConfigurationDelegate: Finished Spring Data repository scanning in 124 ms. Found 7 JPA repository interfaces.
2022-07-02 20:38:00,401 INFO  [restartedMain] RepositoryConfigurationDelegate: Multiple Spring Data modules found, entering strict repository configuration mode!
2022-07-02 20:38:00,402 INFO  [restartedMain] RepositoryConfigurationDelegate: Bootstrapping Spring Data Redis repositories in DEFAULT mode.
2022-07-02 20:38:00,418 INFO  [restartedMain] RepositoryConfigurationExtensionSupport: Spring Data Redis - Could not safely identify store assignment for repository candidate interface io.okkio.repository.CategoryRepository. If you want this repository to be a Redis repository, consider annotating your entities with one of these annotations: org.springframework.data.redis.core.RedisHash (preferred), or consider extending one of the following types with your repository: org.springframework.data.keyvalue.repository.KeyValueRepository.
2022-07-02 20:38:00,423 INFO  [restartedMain] RepositoryConfigurationExtensionSupport: Spring Data Redis - Could not safely identify store assignment for repository candidate interface io.okkio.repository.ProductDetailRepository. If you want this repository to be a Redis repository, consider annotating your entities with one of these annotations: org.springframework.data.redis.core.RedisHash (preferred), or consider extending one of the following types with your repository: org.springframework.data.keyvalue.repository.KeyValueRepository.
2022-07-02 20:38:00,425 INFO  [restartedMain] RepositoryConfigurationExtensionSupport: Spring Data Redis - Could not safely identify store assignment for repository candidate interface io.okkio.repository.ProductRepository. If you want this repository to be a Redis repository, consider annotating your entities with one of these annotations: org.springframework.data.redis.core.RedisHash (preferred), or consider extending one of the following types with your repository: org.springframework.data.keyvalue.repository.KeyValueRepository.
2022-07-02 20:38:00,425 INFO  [restartedMain] RepositoryConfigurationExtensionSupport: Spring Data Redis - Could not safely identify store assignment for repository candidate interface io.okkio.repository.RefreshTokenRepository. If you want this repository to be a Redis repository, consider annotating your entities with one of these annotations: org.springframework.data.redis.core.RedisHash (preferred), or consider extending one of the following types with your repository: org.springframework.data.keyvalue.repository.KeyValueRepository.
2022-07-02 20:38:00,426 INFO  [restartedMain] RepositoryConfigurationExtensionSupport: Spring Data Redis - Could not safely identify store assignment for repository candidate interface io.okkio.repository.RoleRepository. If you want this repository to be a Redis repository, consider annotating your entities with one of these annotations: org.springframework.data.redis.core.RedisHash (preferred), or consider extending one of the following types with your repository: org.springframework.data.keyvalue.repository.KeyValueRepository.
2022-07-02 20:38:00,427 INFO  [restartedMain] RepositoryConfigurationExtensionSupport: Spring Data Redis - Could not safely identify store assignment for repository candidate interface io.okkio.repository.UserRepository. If you want this repository to be a Redis repository, consider annotating your entities with one of these annotations: org.springframework.data.redis.core.RedisHash (preferred), or consider extending one of the following types with your repository: org.springframework.data.keyvalue.repository.KeyValueRepository.
2022-07-02 20:38:00,427 INFO  [restartedMain] RepositoryConfigurationExtensionSupport: Spring Data Redis - Could not safely identify store assignment for repository candidate interface io.okkio.repository.UtilRepository. If you want this repository to be a Redis repository, consider annotating your entities with one of these annotations: org.springframework.data.redis.core.RedisHash (preferred), or consider extending one of the following types with your repository: org.springframework.data.keyvalue.repository.KeyValueRepository.
2022-07-02 20:38:00,428 INFO  [restartedMain] RepositoryConfigurationDelegate: Finished Spring Data repository scanning in 20 ms. Found 0 Redis repository interfaces.
2022-07-02 20:38:00,880 INFO  [restartedMain] PostProcessorRegistrationDelegate$BeanPostProcessorChecker: Bean 'org.springframework.security.access.expression.method.DefaultMethodSecurityExpressionHandler@4590e9bb' of type [org.springframework.security.access.expression.method.DefaultMethodSecurityExpressionHandler] is not eligible for getting processed by all BeanPostProcessors (for example: not eligible for auto-proxying)
2022-07-02 20:38:00,886 INFO  [restartedMain] PostProcessorRegistrationDelegate$BeanPostProcessorChecker: Bean 'methodSecurityMetadataSource' of type [org.springframework.security.access.method.DelegatingMethodSecurityMetadataSource] is not eligible for getting processed by all BeanPostProcessors (for example: not eligible for auto-proxying)
2022-07-02 20:38:01,145 INFO  [restartedMain] TomcatWebServer: Tomcat initialized with port(s): 8092 (http)
2022-07-02 20:38:01,152 INFO  [restartedMain] StandardService: Starting service [Tomcat]
2022-07-02 20:38:01,152 INFO  [restartedMain] StandardEngine: Starting Servlet engine: [Apache Tomcat/9.0.52]
2022-07-02 20:38:01,219 INFO  [restartedMain] [/]: Initializing Spring embedded WebApplicationContext
2022-07-02 20:38:01,219 INFO  [restartedMain] ServletWebServerApplicationContext: Root WebApplicationContext: initialization completed in 2301 ms
2022-07-02 20:38:01,743 INFO  [restartedMain] HikariDataSource: HikariPool-1 - Starting...
2022-07-02 20:38:02,104 INFO  [restartedMain] HikariDataSource: HikariPool-1 - Start completed.
2022-07-02 20:38:03,024 INFO  [restartedMain] LocalContainerEntityManagerFactoryBean: Initialized JPA EntityManagerFactory for persistence unit 'default'
2022-07-02 20:38:03,119 WARN  [restartedMain] JpaBaseConfiguration$JpaWebConfiguration: spring.jpa.open-in-view is enabled by default. Therefore, database queries may be performed during view rendering. Explicitly configure spring.jpa.open-in-view to disable this warning
2022-07-02 20:38:04,974 INFO  [restartedMain] PropertySourcedRequestMappingHandlerMapping: Mapped URL path [/v2/api-docs] onto method [springfox.documentation.swagger2.web.Swagger2Controller#getDocumentation(String, HttpServletRequest)]
2022-07-02 20:38:05,039 INFO  [restartedMain] UserDetailsServiceAutoConfiguration: 

Using generated security password: 7205f4d4-6d07-4db1-bb8b-52ea8c1523af

2022-07-02 20:38:05,106 INFO  [restartedMain] DefaultSecurityFilterChain: Will secure any request with [org.springframework.security.web.context.request.async.WebAsyncManagerIntegrationFilter@1aa8c00e, org.springframework.security.web.context.SecurityContextPersistenceFilter@33f510df, org.springframework.security.web.header.HeaderWriterFilter@7f42b51b, org.springframework.web.filter.CorsFilter@35c2141d, org.springframework.security.web.authentication.logout.LogoutFilter@123c6745, io.okkio.security.JwtAuthenticationFilter@2c227a5c, org.springframework.security.web.savedrequest.RequestCacheAwareFilter@77973d22, org.springframework.security.web.servletapi.SecurityContextHolderAwareRequestFilter@ac2cabd, org.springframework.security.web.authentication.AnonymousAuthenticationFilter@2eb2148d, org.springframework.security.web.session.SessionManagementFilter@4ddf5dbd, org.springframework.security.web.access.ExceptionTranslationFilter@2db88499, org.springframework.security.web.access.intercept.FilterSecurityInterceptor@153e35bc]
2022-07-02 20:38:05,281 INFO  [restartedMain] OptionalLiveReloadServer: LiveReload server is running on port 35729
2022-07-02 20:38:05,412 WARN  [restartedMain] ThymeleafAutoConfiguration$DefaultTemplateResolverConfiguration: Cannot find template location: classpath:/templates/ (please add some templates or check your Thymeleaf configuration)
2022-07-02 20:38:05,808 INFO  [restartedMain] TomcatWebServer: Tomcat started on port(s): 8092 (http) with context path ''
2022-07-02 20:38:05,811 INFO  [restartedMain] DocumentationPluginsBootstrapper: Context refreshed
2022-07-02 20:38:05,820 INFO  [restartedMain] DocumentationPluginsBootstrapper: Found 1 custom documentation plugin(s)
2022-07-02 20:38:05,848 INFO  [restartedMain] ApiListingReferenceScanner: Scanning for api listing references
2022-07-02 20:38:06,013 INFO  [restartedMain] CachingOperationNameGenerator: Generating unique operation named: addUsingPOST_1
2022-07-02 20:38:06,018 INFO  [restartedMain] CachingOperationNameGenerator: Generating unique operation named: deleteUsingDELETE_1
2022-07-02 20:38:06,023 INFO  [restartedMain] CachingOperationNameGenerator: Generating unique operation named: updateUsingPUT_1
2022-07-02 20:38:06,045 INFO  [restartedMain] CachingOperationNameGenerator: Generating unique operation named: addUsingPOST_2
2022-07-02 20:38:06,046 INFO  [restartedMain] CachingOperationNameGenerator: Generating unique operation named: deleteUsingDELETE_2
2022-07-02 20:38:06,069 INFO  [restartedMain] CachingOperationNameGenerator: Generating unique operation named: updateUsingPUT_2
2022-07-02 20:38:06,076 INFO  [restartedMain] CachingOperationNameGenerator: Generating unique operation named: insertUsingPOST_1
2022-07-02 20:38:06,083 INFO  [restartedMain] CachingOperationNameGenerator: Generating unique operation named: addUsingPOST_3
2022-07-02 20:38:06,092 INFO  [restartedMain] CachingOperationNameGenerator: Generating unique operation named: deleteUsingDELETE_3
2022-07-02 20:38:06,099 INFO  [restartedMain] CachingOperationNameGenerator: Generating unique operation named: updateUsingPUT_3
2022-07-02 20:38:06,133 INFO  [restartedMain] OkkioApplication: Started OkkioApplication in 8.096 seconds (JVM running for 8.967)
2022-07-02 20:40:37,566 INFO  [http-nio-8092-exec-2] [/]: Initializing Spring DispatcherServlet 'dispatcherServlet'
2022-07-02 20:40:37,572 INFO  [http-nio-8092-exec-2] DispatcherServlet: Initializing Servlet 'dispatcherServlet'
2022-07-02 20:40:37,583 INFO  [http-nio-8092-exec-2] DispatcherServlet: Completed initialization in 11 ms
2022-07-02 20:42:48,005 INFO  [restartedMain] OkkioApplication: Starting OkkioApplication using Java 13.0.8 on Ais-MacBook-Pro.local with PID 75837 (/Users/aitd/IdeaProjects/okkio-be/okkio-api/target/classes started by aitd in /Users/aitd/IdeaProjects/okkio-be)
2022-07-02 20:42:48,010 INFO  [restartedMain] OkkioApplication: The following profiles are active: swagger,dev
2022-07-02 20:42:48,095 INFO  [restartedMain] DevToolsPropertyDefaultsPostProcessor: Devtools property defaults active! Set 'spring.devtools.add-properties' to 'false' to disable
2022-07-02 20:42:48,096 INFO  [restartedMain] DevToolsPropertyDefaultsPostProcessor: For additional web related logging consider setting the 'logging.level.web' property to 'DEBUG'
2022-07-02 20:42:49,391 INFO  [restartedMain] RepositoryConfigurationDelegate: Multiple Spring Data modules found, entering strict repository configuration mode!
2022-07-02 20:42:49,393 INFO  [restartedMain] RepositoryConfigurationDelegate: Bootstrapping Spring Data JPA repositories in DEFAULT mode.
2022-07-02 20:42:49,551 INFO  [restartedMain] RepositoryConfigurationDelegate: Finished Spring Data repository scanning in 145 ms. Found 7 JPA repository interfaces.
2022-07-02 20:42:49,576 INFO  [restartedMain] RepositoryConfigurationDelegate: Multiple Spring Data modules found, entering strict repository configuration mode!
2022-07-02 20:42:49,577 INFO  [restartedMain] RepositoryConfigurationDelegate: Bootstrapping Spring Data Redis repositories in DEFAULT mode.
2022-07-02 20:42:49,595 INFO  [restartedMain] RepositoryConfigurationExtensionSupport: Spring Data Redis - Could not safely identify store assignment for repository candidate interface io.okkio.repository.CategoryRepository. If you want this repository to be a Redis repository, consider annotating your entities with one of these annotations: org.springframework.data.redis.core.RedisHash (preferred), or consider extending one of the following types with your repository: org.springframework.data.keyvalue.repository.KeyValueRepository.
2022-07-02 20:42:49,600 INFO  [restartedMain] RepositoryConfigurationExtensionSupport: Spring Data Redis - Could not safely identify store assignment for repository candidate interface io.okkio.repository.ProductDetailRepository. If you want this repository to be a Redis repository, consider annotating your entities with one of these annotations: org.springframework.data.redis.core.RedisHash (preferred), or consider extending one of the following types with your repository: org.springframework.data.keyvalue.repository.KeyValueRepository.
2022-07-02 20:42:49,602 INFO  [restartedMain] RepositoryConfigurationExtensionSupport: Spring Data Redis - Could not safely identify store assignment for repository candidate interface io.okkio.repository.ProductRepository. If you want this repository to be a Redis repository, consider annotating your entities with one of these annotations: org.springframework.data.redis.core.RedisHash (preferred), or consider extending one of the following types with your repository: org.springframework.data.keyvalue.repository.KeyValueRepository.
2022-07-02 20:42:49,603 INFO  [restartedMain] RepositoryConfigurationExtensionSupport: Spring Data Redis - Could not safely identify store assignment for repository candidate interface io.okkio.repository.RefreshTokenRepository. If you want this repository to be a Redis repository, consider annotating your entities with one of these annotations: org.springframework.data.redis.core.RedisHash (preferred), or consider extending one of the following types with your repository: org.springframework.data.keyvalue.repository.KeyValueRepository.
2022-07-02 20:42:49,604 INFO  [restartedMain] RepositoryConfigurationExtensionSupport: Spring Data Redis - Could not safely identify store assignment for repository candidate interface io.okkio.repository.RoleRepository. If you want this repository to be a Redis repository, consider annotating your entities with one of these annotations: org.springframework.data.redis.core.RedisHash (preferred), or consider extending one of the following types with your repository: org.springframework.data.keyvalue.repository.KeyValueRepository.
2022-07-02 20:42:49,605 INFO  [restartedMain] RepositoryConfigurationExtensionSupport: Spring Data Redis - Could not safely identify store assignment for repository candidate interface io.okkio.repository.UserRepository. If you want this repository to be a Redis repository, consider annotating your entities with one of these annotations: org.springframework.data.redis.core.RedisHash (preferred), or consider extending one of the following types with your repository: org.springframework.data.keyvalue.repository.KeyValueRepository.
2022-07-02 20:42:49,606 INFO  [restartedMain] RepositoryConfigurationExtensionSupport: Spring Data Redis - Could not safely identify store assignment for repository candidate interface io.okkio.repository.UtilRepository. If you want this repository to be a Redis repository, consider annotating your entities with one of these annotations: org.springframework.data.redis.core.RedisHash (preferred), or consider extending one of the following types with your repository: org.springframework.data.keyvalue.repository.KeyValueRepository.
2022-07-02 20:42:49,608 INFO  [restartedMain] RepositoryConfigurationDelegate: Finished Spring Data repository scanning in 25 ms. Found 0 Redis repository interfaces.
2022-07-02 20:42:50,128 INFO  [restartedMain] PostProcessorRegistrationDelegate$BeanPostProcessorChecker: Bean 'org.springframework.security.access.expression.method.DefaultMethodSecurityExpressionHandler@10f7abee' of type [org.springframework.security.access.expression.method.DefaultMethodSecurityExpressionHandler] is not eligible for getting processed by all BeanPostProcessors (for example: not eligible for auto-proxying)
2022-07-02 20:42:50,135 INFO  [restartedMain] PostProcessorRegistrationDelegate$BeanPostProcessorChecker: Bean 'methodSecurityMetadataSource' of type [org.springframework.security.access.method.DelegatingMethodSecurityMetadataSource] is not eligible for getting processed by all BeanPostProcessors (for example: not eligible for auto-proxying)
2022-07-02 20:42:50,412 INFO  [restartedMain] TomcatWebServer: Tomcat initialized with port(s): 8092 (http)
2022-07-02 20:42:50,419 INFO  [restartedMain] StandardService: Starting service [Tomcat]
2022-07-02 20:42:50,420 INFO  [restartedMain] StandardEngine: Starting Servlet engine: [Apache Tomcat/9.0.52]
2022-07-02 20:42:50,497 INFO  [restartedMain] [/]: Initializing Spring embedded WebApplicationContext
2022-07-02 20:42:50,498 INFO  [restartedMain] ServletWebServerApplicationContext: Root WebApplicationContext: initialization completed in 2402 ms
2022-07-02 20:42:51,025 INFO  [restartedMain] HikariDataSource: HikariPool-1 - Starting...
2022-07-02 20:42:51,393 INFO  [restartedMain] HikariDataSource: HikariPool-1 - Start completed.
2022-07-02 20:42:52,223 INFO  [restartedMain] LocalContainerEntityManagerFactoryBean: Initialized JPA EntityManagerFactory for persistence unit 'default'
2022-07-02 20:42:52,299 WARN  [restartedMain] JpaBaseConfiguration$JpaWebConfiguration: spring.jpa.open-in-view is enabled by default. Therefore, database queries may be performed during view rendering. Explicitly configure spring.jpa.open-in-view to disable this warning
2022-07-02 20:42:53,633 INFO  [restartedMain] PropertySourcedRequestMappingHandlerMapping: Mapped URL path [/v2/api-docs] onto method [springfox.documentation.swagger2.web.Swagger2Controller#getDocumentation(String, HttpServletRequest)]
2022-07-02 20:42:53,701 INFO  [restartedMain] UserDetailsServiceAutoConfiguration: 

Using generated security password: 79355c0d-a77e-48f0-872d-0ed1ffe93982

2022-07-02 20:42:53,756 INFO  [restartedMain] DefaultSecurityFilterChain: Will secure any request with [org.springframework.security.web.context.request.async.WebAsyncManagerIntegrationFilter@6d42f95f, org.springframework.security.web.context.SecurityContextPersistenceFilter@4c348ed5, org.springframework.security.web.header.HeaderWriterFilter@366bd624, org.springframework.web.filter.CorsFilter@3176dc24, org.springframework.security.web.authentication.logout.LogoutFilter@56d755b6, io.okkio.security.JwtAuthenticationFilter@512aa24a, org.springframework.security.web.savedrequest.RequestCacheAwareFilter@75963161, org.springframework.security.web.servletapi.SecurityContextHolderAwareRequestFilter@46716315, org.springframework.security.web.authentication.AnonymousAuthenticationFilter@14d4427c, org.springframework.security.web.session.SessionManagementFilter@54be9cf9, org.springframework.security.web.access.ExceptionTranslationFilter@49ba9536, org.springframework.security.web.access.intercept.FilterSecurityInterceptor@22b4082b]
2022-07-02 20:42:53,907 INFO  [restartedMain] OptionalLiveReloadServer: LiveReload server is running on port 35729
2022-07-02 20:42:53,995 WARN  [restartedMain] ThymeleafAutoConfiguration$DefaultTemplateResolverConfiguration: Cannot find template location: classpath:/templates/ (please add some templates or check your Thymeleaf configuration)
2022-07-02 20:42:54,372 INFO  [restartedMain] TomcatWebServer: Tomcat started on port(s): 8092 (http) with context path ''
2022-07-02 20:42:54,374 INFO  [restartedMain] DocumentationPluginsBootstrapper: Context refreshed
2022-07-02 20:42:54,383 INFO  [restartedMain] DocumentationPluginsBootstrapper: Found 1 custom documentation plugin(s)
2022-07-02 20:42:54,414 INFO  [restartedMain] ApiListingReferenceScanner: Scanning for api listing references
2022-07-02 20:42:54,582 INFO  [restartedMain] CachingOperationNameGenerator: Generating unique operation named: addUsingPOST_1
2022-07-02 20:42:54,586 INFO  [restartedMain] CachingOperationNameGenerator: Generating unique operation named: deleteUsingDELETE_1
2022-07-02 20:42:54,591 INFO  [restartedMain] CachingOperationNameGenerator: Generating unique operation named: updateUsingPUT_1
2022-07-02 20:42:54,614 INFO  [restartedMain] CachingOperationNameGenerator: Generating unique operation named: addUsingPOST_2
2022-07-02 20:42:54,615 INFO  [restartedMain] CachingOperationNameGenerator: Generating unique operation named: deleteUsingDELETE_2
2022-07-02 20:42:54,636 INFO  [restartedMain] CachingOperationNameGenerator: Generating unique operation named: updateUsingPUT_2
2022-07-02 20:42:54,643 INFO  [restartedMain] CachingOperationNameGenerator: Generating unique operation named: insertUsingPOST_1
2022-07-02 20:42:54,649 INFO  [restartedMain] CachingOperationNameGenerator: Generating unique operation named: addUsingPOST_3
2022-07-02 20:42:54,657 INFO  [restartedMain] CachingOperationNameGenerator: Generating unique operation named: deleteUsingDELETE_3
2022-07-02 20:42:54,663 INFO  [restartedMain] CachingOperationNameGenerator: Generating unique operation named: updateUsingPUT_3
2022-07-02 20:42:54,696 INFO  [restartedMain] OkkioApplication: Started OkkioApplication in 7.466 seconds (JVM running for 8.576)
2022-07-02 20:43:03,169 INFO  [http-nio-8092-exec-1] [/]: Initializing Spring DispatcherServlet 'dispatcherServlet'
2022-07-02 20:43:03,176 INFO  [http-nio-8092-exec-1] DispatcherServlet: Initializing Servlet 'dispatcherServlet'
2022-07-02 20:43:03,186 INFO  [http-nio-8092-exec-1] DispatcherServlet: Completed initialization in 10 ms
2022-07-02 20:46:05,237 WARN  [http-nio-8092-exec-2] DefaultHandlerExceptionResolver: Resolved [org.springframework.http.converter.HttpMessageNotReadableException: JSON parse error: Cannot deserialize value of type `int` from String "size500": not a valid `int` value; nested exception is com.fasterxml.jackson.databind.exc.InvalidFormatException: Cannot deserialize value of type `int` from String "size500": not a valid `int` value
 at [Source: (PushbackInputStream); line: 5, column: 12] (through reference chain: io.okkio.dto.request.RequestUtilDto["type"])]
2022-07-02 20:53:55,743 ERROR [http-nio-8092-exec-9] JwtTokenProvider: Expired JWT tokenJWT expired at 2022-07-02T20:35:58Z. Current time: 2022-07-02T20:53:55Z, a difference of 1077727 milliseconds.  Allowed clock skew: 0 milliseconds.
2022-07-02 20:55:01,722 ERROR [http-nio-8092-exec-1] JwtTokenProvider: Expired JWT tokenJWT expired at 2022-07-01T11:59:42Z. Current time: 2022-07-02T20:55:01Z, a difference of 118519719 milliseconds.  Allowed clock skew: 0 milliseconds.
2022-07-02 20:55:06,280 WARN  [http-nio-8092-exec-3] ProductDetailServicesImpl: ProductDetailServicesImpl - getProductDetailById null with id: null
2022-07-02 20:55:06,283 WARN  [http-nio-8092-exec-3] ProductDetailServicesImpl: ProductDetailServicesImpl - getProductDetailById null with id: null
2022-07-02 20:55:06,285 WARN  [http-nio-8092-exec-3] ProductDetailServicesImpl: ProductDetailServicesImpl - getProductDetailById null with id: null
2022-07-02 20:55:06,287 WARN  [http-nio-8092-exec-3] ProductDetailServicesImpl: ProductDetailServicesImpl - getProductDetailById null with id: null
2022-07-02 20:55:06,290 WARN  [http-nio-8092-exec-3] ProductDetailServicesImpl: ProductDetailServicesImpl - getProductDetailById null with id: null
2022-07-02 20:55:06,293 WARN  [http-nio-8092-exec-3] ProductDetailServicesImpl: ProductDetailServicesImpl - getProductDetailById null with id: null
2022-07-02 20:55:06,296 WARN  [http-nio-8092-exec-3] ProductDetailServicesImpl: ProductDetailServicesImpl - getProductDetailById null with id: null
2022-07-02 20:55:06,299 WARN  [http-nio-8092-exec-3] ProductDetailServicesImpl: ProductDetailServicesImpl - getProductDetailById null with id: null
2022-07-02 20:55:06,303 WARN  [http-nio-8092-exec-3] ProductDetailServicesImpl: ProductDetailServicesImpl - getProductDetailById null with id: null
2022-07-02 20:55:06,305 WARN  [http-nio-8092-exec-3] ProductDetailServicesImpl: ProductDetailServicesImpl - getProductDetailById null with id: null
2022-07-02 20:55:06,307 WARN  [http-nio-8092-exec-3] ProductDetailServicesImpl: ProductDetailServicesImpl - getProductDetailById null with id: null
2022-07-02 20:55:06,312 WARN  [http-nio-8092-exec-3] ProductDetailServicesImpl: ProductDetailServicesImpl - getProductDetailById null with id: null
2022-07-02 20:55:06,317 WARN  [http-nio-8092-exec-3] ProductDetailServicesImpl: ProductDetailServicesImpl - getProductDetailById null with id: null
2022-07-02 20:55:06,325 WARN  [http-nio-8092-exec-3] ProductDetailServicesImpl: ProductDetailServicesImpl - getProductDetailById null with id: null
2022-07-02 20:55:06,326 WARN  [http-nio-8092-exec-3] ProductDetailServicesImpl: ProductDetailServicesImpl - getProductDetailById null with id: null
2022-07-02 20:55:06,329 WARN  [http-nio-8092-exec-3] ProductDetailServicesImpl: ProductDetailServicesImpl - getProductDetailById null with id: null
2022-07-02 20:55:06,330 WARN  [http-nio-8092-exec-3] ProductDetailServicesImpl: ProductDetailServicesImpl - getProductDetailById null with id: null
2022-07-02 20:55:06,332 WARN  [http-nio-8092-exec-3] ProductDetailServicesImpl: ProductDetailServicesImpl - getProductDetailById null with id: null
2022-07-02 20:55:06,333 WARN  [http-nio-8092-exec-3] ProductDetailServicesImpl: ProductDetailServicesImpl - getProductDetailById null with id: null
2022-07-02 20:55:06,333 WARN  [http-nio-8092-exec-3] ProductDetailServicesImpl: ProductDetailServicesImpl - getProductDetailById null with id: null
2022-07-02 20:55:06,334 WARN  [http-nio-8092-exec-3] ProductDetailServicesImpl: ProductDetailServicesImpl - getProductDetailById null with id: null
2022-07-02 20:55:06,335 WARN  [http-nio-8092-exec-3] ProductDetailServicesImpl: ProductDetailServicesImpl - getProductDetailById null with id: null
2022-07-02 20:55:06,336 WARN  [http-nio-8092-exec-3] ProductDetailServicesImpl: ProductDetailServicesImpl - getProductDetailById null with id: null
2022-07-02 20:55:06,337 WARN  [http-nio-8092-exec-3] ProductDetailServicesImpl: ProductDetailServicesImpl - getProductDetailById null with id: null
2022-07-02 20:55:06,339 WARN  [http-nio-8092-exec-3] ProductDetailServicesImpl: ProductDetailServicesImpl - getProductDetailById null with id: null
2022-07-02 20:55:06,341 WARN  [http-nio-8092-exec-3] ProductDetailServicesImpl: ProductDetailServicesImpl - getProductDetailById null with id: null
2022-07-02 20:55:06,342 WARN  [http-nio-8092-exec-3] ProductDetailServicesImpl: ProductDetailServicesImpl - getProductDetailById null with id: null
2022-07-02 20:55:06,351 WARN  [http-nio-8092-exec-3] ProductDetailServicesImpl: ProductDetailServicesImpl - getProductDetailById null with id: null
2022-07-02 20:55:06,353 WARN  [http-nio-8092-exec-3] ProductDetailServicesImpl: ProductDetailServicesImpl - getProductDetailById null with id: null
2022-07-02 20:55:06,355 WARN  [http-nio-8092-exec-3] ProductDetailServicesImpl: ProductDetailServicesImpl - getProductDetailById null with id: null
2022-07-02 20:58:49,028 WARN  [HikariPool-1 housekeeper] HikariPool: HikariPool-1 - Thread starvation or clock leap detected (housekeeper delta=1m57s404ms).
2022-07-02 21:26:06,031 INFO  [restartedMain] OkkioApplication: Starting OkkioApplication using Java 13.0.8 on Ais-MacBook-Pro.local with PID 76293 (/Users/aitd/IdeaProjects/okkio-be/okkio-api/target/classes started by aitd in /Users/aitd/IdeaProjects/okkio-be)
2022-07-02 21:26:06,056 INFO  [restartedMain] OkkioApplication: The following profiles are active: swagger,dev
2022-07-02 21:26:06,483 INFO  [restartedMain] DevToolsPropertyDefaultsPostProcessor: Devtools property defaults active! Set 'spring.devtools.add-properties' to 'false' to disable
2022-07-02 21:26:06,485 INFO  [restartedMain] DevToolsPropertyDefaultsPostProcessor: For additional web related logging consider setting the 'logging.level.web' property to 'DEBUG'
2022-07-02 21:26:10,012 INFO  [restartedMain] RepositoryConfigurationDelegate: Multiple Spring Data modules found, entering strict repository configuration mode!
2022-07-02 21:26:10,017 INFO  [restartedMain] RepositoryConfigurationDelegate: Bootstrapping Spring Data JPA repositories in DEFAULT mode.
2022-07-02 21:26:10,426 INFO  [restartedMain] RepositoryConfigurationDelegate: Finished Spring Data repository scanning in 399 ms. Found 7 JPA repository interfaces.
2022-07-02 21:26:10,495 INFO  [restartedMain] RepositoryConfigurationDelegate: Multiple Spring Data modules found, entering strict repository configuration mode!
2022-07-02 21:26:10,497 INFO  [restartedMain] RepositoryConfigurationDelegate: Bootstrapping Spring Data Redis repositories in DEFAULT mode.
2022-07-02 21:26:10,543 INFO  [restartedMain] RepositoryConfigurationExtensionSupport: Spring Data Redis - Could not safely identify store assignment for repository candidate interface io.okkio.repository.CategoryRepository. If you want this repository to be a Redis repository, consider annotating your entities with one of these annotations: org.springframework.data.redis.core.RedisHash (preferred), or consider extending one of the following types with your repository: org.springframework.data.keyvalue.repository.KeyValueRepository.
2022-07-02 21:26:10,554 INFO  [restartedMain] RepositoryConfigurationExtensionSupport: Spring Data Redis - Could not safely identify store assignment for repository candidate interface io.okkio.repository.ProductDetailRepository. If you want this repository to be a Redis repository, consider annotating your entities with one of these annotations: org.springframework.data.redis.core.RedisHash (preferred), or consider extending one of the following types with your repository: org.springframework.data.keyvalue.repository.KeyValueRepository.
2022-07-02 21:26:10,562 INFO  [restartedMain] RepositoryConfigurationExtensionSupport: Spring Data Redis - Could not safely identify store assignment for repository candidate interface io.okkio.repository.ProductRepository. If you want this repository to be a Redis repository, consider annotating your entities with one of these annotations: org.springframework.data.redis.core.RedisHash (preferred), or consider extending one of the following types with your repository: org.springframework.data.keyvalue.repository.KeyValueRepository.
2022-07-02 21:26:10,568 INFO  [restartedMain] RepositoryConfigurationExtensionSupport: Spring Data Redis - Could not safely identify store assignment for repository candidate interface io.okkio.repository.RefreshTokenRepository. If you want this repository to be a Redis repository, consider annotating your entities with one of these annotations: org.springframework.data.redis.core.RedisHash (preferred), or consider extending one of the following types with your repository: org.springframework.data.keyvalue.repository.KeyValueRepository.
2022-07-02 21:26:10,570 INFO  [restartedMain] RepositoryConfigurationExtensionSupport: Spring Data Redis - Could not safely identify store assignment for repository candidate interface io.okkio.repository.RoleRepository. If you want this repository to be a Redis repository, consider annotating your entities with one of these annotations: org.springframework.data.redis.core.RedisHash (preferred), or consider extending one of the following types with your repository: org.springframework.data.keyvalue.repository.KeyValueRepository.
2022-07-02 21:26:10,572 INFO  [restartedMain] RepositoryConfigurationExtensionSupport: Spring Data Redis - Could not safely identify store assignment for repository candidate interface io.okkio.repository.UserRepository. If you want this repository to be a Redis repository, consider annotating your entities with one of these annotations: org.springframework.data.redis.core.RedisHash (preferred), or consider extending one of the following types with your repository: org.springframework.data.keyvalue.repository.KeyValueRepository.
2022-07-02 21:26:10,572 INFO  [restartedMain] RepositoryConfigurationExtensionSupport: Spring Data Redis - Could not safely identify store assignment for repository candidate interface io.okkio.repository.UtilRepository. If you want this repository to be a Redis repository, consider annotating your entities with one of these annotations: org.springframework.data.redis.core.RedisHash (preferred), or consider extending one of the following types with your repository: org.springframework.data.keyvalue.repository.KeyValueRepository.
2022-07-02 21:26:10,574 INFO  [restartedMain] RepositoryConfigurationDelegate: Finished Spring Data repository scanning in 61 ms. Found 0 Redis repository interfaces.
2022-07-02 21:26:11,448 INFO  [restartedMain] PostProcessorRegistrationDelegate$BeanPostProcessorChecker: Bean 'org.springframework.security.access.expression.method.DefaultMethodSecurityExpressionHandler@fae129e' of type [org.springframework.security.access.expression.method.DefaultMethodSecurityExpressionHandler] is not eligible for getting processed by all BeanPostProcessors (for example: not eligible for auto-proxying)
2022-07-02 21:26:11,458 INFO  [restartedMain] PostProcessorRegistrationDelegate$BeanPostProcessorChecker: Bean 'methodSecurityMetadataSource' of type [org.springframework.security.access.method.DelegatingMethodSecurityMetadataSource] is not eligible for getting processed by all BeanPostProcessors (for example: not eligible for auto-proxying)
2022-07-02 21:26:11,905 INFO  [restartedMain] TomcatWebServer: Tomcat initialized with port(s): 8092 (http)
2022-07-02 21:26:11,911 INFO  [restartedMain] StandardService: Starting service [Tomcat]
2022-07-02 21:26:11,911 INFO  [restartedMain] StandardEngine: Starting Servlet engine: [Apache Tomcat/9.0.52]
2022-07-02 21:26:11,995 INFO  [restartedMain] [/]: Initializing Spring embedded WebApplicationContext
2022-07-02 21:26:11,996 INFO  [restartedMain] ServletWebServerApplicationContext: Root WebApplicationContext: initialization completed in 5511 ms
2022-07-02 21:26:12,642 INFO  [restartedMain] HikariDataSource: HikariPool-1 - Starting...
2022-07-02 21:26:13,067 INFO  [restartedMain] HikariDataSource: HikariPool-1 - Start completed.
2022-07-02 21:26:14,204 INFO  [restartedMain] LocalContainerEntityManagerFactoryBean: Initialized JPA EntityManagerFactory for persistence unit 'default'
2022-07-02 21:26:14,292 WARN  [restartedMain] JpaBaseConfiguration$JpaWebConfiguration: spring.jpa.open-in-view is enabled by default. Therefore, database queries may be performed during view rendering. Explicitly configure spring.jpa.open-in-view to disable this warning
2022-07-02 21:26:16,481 INFO  [restartedMain] PropertySourcedRequestMappingHandlerMapping: Mapped URL path [/v2/api-docs] onto method [springfox.documentation.swagger2.web.Swagger2Controller#getDocumentation(String, HttpServletRequest)]
2022-07-02 21:26:16,559 INFO  [restartedMain] UserDetailsServiceAutoConfiguration: 

Using generated security password: 8cbc05ec-7c8f-4334-9f70-cdf2b9f03422

2022-07-02 21:26:16,618 INFO  [restartedMain] DefaultSecurityFilterChain: Will secure any request with [org.springframework.security.web.context.request.async.WebAsyncManagerIntegrationFilter@3903adc7, org.springframework.security.web.context.SecurityContextPersistenceFilter@545ac1ca, org.springframework.security.web.header.HeaderWriterFilter@15a759fc, org.springframework.web.filter.CorsFilter@5fd9779e, org.springframework.security.web.authentication.logout.LogoutFilter@1a17fd2f, io.okkio.security.JwtAuthenticationFilter@8fc5c7a, org.springframework.security.web.savedrequest.RequestCacheAwareFilter@6a166a60, org.springframework.security.web.servletapi.SecurityContextHolderAwareRequestFilter@133878ba, org.springframework.security.web.authentication.AnonymousAuthenticationFilter@56eccaae, org.springframework.security.web.session.SessionManagementFilter@9d095a6, org.springframework.security.web.access.ExceptionTranslationFilter@29d00b4e, org.springframework.security.web.access.intercept.FilterSecurityInterceptor@231a4d48]
2022-07-02 21:26:16,771 INFO  [restartedMain] OptionalLiveReloadServer: LiveReload server is running on port 35729
2022-07-02 21:26:16,870 WARN  [restartedMain] ThymeleafAutoConfiguration$DefaultTemplateResolverConfiguration: Cannot find template location: classpath:/templates/ (please add some templates or check your Thymeleaf configuration)
2022-07-02 21:26:17,275 INFO  [restartedMain] TomcatWebServer: Tomcat started on port(s): 8092 (http) with context path ''
2022-07-02 21:26:17,277 INFO  [restartedMain] DocumentationPluginsBootstrapper: Context refreshed
2022-07-02 21:26:17,286 INFO  [restartedMain] DocumentationPluginsBootstrapper: Found 1 custom documentation plugin(s)
2022-07-02 21:26:17,325 INFO  [restartedMain] ApiListingReferenceScanner: Scanning for api listing references
2022-07-02 21:26:17,482 INFO  [restartedMain] CachingOperationNameGenerator: Generating unique operation named: addUsingPOST_1
2022-07-02 21:26:17,487 INFO  [restartedMain] CachingOperationNameGenerator: Generating unique operation named: deleteUsingDELETE_1
2022-07-02 21:26:17,492 INFO  [restartedMain] CachingOperationNameGenerator: Generating unique operation named: updateUsingPUT_1
2022-07-02 21:26:17,517 INFO  [restartedMain] CachingOperationNameGenerator: Generating unique operation named: addUsingPOST_2
2022-07-02 21:26:17,518 INFO  [restartedMain] CachingOperationNameGenerator: Generating unique operation named: deleteUsingDELETE_2
2022-07-02 21:26:17,539 INFO  [restartedMain] CachingOperationNameGenerator: Generating unique operation named: updateUsingPUT_2
2022-07-02 21:26:17,546 INFO  [restartedMain] CachingOperationNameGenerator: Generating unique operation named: insertUsingPOST_1
2022-07-02 21:26:17,553 INFO  [restartedMain] CachingOperationNameGenerator: Generating unique operation named: addUsingPOST_3
2022-07-02 21:26:17,561 INFO  [restartedMain] CachingOperationNameGenerator: Generating unique operation named: deleteUsingDELETE_3
2022-07-02 21:26:17,568 INFO  [restartedMain] CachingOperationNameGenerator: Generating unique operation named: updateUsingPUT_3
2022-07-02 21:26:17,603 INFO  [restartedMain] OkkioApplication: Started OkkioApplication in 12.632 seconds (JVM running for 13.721)
2022-07-02 21:26:21,237 INFO  [http-nio-8092-exec-2] [/]: Initializing Spring DispatcherServlet 'dispatcherServlet'
2022-07-02 21:26:21,243 INFO  [http-nio-8092-exec-2] DispatcherServlet: Initializing Servlet 'dispatcherServlet'
2022-07-02 21:26:21,257 INFO  [http-nio-8092-exec-2] DispatcherServlet: Completed initialization in 12 ms
2022-07-02 21:26:44,725 WARN  [http-nio-8092-exec-3] ProductDetailServicesImpl: ProductDetailServicesImpl - getProductDetailById null with id: null
2022-07-02 21:26:44,730 WARN  [http-nio-8092-exec-3] ProductDetailServicesImpl: ProductDetailServicesImpl - getProductDetailById null with id: null
2022-07-02 21:26:44,733 WARN  [http-nio-8092-exec-3] ProductDetailServicesImpl: ProductDetailServicesImpl - getProductDetailById null with id: null
2022-07-02 21:26:44,736 WARN  [http-nio-8092-exec-3] ProductDetailServicesImpl: ProductDetailServicesImpl - getProductDetailById null with id: null
2022-07-02 21:26:44,737 WARN  [http-nio-8092-exec-3] ProductDetailServicesImpl: ProductDetailServicesImpl - getProductDetailById null with id: null
2022-07-02 21:26:44,740 WARN  [http-nio-8092-exec-3] ProductDetailServicesImpl: ProductDetailServicesImpl - getProductDetailById null with id: null
2022-07-02 21:26:44,742 WARN  [http-nio-8092-exec-3] ProductDetailServicesImpl: ProductDetailServicesImpl - getProductDetailById null with id: null
2022-07-02 21:26:44,744 WARN  [http-nio-8092-exec-3] ProductDetailServicesImpl: ProductDetailServicesImpl - getProductDetailById null with id: null
2022-07-02 21:26:44,747 WARN  [http-nio-8092-exec-3] ProductDetailServicesImpl: ProductDetailServicesImpl - getProductDetailById null with id: null
2022-07-02 21:26:44,750 WARN  [http-nio-8092-exec-3] ProductDetailServicesImpl: ProductDetailServicesImpl - getProductDetailById null with id: null
2022-07-02 21:26:44,752 WARN  [http-nio-8092-exec-3] ProductDetailServicesImpl: ProductDetailServicesImpl - getProductDetailById null with id: null
2022-07-02 21:26:44,754 WARN  [http-nio-8092-exec-3] ProductDetailServicesImpl: ProductDetailServicesImpl - getProductDetailById null with id: null
2022-07-02 21:26:44,758 WARN  [http-nio-8092-exec-3] ProductDetailServicesImpl: ProductDetailServicesImpl - getProductDetailById null with id: null
2022-07-02 21:26:44,772 WARN  [http-nio-8092-exec-3] ProductDetailServicesImpl: ProductDetailServicesImpl - getProductDetailById null with id: null
2022-07-02 21:26:44,775 WARN  [http-nio-8092-exec-3] ProductDetailServicesImpl: ProductDetailServicesImpl - getProductDetailById null with id: null
2022-07-02 21:26:44,777 WARN  [http-nio-8092-exec-3] ProductDetailServicesImpl: ProductDetailServicesImpl - getProductDetailById null with id: null
2022-07-02 21:26:44,779 WARN  [http-nio-8092-exec-3] ProductDetailServicesImpl: ProductDetailServicesImpl - getProductDetailById null with id: null
2022-07-02 21:26:44,781 WARN  [http-nio-8092-exec-3] ProductDetailServicesImpl: ProductDetailServicesImpl - getProductDetailById null with id: null
2022-07-02 21:26:44,784 WARN  [http-nio-8092-exec-3] ProductDetailServicesImpl: ProductDetailServicesImpl - getProductDetailById null with id: null
2022-07-02 21:26:44,786 WARN  [http-nio-8092-exec-3] ProductDetailServicesImpl: ProductDetailServicesImpl - getProductDetailById null with id: null
2022-07-02 21:26:44,788 WARN  [http-nio-8092-exec-3] ProductDetailServicesImpl: ProductDetailServicesImpl - getProductDetailById null with id: null
2022-07-02 21:26:44,791 WARN  [http-nio-8092-exec-3] ProductDetailServicesImpl: ProductDetailServicesImpl - getProductDetailById null with id: null
2022-07-02 21:26:44,794 WARN  [http-nio-8092-exec-3] ProductDetailServicesImpl: ProductDetailServicesImpl - getProductDetailById null with id: null
2022-07-02 21:26:44,797 WARN  [http-nio-8092-exec-3] ProductDetailServicesImpl: ProductDetailServicesImpl - getProductDetailById null with id: null
2022-07-02 21:26:44,803 WARN  [http-nio-8092-exec-3] ProductDetailServicesImpl: ProductDetailServicesImpl - getProductDetailById null with id: null
2022-07-02 21:26:44,806 WARN  [http-nio-8092-exec-3] ProductDetailServicesImpl: ProductDetailServicesImpl - getProductDetailById null with id: null
2022-07-02 21:26:44,808 WARN  [http-nio-8092-exec-3] ProductDetailServicesImpl: ProductDetailServicesImpl - getProductDetailById null with id: null
2022-07-02 21:26:44,824 WARN  [http-nio-8092-exec-3] ProductDetailServicesImpl: ProductDetailServicesImpl - getProductDetailById null with id: null
2022-07-02 21:26:44,828 WARN  [http-nio-8092-exec-3] ProductDetailServicesImpl: ProductDetailServicesImpl - getProductDetailById null with id: null
2022-07-02 21:26:44,831 WARN  [http-nio-8092-exec-3] ProductDetailServicesImpl: ProductDetailServicesImpl - getProductDetailById null with id: null
2022-07-02 21:28:19,770 INFO  [restartedMain] OkkioApplication: Starting OkkioApplication using Java 13.0.8 on Ais-MacBook-Pro.local with PID 76314 (/Users/aitd/IdeaProjects/okkio-be/okkio-api/target/classes started by aitd in /Users/aitd/IdeaProjects/okkio-be)
2022-07-02 21:28:19,777 INFO  [restartedMain] OkkioApplication: The following profiles are active: swagger,dev
2022-07-02 21:28:19,851 INFO  [restartedMain] DevToolsPropertyDefaultsPostProcessor: Devtools property defaults active! Set 'spring.devtools.add-properties' to 'false' to disable
2022-07-02 21:28:19,852 INFO  [restartedMain] DevToolsPropertyDefaultsPostProcessor: For additional web related logging consider setting the 'logging.level.web' property to 'DEBUG'
2022-07-02 21:28:21,339 INFO  [restartedMain] RepositoryConfigurationDelegate: Multiple Spring Data modules found, entering strict repository configuration mode!
2022-07-02 21:28:21,342 INFO  [restartedMain] RepositoryConfigurationDelegate: Bootstrapping Spring Data JPA repositories in DEFAULT mode.
2022-07-02 21:28:21,544 INFO  [restartedMain] RepositoryConfigurationDelegate: Finished Spring Data repository scanning in 185 ms. Found 7 JPA repository interfaces.
2022-07-02 21:28:21,627 INFO  [restartedMain] RepositoryConfigurationDelegate: Multiple Spring Data modules found, entering strict repository configuration mode!
2022-07-02 21:28:21,629 INFO  [restartedMain] RepositoryConfigurationDelegate: Bootstrapping Spring Data Redis repositories in DEFAULT mode.
2022-07-02 21:28:21,662 INFO  [restartedMain] RepositoryConfigurationExtensionSupport: Spring Data Redis - Could not safely identify store assignment for repository candidate interface io.okkio.repository.CategoryRepository. If you want this repository to be a Redis repository, consider annotating your entities with one of these annotations: org.springframework.data.redis.core.RedisHash (preferred), or consider extending one of the following types with your repository: org.springframework.data.keyvalue.repository.KeyValueRepository.
2022-07-02 21:28:21,675 INFO  [restartedMain] RepositoryConfigurationExtensionSupport: Spring Data Redis - Could not safely identify store assignment for repository candidate interface io.okkio.repository.ProductDetailRepository. If you want this repository to be a Redis repository, consider annotating your entities with one of these annotations: org.springframework.data.redis.core.RedisHash (preferred), or consider extending one of the following types with your repository: org.springframework.data.keyvalue.repository.KeyValueRepository.
2022-07-02 21:28:21,680 INFO  [restartedMain] RepositoryConfigurationExtensionSupport: Spring Data Redis - Could not safely identify store assignment for repository candidate interface io.okkio.repository.ProductRepository. If you want this repository to be a Redis repository, consider annotating your entities with one of these annotations: org.springframework.data.redis.core.RedisHash (preferred), or consider extending one of the following types with your repository: org.springframework.data.keyvalue.repository.KeyValueRepository.
2022-07-02 21:28:21,685 INFO  [restartedMain] RepositoryConfigurationExtensionSupport: Spring Data Redis - Could not safely identify store assignment for repository candidate interface io.okkio.repository.RefreshTokenRepository. If you want this repository to be a Redis repository, consider annotating your entities with one of these annotations: org.springframework.data.redis.core.RedisHash (preferred), or consider extending one of the following types with your repository: org.springframework.data.keyvalue.repository.KeyValueRepository.
2022-07-02 21:28:21,686 INFO  [restartedMain] RepositoryConfigurationExtensionSupport: Spring Data Redis - Could not safely identify store assignment for repository candidate interface io.okkio.repository.RoleRepository. If you want this repository to be a Redis repository, consider annotating your entities with one of these annotations: org.springframework.data.redis.core.RedisHash (preferred), or consider extending one of the following types with your repository: org.springframework.data.keyvalue.repository.KeyValueRepository.
2022-07-02 21:28:21,688 INFO  [restartedMain] RepositoryConfigurationExtensionSupport: Spring Data Redis - Could not safely identify store assignment for repository candidate interface io.okkio.repository.UserRepository. If you want this repository to be a Redis repository, consider annotating your entities with one of these annotations: org.springframework.data.redis.core.RedisHash (preferred), or consider extending one of the following types with your repository: org.springframework.data.keyvalue.repository.KeyValueRepository.
2022-07-02 21:28:21,688 INFO  [restartedMain] RepositoryConfigurationExtensionSupport: Spring Data Redis - Could not safely identify store assignment for repository candidate interface io.okkio.repository.UtilRepository. If you want this repository to be a Redis repository, consider annotating your entities with one of these annotations: org.springframework.data.redis.core.RedisHash (preferred), or consider extending one of the following types with your repository: org.springframework.data.keyvalue.repository.KeyValueRepository.
2022-07-02 21:28:21,689 INFO  [restartedMain] RepositoryConfigurationDelegate: Finished Spring Data repository scanning in 49 ms. Found 0 Redis repository interfaces.
2022-07-02 21:28:23,851 INFO  [restartedMain] PostProcessorRegistrationDelegate$BeanPostProcessorChecker: Bean 'org.springframework.security.access.expression.method.DefaultMethodSecurityExpressionHandler@28f42e1b' of type [org.springframework.security.access.expression.method.DefaultMethodSecurityExpressionHandler] is not eligible for getting processed by all BeanPostProcessors (for example: not eligible for auto-proxying)
2022-07-02 21:28:23,879 INFO  [restartedMain] PostProcessorRegistrationDelegate$BeanPostProcessorChecker: Bean 'methodSecurityMetadataSource' of type [org.springframework.security.access.method.DelegatingMethodSecurityMetadataSource] is not eligible for getting processed by all BeanPostProcessors (for example: not eligible for auto-proxying)
2022-07-02 21:28:24,618 INFO  [restartedMain] TomcatWebServer: Tomcat initialized with port(s): 8092 (http)
2022-07-02 21:28:24,630 INFO  [restartedMain] StandardService: Starting service [Tomcat]
2022-07-02 21:28:24,631 INFO  [restartedMain] StandardEngine: Starting Servlet engine: [Apache Tomcat/9.0.52]
2022-07-02 21:28:24,753 INFO  [restartedMain] [/]: Initializing Spring embedded WebApplicationContext
2022-07-02 21:28:24,754 INFO  [restartedMain] ServletWebServerApplicationContext: Root WebApplicationContext: initialization completed in 4902 ms
2022-07-02 21:28:25,511 INFO  [restartedMain] HikariDataSource: HikariPool-1 - Starting...
2022-07-02 21:28:25,873 INFO  [restartedMain] HikariDataSource: HikariPool-1 - Start completed.
2022-07-02 21:28:26,748 INFO  [restartedMain] LocalContainerEntityManagerFactoryBean: Initialized JPA EntityManagerFactory for persistence unit 'default'
2022-07-02 21:28:26,824 WARN  [restartedMain] JpaBaseConfiguration$JpaWebConfiguration: spring.jpa.open-in-view is enabled by default. Therefore, database queries may be performed during view rendering. Explicitly configure spring.jpa.open-in-view to disable this warning
2022-07-02 21:28:28,217 INFO  [restartedMain] PropertySourcedRequestMappingHandlerMapping: Mapped URL path [/v2/api-docs] onto method [springfox.documentation.swagger2.web.Swagger2Controller#getDocumentation(String, HttpServletRequest)]
2022-07-02 21:28:28,280 INFO  [restartedMain] UserDetailsServiceAutoConfiguration: 

Using generated security password: 33352508-ecd0-4d6b-9757-335e94c95b62

2022-07-02 21:28:28,349 INFO  [restartedMain] DefaultSecurityFilterChain: Will secure any request with [org.springframework.security.web.context.request.async.WebAsyncManagerIntegrationFilter@1ee0ce49, org.springframework.security.web.context.SecurityContextPersistenceFilter@49e43113, org.springframework.security.web.header.HeaderWriterFilter@352eb31f, org.springframework.web.filter.CorsFilter@271873aa, org.springframework.security.web.authentication.logout.LogoutFilter@1f537f1a, io.okkio.security.JwtAuthenticationFilter@792fed55, org.springframework.security.web.savedrequest.RequestCacheAwareFilter@2d336c29, org.springframework.security.web.servletapi.SecurityContextHolderAwareRequestFilter@ed8b343, org.springframework.security.web.authentication.AnonymousAuthenticationFilter@19b9bd78, org.springframework.security.web.session.SessionManagementFilter@7a59b955, org.springframework.security.web.access.ExceptionTranslationFilter@11be4a52, org.springframework.security.web.access.intercept.FilterSecurityInterceptor@49d958a7]
2022-07-02 21:28:28,511 INFO  [restartedMain] OptionalLiveReloadServer: LiveReload server is running on port 35729
2022-07-02 21:28:28,595 WARN  [restartedMain] ThymeleafAutoConfiguration$DefaultTemplateResolverConfiguration: Cannot find template location: classpath:/templates/ (please add some templates or check your Thymeleaf configuration)
2022-07-02 21:28:28,995 INFO  [restartedMain] TomcatWebServer: Tomcat started on port(s): 8092 (http) with context path ''
2022-07-02 21:28:28,997 INFO  [restartedMain] DocumentationPluginsBootstrapper: Context refreshed
2022-07-02 21:28:29,014 INFO  [restartedMain] DocumentationPluginsBootstrapper: Found 1 custom documentation plugin(s)
2022-07-02 21:28:29,044 INFO  [restartedMain] ApiListingReferenceScanner: Scanning for api listing references
2022-07-02 21:28:29,201 INFO  [restartedMain] CachingOperationNameGenerator: Generating unique operation named: addUsingPOST_1
2022-07-02 21:28:29,206 INFO  [restartedMain] CachingOperationNameGenerator: Generating unique operation named: deleteUsingDELETE_1
2022-07-02 21:28:29,211 INFO  [restartedMain] CachingOperationNameGenerator: Generating unique operation named: updateUsingPUT_1
2022-07-02 21:28:29,235 INFO  [restartedMain] CachingOperationNameGenerator: Generating unique operation named: addUsingPOST_2
2022-07-02 21:28:29,236 INFO  [restartedMain] CachingOperationNameGenerator: Generating unique operation named: deleteUsingDELETE_2
2022-07-02 21:28:29,261 INFO  [restartedMain] CachingOperationNameGenerator: Generating unique operation named: updateUsingPUT_2
2022-07-02 21:28:29,268 INFO  [restartedMain] CachingOperationNameGenerator: Generating unique operation named: insertUsingPOST_1
2022-07-02 21:28:29,276 INFO  [restartedMain] CachingOperationNameGenerator: Generating unique operation named: addUsingPOST_3
2022-07-02 21:28:29,287 INFO  [restartedMain] CachingOperationNameGenerator: Generating unique operation named: deleteUsingDELETE_3
2022-07-02 21:28:29,298 INFO  [restartedMain] CachingOperationNameGenerator: Generating unique operation named: updateUsingPUT_3
2022-07-02 21:28:29,328 INFO  [restartedMain] OkkioApplication: Started OkkioApplication in 10.256 seconds (JVM running for 11.238)
2022-07-02 21:28:36,421 INFO  [http-nio-8092-exec-2] [/]: Initializing Spring DispatcherServlet 'dispatcherServlet'
2022-07-02 21:28:36,427 INFO  [http-nio-8092-exec-2] DispatcherServlet: Initializing Servlet 'dispatcherServlet'
2022-07-02 21:28:36,437 INFO  [http-nio-8092-exec-2] DispatcherServlet: Completed initialization in 9 ms
2022-07-02 21:37:02,956 INFO  [restartedMain] OkkioApplication: Starting OkkioApplication using Java 13.0.8 on Ais-MacBook-Pro.local with PID 76459 (/Users/aitd/IdeaProjects/okkio-be/okkio-api/target/classes started by aitd in /Users/aitd/IdeaProjects/okkio-be)
2022-07-02 21:37:02,961 INFO  [restartedMain] OkkioApplication: The following profiles are active: swagger,dev
2022-07-02 21:37:03,031 INFO  [restartedMain] DevToolsPropertyDefaultsPostProcessor: Devtools property defaults active! Set 'spring.devtools.add-properties' to 'false' to disable
2022-07-02 21:37:03,031 INFO  [restartedMain] DevToolsPropertyDefaultsPostProcessor: For additional web related logging consider setting the 'logging.level.web' property to 'DEBUG'
2022-07-02 21:37:04,913 INFO  [restartedMain] RepositoryConfigurationDelegate: Multiple Spring Data modules found, entering strict repository configuration mode!
2022-07-02 21:37:04,915 INFO  [restartedMain] RepositoryConfigurationDelegate: Bootstrapping Spring Data JPA repositories in DEFAULT mode.
2022-07-02 21:37:05,036 INFO  [restartedMain] RepositoryConfigurationDelegate: Finished Spring Data repository scanning in 116 ms. Found 7 JPA repository interfaces.
2022-07-02 21:37:05,059 INFO  [restartedMain] RepositoryConfigurationDelegate: Multiple Spring Data modules found, entering strict repository configuration mode!
2022-07-02 21:37:05,060 INFO  [restartedMain] RepositoryConfigurationDelegate: Bootstrapping Spring Data Redis repositories in DEFAULT mode.
2022-07-02 21:37:05,076 INFO  [restartedMain] RepositoryConfigurationExtensionSupport: Spring Data Redis - Could not safely identify store assignment for repository candidate interface io.okkio.repository.CategoryRepository. If you want this repository to be a Redis repository, consider annotating your entities with one of these annotations: org.springframework.data.redis.core.RedisHash (preferred), or consider extending one of the following types with your repository: org.springframework.data.keyvalue.repository.KeyValueRepository.
2022-07-02 21:37:05,081 INFO  [restartedMain] RepositoryConfigurationExtensionSupport: Spring Data Redis - Could not safely identify store assignment for repository candidate interface io.okkio.repository.ProductDetailRepository. If you want this repository to be a Redis repository, consider annotating your entities with one of these annotations: org.springframework.data.redis.core.RedisHash (preferred), or consider extending one of the following types with your repository: org.springframework.data.keyvalue.repository.KeyValueRepository.
2022-07-02 21:37:05,082 INFO  [restartedMain] RepositoryConfigurationExtensionSupport: Spring Data Redis - Could not safely identify store assignment for repository candidate interface io.okkio.repository.ProductRepository. If you want this repository to be a Redis repository, consider annotating your entities with one of these annotations: org.springframework.data.redis.core.RedisHash (preferred), or consider extending one of the following types with your repository: org.springframework.data.keyvalue.repository.KeyValueRepository.
2022-07-02 21:37:05,083 INFO  [restartedMain] RepositoryConfigurationExtensionSupport: Spring Data Redis - Could not safely identify store assignment for repository candidate interface io.okkio.repository.RefreshTokenRepository. If you want this repository to be a Redis repository, consider annotating your entities with one of these annotations: org.springframework.data.redis.core.RedisHash (preferred), or consider extending one of the following types with your repository: org.springframework.data.keyvalue.repository.KeyValueRepository.
2022-07-02 21:37:05,084 INFO  [restartedMain] RepositoryConfigurationExtensionSupport: Spring Data Redis - Could not safely identify store assignment for repository candidate interface io.okkio.repository.RoleRepository. If you want this repository to be a Redis repository, consider annotating your entities with one of these annotations: org.springframework.data.redis.core.RedisHash (preferred), or consider extending one of the following types with your repository: org.springframework.data.keyvalue.repository.KeyValueRepository.
2022-07-02 21:37:05,085 INFO  [restartedMain] RepositoryConfigurationExtensionSupport: Spring Data Redis - Could not safely identify store assignment for repository candidate interface io.okkio.repository.UserRepository. If you want this repository to be a Redis repository, consider annotating your entities with one of these annotations: org.springframework.data.redis.core.RedisHash (preferred), or consider extending one of the following types with your repository: org.springframework.data.keyvalue.repository.KeyValueRepository.
2022-07-02 21:37:05,086 INFO  [restartedMain] RepositoryConfigurationExtensionSupport: Spring Data Redis - Could not safely identify store assignment for repository candidate interface io.okkio.repository.UtilRepository. If you want this repository to be a Redis repository, consider annotating your entities with one of these annotations: org.springframework.data.redis.core.RedisHash (preferred), or consider extending one of the following types with your repository: org.springframework.data.keyvalue.repository.KeyValueRepository.
2022-07-02 21:37:05,086 INFO  [restartedMain] RepositoryConfigurationDelegate: Finished Spring Data repository scanning in 21 ms. Found 0 Redis repository interfaces.
2022-07-02 21:37:05,589 INFO  [restartedMain] PostProcessorRegistrationDelegate$BeanPostProcessorChecker: Bean 'org.springframework.security.access.expression.method.DefaultMethodSecurityExpressionHandler@68fb98e8' of type [org.springframework.security.access.expression.method.DefaultMethodSecurityExpressionHandler] is not eligible for getting processed by all BeanPostProcessors (for example: not eligible for auto-proxying)
2022-07-02 21:37:05,596 INFO  [restartedMain] PostProcessorRegistrationDelegate$BeanPostProcessorChecker: Bean 'methodSecurityMetadataSource' of type [org.springframework.security.access.method.DelegatingMethodSecurityMetadataSource] is not eligible for getting processed by all BeanPostProcessors (for example: not eligible for auto-proxying)
2022-07-02 21:37:05,892 INFO  [restartedMain] TomcatWebServer: Tomcat initialized with port(s): 8092 (http)
2022-07-02 21:37:05,897 INFO  [restartedMain] StandardService: Starting service [Tomcat]
2022-07-02 21:37:05,897 INFO  [restartedMain] StandardEngine: Starting Servlet engine: [Apache Tomcat/9.0.52]
2022-07-02 21:37:05,966 INFO  [restartedMain] [/]: Initializing Spring embedded WebApplicationContext
2022-07-02 21:37:05,967 INFO  [restartedMain] ServletWebServerApplicationContext: Root WebApplicationContext: initialization completed in 2936 ms
2022-07-02 21:37:06,540 INFO  [restartedMain] HikariDataSource: HikariPool-1 - Starting...
2022-07-02 21:37:06,946 INFO  [restartedMain] HikariDataSource: HikariPool-1 - Start completed.
2022-07-02 21:37:07,758 INFO  [restartedMain] LocalContainerEntityManagerFactoryBean: Initialized JPA EntityManagerFactory for persistence unit 'default'
2022-07-02 21:37:07,825 WARN  [restartedMain] JpaBaseConfiguration$JpaWebConfiguration: spring.jpa.open-in-view is enabled by default. Therefore, database queries may be performed during view rendering. Explicitly configure spring.jpa.open-in-view to disable this warning
2022-07-02 21:37:09,255 INFO  [restartedMain] PropertySourcedRequestMappingHandlerMapping: Mapped URL path [/v2/api-docs] onto method [springfox.documentation.swagger2.web.Swagger2Controller#getDocumentation(String, HttpServletRequest)]
2022-07-02 21:37:09,319 INFO  [restartedMain] UserDetailsServiceAutoConfiguration: 

Using generated security password: 2101b8cc-821e-4769-8813-a91ea1ca5d20

2022-07-02 21:37:09,376 INFO  [restartedMain] DefaultSecurityFilterChain: Will secure any request with [org.springframework.security.web.context.request.async.WebAsyncManagerIntegrationFilter@200e251b, org.springframework.security.web.context.SecurityContextPersistenceFilter@4642bc76, org.springframework.security.web.header.HeaderWriterFilter@4b7335ba, org.springframework.web.filter.CorsFilter@5921ce06, org.springframework.security.web.authentication.logout.LogoutFilter@4154b3c2, io.okkio.security.JwtAuthenticationFilter@571ec543, org.springframework.security.web.savedrequest.RequestCacheAwareFilter@6435ff1a, org.springframework.security.web.servletapi.SecurityContextHolderAwareRequestFilter@3508ed5b, org.springframework.security.web.authentication.AnonymousAuthenticationFilter@1074b011, org.springframework.security.web.session.SessionManagementFilter@7e7d6571, org.springframework.security.web.access.ExceptionTranslationFilter@6dee2801, org.springframework.security.web.access.intercept.FilterSecurityInterceptor@3c6507f]
2022-07-02 21:37:09,535 INFO  [restartedMain] OptionalLiveReloadServer: LiveReload server is running on port 35729
2022-07-02 21:37:09,631 WARN  [restartedMain] ThymeleafAutoConfiguration$DefaultTemplateResolverConfiguration: Cannot find template location: classpath:/templates/ (please add some templates or check your Thymeleaf configuration)
2022-07-02 21:37:10,005 INFO  [restartedMain] TomcatWebServer: Tomcat started on port(s): 8092 (http) with context path ''
2022-07-02 21:37:10,008 INFO  [restartedMain] DocumentationPluginsBootstrapper: Context refreshed
2022-07-02 21:37:10,016 INFO  [restartedMain] DocumentationPluginsBootstrapper: Found 1 custom documentation plugin(s)
2022-07-02 21:37:10,044 INFO  [restartedMain] ApiListingReferenceScanner: Scanning for api listing references
2022-07-02 21:37:10,200 INFO  [restartedMain] CachingOperationNameGenerator: Generating unique operation named: addUsingPOST_1
2022-07-02 21:37:10,204 INFO  [restartedMain] CachingOperationNameGenerator: Generating unique operation named: deleteUsingDELETE_1
2022-07-02 21:37:10,208 INFO  [restartedMain] CachingOperationNameGenerator: Generating unique operation named: updateUsingPUT_1
2022-07-02 21:37:10,231 INFO  [restartedMain] CachingOperationNameGenerator: Generating unique operation named: addUsingPOST_2
2022-07-02 21:37:10,233 INFO  [restartedMain] CachingOperationNameGenerator: Generating unique operation named: deleteUsingDELETE_2
2022-07-02 21:37:10,267 INFO  [restartedMain] CachingOperationNameGenerator: Generating unique operation named: updateUsingPUT_2
2022-07-02 21:37:10,275 INFO  [restartedMain] CachingOperationNameGenerator: Generating unique operation named: insertUsingPOST_1
2022-07-02 21:37:10,281 INFO  [restartedMain] CachingOperationNameGenerator: Generating unique operation named: addUsingPOST_3
2022-07-02 21:37:10,288 INFO  [restartedMain] CachingOperationNameGenerator: Generating unique operation named: deleteUsingDELETE_3
2022-07-02 21:37:10,294 INFO  [restartedMain] CachingOperationNameGenerator: Generating unique operation named: updateUsingPUT_3
2022-07-02 21:37:10,324 INFO  [restartedMain] OkkioApplication: Started OkkioApplication in 8.115 seconds (JVM running for 9.173)
2022-07-02 21:37:15,556 INFO  [http-nio-8092-exec-1] [/]: Initializing Spring DispatcherServlet 'dispatcherServlet'
2022-07-02 21:37:15,584 INFO  [http-nio-8092-exec-1] DispatcherServlet: Initializing Servlet 'dispatcherServlet'
2022-07-02 21:37:15,614 INFO  [http-nio-8092-exec-1] DispatcherServlet: Completed initialization in 29 ms
2022-07-02 21:37:19,618 WARN  [http-nio-8092-exec-1] EmailServicesImpl: Don't send mail: javax.mail.AuthenticationFailedException: 535-5.7.8 Username and Password not accepted. Learn more at
535 5.7.8  https://support.google.com/mail/?p=BadCredentials u8-20020a170902e80800b0015e8d4eb285sm8042225plg.207 - gsmtp

2022-07-02 21:39:53,277 WARN  [http-nio-8092-exec-4] EmailServicesImpl: Don't send mail: javax.mail.AuthenticationFailedException: 535-5.7.8 Username and Password not accepted. Learn more at
535 5.7.8  https://support.google.com/mail/?p=BadCredentials w8-20020a170902e88800b0016403cae7desm402362plg.276 - gsmtp

2022-07-02 21:46:48,084 WARN  [http-nio-8092-exec-8] EmailServicesImpl: Don't send mail: javax.mail.AuthenticationFailedException: 535-5.7.8 Username and Password not accepted. Learn more at
535 5.7.8  https://support.google.com/mail/?p=BadCredentials t19-20020a63dd13000000b00401a9bc0f33sm17158061pgg.85 - gsmtp

2022-07-02 21:47:21,425 WARN  [http-nio-8092-exec-9] EmailServicesImpl: Don't send mail: javax.mail.AuthenticationFailedException: 535-5.7.8 Username and Password not accepted. Learn more at
535 5.7.8  https://support.google.com/mail/?p=BadCredentials u9-20020a170902e80900b0016a163d1cd5sm17716243plg.253 - gsmtp

2022-07-02 21:56:22,913 INFO  [restartedMain] OkkioApplication: Starting OkkioApplication using Java 13.0.8 on Ais-MacBook-Pro.local with PID 76774 (/Users/aitd/IdeaProjects/okkio-be/okkio-api/target/classes started by aitd in /Users/aitd/IdeaProjects/okkio-be)
2022-07-02 21:56:22,919 INFO  [restartedMain] OkkioApplication: The following profiles are active: swagger,dev
2022-07-02 21:56:22,986 INFO  [restartedMain] DevToolsPropertyDefaultsPostProcessor: Devtools property defaults active! Set 'spring.devtools.add-properties' to 'false' to disable
2022-07-02 21:56:22,986 INFO  [restartedMain] DevToolsPropertyDefaultsPostProcessor: For additional web related logging consider setting the 'logging.level.web' property to 'DEBUG'
2022-07-02 21:56:24,439 INFO  [restartedMain] RepositoryConfigurationDelegate: Multiple Spring Data modules found, entering strict repository configuration mode!
2022-07-02 21:56:24,440 INFO  [restartedMain] RepositoryConfigurationDelegate: Bootstrapping Spring Data JPA repositories in DEFAULT mode.
2022-07-02 21:56:24,591 INFO  [restartedMain] RepositoryConfigurationDelegate: Finished Spring Data repository scanning in 144 ms. Found 7 JPA repository interfaces.
2022-07-02 21:56:24,630 INFO  [restartedMain] RepositoryConfigurationDelegate: Multiple Spring Data modules found, entering strict repository configuration mode!
2022-07-02 21:56:24,631 INFO  [restartedMain] RepositoryConfigurationDelegate: Bootstrapping Spring Data Redis repositories in DEFAULT mode.
2022-07-02 21:56:24,662 INFO  [restartedMain] RepositoryConfigurationExtensionSupport: Spring Data Redis - Could not safely identify store assignment for repository candidate interface io.okkio.repository.CategoryRepository. If you want this repository to be a Redis repository, consider annotating your entities with one of these annotations: org.springframework.data.redis.core.RedisHash (preferred), or consider extending one of the following types with your repository: org.springframework.data.keyvalue.repository.KeyValueRepository.
2022-07-02 21:56:24,669 INFO  [restartedMain] RepositoryConfigurationExtensionSupport: Spring Data Redis - Could not safely identify store assignment for repository candidate interface io.okkio.repository.ProductDetailRepository. If you want this repository to be a Redis repository, consider annotating your entities with one of these annotations: org.springframework.data.redis.core.RedisHash (preferred), or consider extending one of the following types with your repository: org.springframework.data.keyvalue.repository.KeyValueRepository.
2022-07-02 21:56:24,671 INFO  [restartedMain] RepositoryConfigurationExtensionSupport: Spring Data Redis - Could not safely identify store assignment for repository candidate interface io.okkio.repository.ProductRepository. If you want this repository to be a Redis repository, consider annotating your entities with one of these annotations: org.springframework.data.redis.core.RedisHash (preferred), or consider extending one of the following types with your repository: org.springframework.data.keyvalue.repository.KeyValueRepository.
2022-07-02 21:56:24,672 INFO  [restartedMain] RepositoryConfigurationExtensionSupport: Spring Data Redis - Could not safely identify store assignment for repository candidate interface io.okkio.repository.RefreshTokenRepository. If you want this repository to be a Redis repository, consider annotating your entities with one of these annotations: org.springframework.data.redis.core.RedisHash (preferred), or consider extending one of the following types with your repository: org.springframework.data.keyvalue.repository.KeyValueRepository.
2022-07-02 21:56:24,673 INFO  [restartedMain] RepositoryConfigurationExtensionSupport: Spring Data Redis - Could not safely identify store assignment for repository candidate interface io.okkio.repository.RoleRepository. If you want this repository to be a Redis repository, consider annotating your entities with one of these annotations: org.springframework.data.redis.core.RedisHash (preferred), or consider extending one of the following types with your repository: org.springframework.data.keyvalue.repository.KeyValueRepository.
2022-07-02 21:56:24,674 INFO  [restartedMain] RepositoryConfigurationExtensionSupport: Spring Data Redis - Could not safely identify store assignment for repository candidate interface io.okkio.repository.UserRepository. If you want this repository to be a Redis repository, consider annotating your entities with one of these annotations: org.springframework.data.redis.core.RedisHash (preferred), or consider extending one of the following types with your repository: org.springframework.data.keyvalue.repository.KeyValueRepository.
2022-07-02 21:56:24,675 INFO  [restartedMain] RepositoryConfigurationExtensionSupport: Spring Data Redis - Could not safely identify store assignment for repository candidate interface io.okkio.repository.UtilRepository. If you want this repository to be a Redis repository, consider annotating your entities with one of these annotations: org.springframework.data.redis.core.RedisHash (preferred), or consider extending one of the following types with your repository: org.springframework.data.keyvalue.repository.KeyValueRepository.
2022-07-02 21:56:24,675 INFO  [restartedMain] RepositoryConfigurationDelegate: Finished Spring Data repository scanning in 33 ms. Found 0 Redis repository interfaces.
2022-07-02 21:56:25,232 INFO  [restartedMain] PostProcessorRegistrationDelegate$BeanPostProcessorChecker: Bean 'org.springframework.security.access.expression.method.DefaultMethodSecurityExpressionHandler@51ac1d0f' of type [org.springframework.security.access.expression.method.DefaultMethodSecurityExpressionHandler] is not eligible for getting processed by all BeanPostProcessors (for example: not eligible for auto-proxying)
2022-07-02 21:56:25,240 INFO  [restartedMain] PostProcessorRegistrationDelegate$BeanPostProcessorChecker: Bean 'methodSecurityMetadataSource' of type [org.springframework.security.access.method.DelegatingMethodSecurityMetadataSource] is not eligible for getting processed by all BeanPostProcessors (for example: not eligible for auto-proxying)
2022-07-02 21:56:25,542 INFO  [restartedMain] TomcatWebServer: Tomcat initialized with port(s): 8092 (http)
2022-07-02 21:56:25,571 INFO  [restartedMain] StandardService: Starting service [Tomcat]
2022-07-02 21:56:25,571 INFO  [restartedMain] StandardEngine: Starting Servlet engine: [Apache Tomcat/9.0.52]
2022-07-02 21:56:25,655 INFO  [restartedMain] [/]: Initializing Spring embedded WebApplicationContext
2022-07-02 21:56:25,656 INFO  [restartedMain] ServletWebServerApplicationContext: Root WebApplicationContext: initialization completed in 2669 ms
2022-07-02 21:56:26,240 INFO  [restartedMain] HikariDataSource: HikariPool-1 - Starting...
2022-07-02 21:56:26,663 INFO  [restartedMain] HikariDataSource: HikariPool-1 - Start completed.
2022-07-02 21:56:27,539 INFO  [restartedMain] LocalContainerEntityManagerFactoryBean: Initialized JPA EntityManagerFactory for persistence unit 'default'
2022-07-02 21:56:27,616 WARN  [restartedMain] JpaBaseConfiguration$JpaWebConfiguration: spring.jpa.open-in-view is enabled by default. Therefore, database queries may be performed during view rendering. Explicitly configure spring.jpa.open-in-view to disable this warning
2022-07-02 21:56:29,063 INFO  [restartedMain] PropertySourcedRequestMappingHandlerMapping: Mapped URL path [/v2/api-docs] onto method [springfox.documentation.swagger2.web.Swagger2Controller#getDocumentation(String, HttpServletRequest)]
2022-07-02 21:56:29,149 INFO  [restartedMain] UserDetailsServiceAutoConfiguration: 

Using generated security password: 7cf10558-45ba-4e88-b5fc-2cc7af3a49b9

2022-07-02 21:56:29,245 INFO  [restartedMain] DefaultSecurityFilterChain: Will secure any request with [org.springframework.security.web.context.request.async.WebAsyncManagerIntegrationFilter@31dfd07e, org.springframework.security.web.context.SecurityContextPersistenceFilter@4ebe5d5b, org.springframework.security.web.header.HeaderWriterFilter@4460bb58, org.springframework.web.filter.CorsFilter@29d187b1, org.springframework.security.web.authentication.logout.LogoutFilter@1d17ce5d, io.okkio.security.JwtAuthenticationFilter@350d81a, org.springframework.security.web.savedrequest.RequestCacheAwareFilter@2cf90065, org.springframework.security.web.servletapi.SecurityContextHolderAwareRequestFilter@1202fae7, org.springframework.security.web.authentication.AnonymousAuthenticationFilter@67257402, org.springframework.security.web.session.SessionManagementFilter@79be6e1d, org.springframework.security.web.access.ExceptionTranslationFilter@25c66668, org.springframework.security.web.access.intercept.FilterSecurityInterceptor@32c7350b]
2022-07-02 21:56:29,513 INFO  [restartedMain] OptionalLiveReloadServer: LiveReload server is running on port 35729
2022-07-02 21:56:29,775 WARN  [restartedMain] ThymeleafAutoConfiguration$DefaultTemplateResolverConfiguration: Cannot find template location: classpath:/templates/ (please add some templates or check your Thymeleaf configuration)
2022-07-02 21:56:30,346 INFO  [restartedMain] TomcatWebServer: Tomcat started on port(s): 8092 (http) with context path ''
2022-07-02 21:56:30,350 INFO  [restartedMain] DocumentationPluginsBootstrapper: Context refreshed
2022-07-02 21:56:30,366 INFO  [restartedMain] DocumentationPluginsBootstrapper: Found 1 custom documentation plugin(s)
2022-07-02 21:56:30,420 INFO  [restartedMain] ApiListingReferenceScanner: Scanning for api listing references
2022-07-02 21:56:30,746 INFO  [restartedMain] CachingOperationNameGenerator: Generating unique operation named: addUsingPOST_1
2022-07-02 21:56:30,759 INFO  [restartedMain] CachingOperationNameGenerator: Generating unique operation named: deleteUsingDELETE_1
2022-07-02 21:56:30,775 INFO  [restartedMain] CachingOperationNameGenerator: Generating unique operation named: updateUsingPUT_1
2022-07-02 21:56:30,834 INFO  [restartedMain] CachingOperationNameGenerator: Generating unique operation named: addUsingPOST_2
2022-07-02 21:56:30,844 INFO  [restartedMain] CachingOperationNameGenerator: Generating unique operation named: deleteUsingDELETE_2
2022-07-02 21:56:30,897 INFO  [restartedMain] CachingOperationNameGenerator: Generating unique operation named: updateUsingPUT_2
2022-07-02 21:56:30,911 INFO  [restartedMain] CachingOperationNameGenerator: Generating unique operation named: insertUsingPOST_1
2022-07-02 21:56:30,924 INFO  [restartedMain] CachingOperationNameGenerator: Generating unique operation named: addUsingPOST_3
2022-07-02 21:56:30,937 INFO  [restartedMain] CachingOperationNameGenerator: Generating unique operation named: deleteUsingDELETE_3
2022-07-02 21:56:30,949 INFO  [restartedMain] CachingOperationNameGenerator: Generating unique operation named: updateUsingPUT_3
2022-07-02 21:56:31,021 INFO  [restartedMain] OkkioApplication: Started OkkioApplication in 9.266 seconds (JVM running for 11.876)
2022-07-02 21:56:35,418 INFO  [http-nio-8092-exec-2] [/]: Initializing Spring DispatcherServlet 'dispatcherServlet'
2022-07-02 21:56:35,422 INFO  [http-nio-8092-exec-2] DispatcherServlet: Initializing Servlet 'dispatcherServlet'
2022-07-02 21:56:35,434 INFO  [http-nio-8092-exec-2] DispatcherServlet: Completed initialization in 12 ms
2022-07-02 21:56:35,555 ERROR [http-nio-8092-exec-2] JwtTokenProvider: Expired JWT tokenJWT expired at 2022-07-02T21:47:28Z. Current time: 2022-07-02T21:56:35Z, a difference of 547551 milliseconds.  Allowed clock skew: 0 milliseconds.
2022-07-02 21:56:54,779 INFO  [http-nio-8092-exec-4] EmailServicesImpl: Sent mail - Transport*****
2022-07-02 21:56:54,955 INFO  [http-nio-8092-exec-4] UserServicesImpl: Sent mail*****
