2022-07-01 08:37:18,918 INFO  [restartedMain] OkkioApplication: Starting OkkioApplication using Java 13.0.8 on Ais-MacBook-Pro.local with PID 65664 (/Users/aitd/IdeaProjects/okkio-be/okkio-api/target/classes started by aitd in /Users/aitd/IdeaProjects/okkio-be)
2022-07-01 08:37:18,935 INFO  [restartedMain] OkkioApplication: The following profiles are active: swagger,dev
2022-07-01 08:37:19,025 INFO  [restartedMain] DevToolsPropertyDefaultsPostProcessor: Devtools property defaults active! Set 'spring.devtools.add-properties' to 'false' to disable
2022-07-01 08:37:19,025 INFO  [restartedMain] DevToolsPropertyDefaultsPostProcessor: For additional web related logging consider setting the 'logging.level.web' property to 'DEBUG'
2022-07-01 08:37:21,732 INFO  [restartedMain] RepositoryConfigurationDelegate: Multiple Spring Data modules found, entering strict repository configuration mode!
2022-07-01 08:37:21,735 INFO  [restartedMain] RepositoryConfigurationDelegate: Bootstrapping Spring Data JPA repositories in DEFAULT mode.
2022-07-01 08:37:21,879 INFO  [restartedMain] RepositoryConfigurationDelegate: Finished Spring Data repository scanning in 133 ms. Found 7 JPA repository interfaces.
2022-07-01 08:37:21,909 INFO  [restartedMain] RepositoryConfigurationDelegate: Multiple Spring Data modules found, entering strict repository configuration mode!
2022-07-01 08:37:21,910 INFO  [restartedMain] RepositoryConfigurationDelegate: Bootstrapping Spring Data Redis repositories in DEFAULT mode.
2022-07-01 08:37:21,934 INFO  [restartedMain] RepositoryConfigurationExtensionSupport: Spring Data Redis - Could not safely identify store assignment for repository candidate interface io.okkio.repository.CategoryRepository. If you want this repository to be a Redis repository, consider annotating your entities with one of these annotations: org.springframework.data.redis.core.RedisHash (preferred), or consider extending one of the following types with your repository: org.springframework.data.keyvalue.repository.KeyValueRepository.
2022-07-01 08:37:21,936 INFO  [restartedMain] RepositoryConfigurationExtensionSupport: Spring Data Redis - Could not safely identify store assignment for repository candidate interface io.okkio.repository.ProductDetailRepository. If you want this repository to be a Redis repository, consider annotating your entities with one of these annotations: org.springframework.data.redis.core.RedisHash (preferred), or consider extending one of the following types with your repository: org.springframework.data.keyvalue.repository.KeyValueRepository.
2022-07-01 08:37:21,938 INFO  [restartedMain] RepositoryConfigurationExtensionSupport: Spring Data Redis - Could not safely identify store assignment for repository candidate interface io.okkio.repository.ProductRepository. If you want this repository to be a Redis repository, consider annotating your entities with one of these annotations: org.springframework.data.redis.core.RedisHash (preferred), or consider extending one of the following types with your repository: org.springframework.data.keyvalue.repository.KeyValueRepository.
2022-07-01 08:37:21,938 INFO  [restartedMain] RepositoryConfigurationExtensionSupport: Spring Data Redis - Could not safely identify store assignment for repository candidate interface io.okkio.repository.RefreshTokenRepository. If you want this repository to be a Redis repository, consider annotating your entities with one of these annotations: org.springframework.data.redis.core.RedisHash (preferred), or consider extending one of the following types with your repository: org.springframework.data.keyvalue.repository.KeyValueRepository.
2022-07-01 08:37:21,943 INFO  [restartedMain] RepositoryConfigurationExtensionSupport: Spring Data Redis - Could not safely identify store assignment for repository candidate interface io.okkio.repository.RoleRepository. If you want this repository to be a Redis repository, consider annotating your entities with one of these annotations: org.springframework.data.redis.core.RedisHash (preferred), or consider extending one of the following types with your repository: org.springframework.data.keyvalue.repository.KeyValueRepository.
2022-07-01 08:37:21,945 INFO  [restartedMain] RepositoryConfigurationExtensionSupport: Spring Data Redis - Could not safely identify store assignment for repository candidate interface io.okkio.repository.UserRepository. If you want this repository to be a Redis repository, consider annotating your entities with one of these annotations: org.springframework.data.redis.core.RedisHash (preferred), or consider extending one of the following types with your repository: org.springframework.data.keyvalue.repository.KeyValueRepository.
2022-07-01 08:37:21,946 INFO  [restartedMain] RepositoryConfigurationExtensionSupport: Spring Data Redis - Could not safely identify store assignment for repository candidate interface io.okkio.repository.UtilRepository. If you want this repository to be a Redis repository, consider annotating your entities with one of these annotations: org.springframework.data.redis.core.RedisHash (preferred), or consider extending one of the following types with your repository: org.springframework.data.keyvalue.repository.KeyValueRepository.
2022-07-01 08:37:21,947 INFO  [restartedMain] RepositoryConfigurationDelegate: Finished Spring Data repository scanning in 27 ms. Found 0 Redis repository interfaces.
2022-07-01 08:37:22,508 INFO  [restartedMain] PostProcessorRegistrationDelegate$BeanPostProcessorChecker: Bean 'org.springframework.security.access.expression.method.DefaultMethodSecurityExpressionHandler@7bfa856f' of type [org.springframework.security.access.expression.method.DefaultMethodSecurityExpressionHandler] is not eligible for getting processed by all BeanPostProcessors (for example: not eligible for auto-proxying)
2022-07-01 08:37:22,516 INFO  [restartedMain] PostProcessorRegistrationDelegate$BeanPostProcessorChecker: Bean 'methodSecurityMetadataSource' of type [org.springframework.security.access.method.DelegatingMethodSecurityMetadataSource] is not eligible for getting processed by all BeanPostProcessors (for example: not eligible for auto-proxying)
2022-07-01 08:37:22,813 INFO  [restartedMain] TomcatWebServer: Tomcat initialized with port(s): 8092 (http)
2022-07-01 08:37:22,821 INFO  [restartedMain] StandardService: Starting service [Tomcat]
2022-07-01 08:37:22,821 INFO  [restartedMain] StandardEngine: Starting Servlet engine: [Apache Tomcat/9.0.52]
2022-07-01 08:37:22,900 INFO  [restartedMain] [/]: Initializing Spring embedded WebApplicationContext
2022-07-01 08:37:22,901 INFO  [restartedMain] ServletWebServerApplicationContext: Root WebApplicationContext: initialization completed in 3874 ms
2022-07-01 08:37:23,454 INFO  [restartedMain] HikariDataSource: HikariPool-1 - Starting...
2022-07-01 08:37:23,989 INFO  [restartedMain] HikariDataSource: HikariPool-1 - Start completed.
2022-07-01 08:37:24,877 INFO  [restartedMain] LocalContainerEntityManagerFactoryBean: Initialized JPA EntityManagerFactory for persistence unit 'default'
2022-07-01 08:37:24,955 WARN  [restartedMain] JpaBaseConfiguration$JpaWebConfiguration: spring.jpa.open-in-view is enabled by default. Therefore, database queries may be performed during view rendering. Explicitly configure spring.jpa.open-in-view to disable this warning
2022-07-01 08:37:29,887 INFO  [restartedMain] PropertySourcedRequestMappingHandlerMapping: Mapped URL path [/v2/api-docs] onto method [springfox.documentation.swagger2.web.Swagger2Controller#getDocumentation(String, HttpServletRequest)]
2022-07-01 08:37:30,103 INFO  [restartedMain] UserDetailsServiceAutoConfiguration: 

Using generated security password: 54c6693e-f206-4a64-8fd0-89bcea4344db

2022-07-01 08:37:30,270 INFO  [restartedMain] DefaultSecurityFilterChain: Will secure any request with [org.springframework.security.web.context.request.async.WebAsyncManagerIntegrationFilter@4e3cdfe7, org.springframework.security.web.context.SecurityContextPersistenceFilter@7fc44451, org.springframework.security.web.header.HeaderWriterFilter@2405158c, org.springframework.web.filter.CorsFilter@e101fbb, org.springframework.security.web.authentication.logout.LogoutFilter@5c7522e1, io.okkio.security.JwtAuthenticationFilter@7f5365ee, org.springframework.security.web.savedrequest.RequestCacheAwareFilter@26f48806, org.springframework.security.web.servletapi.SecurityContextHolderAwareRequestFilter@50d16d1b, org.springframework.security.web.authentication.AnonymousAuthenticationFilter@24f7b985, org.springframework.security.web.session.SessionManagementFilter@14081e66, org.springframework.security.web.access.ExceptionTranslationFilter@114f3800, org.springframework.security.web.access.intercept.FilterSecurityInterceptor@3cff7bda]
2022-07-01 08:37:30,932 INFO  [restartedMain] OptionalLiveReloadServer: LiveReload server is running on port 35729
2022-07-01 08:37:31,262 WARN  [restartedMain] ThymeleafAutoConfiguration$DefaultTemplateResolverConfiguration: Cannot find template location: classpath:/templates/ (please add some templates or check your Thymeleaf configuration)
2022-07-01 08:37:31,955 INFO  [restartedMain] TomcatWebServer: Tomcat started on port(s): 8092 (http) with context path ''
2022-07-01 08:37:31,959 INFO  [restartedMain] DocumentationPluginsBootstrapper: Context refreshed
2022-07-01 08:37:31,972 INFO  [restartedMain] DocumentationPluginsBootstrapper: Found 1 custom documentation plugin(s)
2022-07-01 08:37:32,018 INFO  [restartedMain] ApiListingReferenceScanner: Scanning for api listing references
2022-07-01 08:37:32,330 INFO  [restartedMain] CachingOperationNameGenerator: Generating unique operation named: addUsingPOST_1
2022-07-01 08:37:32,337 INFO  [restartedMain] CachingOperationNameGenerator: Generating unique operation named: deleteUsingDELETE_1
2022-07-01 08:37:32,342 INFO  [restartedMain] CachingOperationNameGenerator: Generating unique operation named: updateUsingPUT_1
2022-07-01 08:37:32,368 INFO  [restartedMain] CachingOperationNameGenerator: Generating unique operation named: addUsingPOST_2
2022-07-01 08:37:32,374 INFO  [restartedMain] CachingOperationNameGenerator: Generating unique operation named: deleteUsingDELETE_2
2022-07-01 08:37:32,378 INFO  [restartedMain] CachingOperationNameGenerator: Generating unique operation named: updateUsingPUT_2
2022-07-01 08:37:32,398 INFO  [restartedMain] CachingOperationNameGenerator: Generating unique operation named: insertUsingPOST_1
2022-07-01 08:37:32,402 INFO  [restartedMain] CachingOperationNameGenerator: Generating unique operation named: addUsingPOST_3
2022-07-01 08:37:32,413 INFO  [restartedMain] CachingOperationNameGenerator: Generating unique operation named: deleteUsingDELETE_3
2022-07-01 08:37:32,420 INFO  [restartedMain] CachingOperationNameGenerator: Generating unique operation named: updateUsingPUT_3
2022-07-01 08:37:32,458 INFO  [restartedMain] OkkioApplication: Started OkkioApplication in 14.669 seconds (JVM running for 17.594)
2022-07-01 08:39:59,012 INFO  [http-nio-8092-exec-2] [/]: Initializing Spring DispatcherServlet 'dispatcherServlet'
2022-07-01 08:39:59,016 INFO  [http-nio-8092-exec-2] DispatcherServlet: Initializing Servlet 'dispatcherServlet'
2022-07-01 08:39:59,030 INFO  [http-nio-8092-exec-2] DispatcherServlet: Completed initialization in 14 ms
2022-07-01 08:46:31,803 WARN  [http-nio-8092-exec-5] DefaultHandlerExceptionResolver: Resolved [org.springframework.http.converter.HttpMessageNotReadableException: JSON parse error: Cannot deserialize value of type `java.lang.String` from Array value (token `JsonToken.START_ARRAY`); nested exception is com.fasterxml.jackson.databind.exc.MismatchedInputException: Cannot deserialize value of type `java.lang.String` from Array value (token `JsonToken.START_ARRAY`)
 at [Source: (PushbackInputStream); line: 13, column: 26] (through reference chain: io.okkio.dto.request.RequestProductDetailDto["shippingDelivery"])]
2022-07-01 08:46:54,885 WARN  [http-nio-8092-exec-8] DefaultHandlerExceptionResolver: Resolved [org.springframework.http.converter.HttpMessageNotReadableException: JSON parse error: Unexpected character ('i' (code 105)): was expecting comma to separate Object entries; nested exception is com.fasterxml.jackson.core.JsonParseException: Unexpected character ('i' (code 105)): was expecting comma to separate Object entries
 at [Source: (PushbackInputStream); line: 13, column: 31]]
2022-07-01 08:48:30,473 WARN  [http-nio-8092-exec-10] SqlExceptionHelper: SQL Error: 1406, SQLState: 22001
2022-07-01 08:48:30,475 ERROR [http-nio-8092-exec-10] SqlExceptionHelper: Data truncation: Data too long for column 'shipping_delivery' at row 1
2022-07-01 08:48:30,518 ERROR [http-nio-8092-exec-10] [dispatcherServlet]: Servlet.service() for servlet [dispatcherServlet] in context with path [] threw exception [Request processing failed; nested exception is org.springframework.dao.DataIntegrityViolationException: could not execute statement; SQL [n/a]; nested exception is org.hibernate.exception.DataException: could not execute statement] with root cause
com.mysql.cj.jdbc.exceptions.MysqlDataTruncation: Data truncation: Data too long for column 'shipping_delivery' at row 1
	at com.mysql.cj.jdbc.exceptions.SQLExceptionsMapping.translateException(SQLExceptionsMapping.java:104)
	at com.mysql.cj.jdbc.ClientPreparedStatement.executeInternal(ClientPreparedStatement.java:953)
	at com.mysql.cj.jdbc.ClientPreparedStatement.executeUpdateInternal(ClientPreparedStatement.java:1092)
	at com.mysql.cj.jdbc.ClientPreparedStatement.executeUpdateInternal(ClientPreparedStatement.java:1040)
	at com.mysql.cj.jdbc.ClientPreparedStatement.executeLargeUpdate(ClientPreparedStatement.java:1347)
	at com.mysql.cj.jdbc.ClientPreparedStatement.executeUpdate(ClientPreparedStatement.java:1025)
	at com.zaxxer.hikari.pool.ProxyPreparedStatement.executeUpdate(ProxyPreparedStatement.java:61)
	at com.zaxxer.hikari.pool.HikariProxyPreparedStatement.executeUpdate(HikariProxyPreparedStatement.java)
	at org.hibernate.engine.jdbc.internal.ResultSetReturnImpl.executeUpdate(ResultSetReturnImpl.java:197)
	at org.hibernate.dialect.identity.GetGeneratedKeysDelegate.executeAndExtract(GetGeneratedKeysDelegate.java:57)
	at org.hibernate.id.insert.AbstractReturningDelegate.performInsert(AbstractReturningDelegate.java:43)
	at org.hibernate.persister.entity.AbstractEntityPersister.insert(AbstractEntityPersister.java:3196)
	at org.hibernate.persister.entity.AbstractEntityPersister.insert(AbstractEntityPersister.java:3802)
	at org.hibernate.action.internal.EntityIdentityInsertAction.execute(EntityIdentityInsertAction.java:84)
	at org.hibernate.engine.spi.ActionQueue.execute(ActionQueue.java:645)
	at org.hibernate.engine.spi.ActionQueue.addResolvedEntityInsertAction(ActionQueue.java:282)
	at org.hibernate.engine.spi.ActionQueue.addInsertAction(ActionQueue.java:263)
	at org.hibernate.engine.spi.ActionQueue.addAction(ActionQueue.java:317)
	at org.hibernate.event.internal.AbstractSaveEventListener.addInsertAction(AbstractSaveEventListener.java:330)
	at org.hibernate.event.internal.AbstractSaveEventListener.performSaveOrReplicate(AbstractSaveEventListener.java:287)
	at org.hibernate.event.internal.AbstractSaveEventListener.performSave(AbstractSaveEventListener.java:193)
	at org.hibernate.event.internal.AbstractSaveEventListener.saveWithGeneratedId(AbstractSaveEventListener.java:123)
	at org.hibernate.event.internal.DefaultPersistEventListener.entityIsTransient(DefaultPersistEventListener.java:185)
	at org.hibernate.event.internal.DefaultPersistEventListener.onPersist(DefaultPersistEventListener.java:128)
	at org.hibernate.event.internal.DefaultPersistEventListener.onPersist(DefaultPersistEventListener.java:55)
	at org.hibernate.event.service.internal.EventListenerGroupImpl.fireEventOnEachListener(EventListenerGroupImpl.java:99)
	at org.hibernate.internal.SessionImpl.firePersist(SessionImpl.java:720)
	at org.hibernate.internal.SessionImpl.persist(SessionImpl.java:706)
	at java.base/jdk.internal.reflect.NativeMethodAccessorImpl.invoke0(Native Method)
	at java.base/jdk.internal.reflect.NativeMethodAccessorImpl.invoke(NativeMethodAccessorImpl.java:62)
	at java.base/jdk.internal.reflect.DelegatingMethodAccessorImpl.invoke(DelegatingMethodAccessorImpl.java:43)
	at java.base/java.lang.reflect.Method.invoke(Method.java:567)
	at org.springframework.orm.jpa.ExtendedEntityManagerCreator$ExtendedEntityManagerInvocationHandler.invoke(ExtendedEntityManagerCreator.java:362)
	at com.sun.proxy.$Proxy108.persist(Unknown Source)
	at java.base/jdk.internal.reflect.NativeMethodAccessorImpl.invoke0(Native Method)
	at java.base/jdk.internal.reflect.NativeMethodAccessorImpl.invoke(NativeMethodAccessorImpl.java:62)
	at java.base/jdk.internal.reflect.DelegatingMethodAccessorImpl.invoke(DelegatingMethodAccessorImpl.java:43)
	at java.base/java.lang.reflect.Method.invoke(Method.java:567)
	at org.springframework.orm.jpa.SharedEntityManagerCreator$SharedEntityManagerInvocationHandler.invoke(SharedEntityManagerCreator.java:311)
	at com.sun.proxy.$Proxy108.persist(Unknown Source)
	at org.springframework.data.jpa.repository.support.SimpleJpaRepository.save(SimpleJpaRepository.java:597)
	at java.base/jdk.internal.reflect.NativeMethodAccessorImpl.invoke0(Native Method)
	at java.base/jdk.internal.reflect.NativeMethodAccessorImpl.invoke(NativeMethodAccessorImpl.java:62)
	at java.base/jdk.internal.reflect.DelegatingMethodAccessorImpl.invoke(DelegatingMethodAccessorImpl.java:43)
	at java.base/java.lang.reflect.Method.invoke(Method.java:567)
	at org.springframework.data.repository.core.support.RepositoryMethodInvoker$RepositoryFragmentMethodInvoker.lambda$new$0(RepositoryMethodInvoker.java:289)
	at org.springframework.data.repository.core.support.RepositoryMethodInvoker.doInvoke(RepositoryMethodInvoker.java:137)
	at org.springframework.data.repository.core.support.RepositoryMethodInvoker.invoke(RepositoryMethodInvoker.java:121)
	at org.springframework.data.repository.core.support.RepositoryComposition$RepositoryFragments.invoke(RepositoryComposition.java:529)
	at org.springframework.data.repository.core.support.RepositoryComposition.invoke(RepositoryComposition.java:285)
	at org.springframework.data.repository.core.support.RepositoryFactorySupport$ImplementationMethodExecutionInterceptor.invoke(RepositoryFactorySupport.java:599)
	at org.springframework.aop.framework.ReflectiveMethodInvocation.proceed(ReflectiveMethodInvocation.java:186)
	at org.springframework.data.repository.core.support.QueryExecutorMethodInterceptor.doInvoke(QueryExecutorMethodInterceptor.java:163)
	at org.springframework.data.repository.core.support.QueryExecutorMethodInterceptor.invoke(QueryExecutorMethodInterceptor.java:138)
	at org.springframework.aop.framework.ReflectiveMethodInvocation.proceed(ReflectiveMethodInvocation.java:186)
	at org.springframework.data.projection.DefaultMethodInvokingMethodInterceptor.invoke(DefaultMethodInvokingMethodInterceptor.java:80)
	at org.springframework.aop.framework.ReflectiveMethodInvocation.proceed(ReflectiveMethodInvocation.java:186)
	at org.springframework.transaction.interceptor.TransactionInterceptor$1.proceedWithInvocation(TransactionInterceptor.java:123)
	at org.springframework.transaction.interceptor.TransactionAspectSupport.invokeWithinTransaction(TransactionAspectSupport.java:388)
	at org.springframework.transaction.interceptor.TransactionInterceptor.invoke(TransactionInterceptor.java:119)
	at org.springframework.aop.framework.ReflectiveMethodInvocation.proceed(ReflectiveMethodInvocation.java:186)
	at org.springframework.dao.support.PersistenceExceptionTranslationInterceptor.invoke(PersistenceExceptionTranslationInterceptor.java:137)
	at org.springframework.aop.framework.ReflectiveMethodInvocation.proceed(ReflectiveMethodInvocation.java:186)
	at org.springframework.data.jpa.repository.support.CrudMethodMetadataPostProcessor$CrudMethodMetadataPopulatingMethodInterceptor.invoke(CrudMethodMetadataPostProcessor.java:174)
	at org.springframework.aop.framework.ReflectiveMethodInvocation.proceed(ReflectiveMethodInvocation.java:186)
	at org.springframework.aop.interceptor.ExposeInvocationInterceptor.invoke(ExposeInvocationInterceptor.java:97)
	at org.springframework.aop.framework.ReflectiveMethodInvocation.proceed(ReflectiveMethodInvocation.java:186)
	at org.springframework.aop.framework.JdkDynamicAopProxy.invoke(JdkDynamicAopProxy.java:215)
	at com.sun.proxy.$Proxy126.save(Unknown Source)
	at io.okkio.services.impl.GenericServiceImpl.save(GenericServiceImpl.java:28)
	at io.okkio.services.impl.ProductDetailServicesImpl.addProductDetail(ProductDetailServicesImpl.java:45)
	at io.okkio.controllers.ProductDetailController.add(ProductDetailController.java:42)
	at io.okkio.controllers.ProductDetailController$$FastClassBySpringCGLIB$$76ac8064.invoke(<generated>)
	at org.springframework.cglib.proxy.MethodProxy.invoke(MethodProxy.java:218)
	at org.springframework.aop.framework.CglibAopProxy$CglibMethodInvocation.invokeJoinpoint(CglibAopProxy.java:779)
	at org.springframework.aop.framework.ReflectiveMethodInvocation.proceed(ReflectiveMethodInvocation.java:163)
	at org.springframework.aop.framework.CglibAopProxy$CglibMethodInvocation.proceed(CglibAopProxy.java:750)
	at org.springframework.security.access.intercept.aopalliance.MethodSecurityInterceptor.invoke(MethodSecurityInterceptor.java:61)
	at org.springframework.aop.framework.ReflectiveMethodInvocation.proceed(ReflectiveMethodInvocation.java:186)
	at org.springframework.aop.framework.CglibAopProxy$CglibMethodInvocation.proceed(CglibAopProxy.java:750)
	at org.springframework.aop.framework.CglibAopProxy$DynamicAdvisedInterceptor.intercept(CglibAopProxy.java:692)
	at io.okkio.controllers.ProductDetailController$$EnhancerBySpringCGLIB$$3975330.add(<generated>)
	at java.base/jdk.internal.reflect.NativeMethodAccessorImpl.invoke0(Native Method)
	at java.base/jdk.internal.reflect.NativeMethodAccessorImpl.invoke(NativeMethodAccessorImpl.java:62)
	at java.base/jdk.internal.reflect.DelegatingMethodAccessorImpl.invoke(DelegatingMethodAccessorImpl.java:43)
	at java.base/java.lang.reflect.Method.invoke(Method.java:567)
	at org.springframework.web.method.support.InvocableHandlerMethod.doInvoke(InvocableHandlerMethod.java:197)
	at org.springframework.web.method.support.InvocableHandlerMethod.invokeForRequest(InvocableHandlerMethod.java:141)
	at org.springframework.web.servlet.mvc.method.annotation.ServletInvocableHandlerMethod.invokeAndHandle(ServletInvocableHandlerMethod.java:106)
	at org.springframework.web.servlet.mvc.method.annotation.RequestMappingHandlerAdapter.invokeHandlerMethod(RequestMappingHandlerAdapter.java:895)
	at org.springframework.web.servlet.mvc.method.annotation.RequestMappingHandlerAdapter.handleInternal(RequestMappingHandlerAdapter.java:808)
	at org.springframework.web.servlet.mvc.method.AbstractHandlerMethodAdapter.handle(AbstractHandlerMethodAdapter.java:87)
	at org.springframework.web.servlet.DispatcherServlet.doDispatch(DispatcherServlet.java:1064)
	at org.springframework.web.servlet.DispatcherServlet.doService(DispatcherServlet.java:963)
	at org.springframework.web.servlet.FrameworkServlet.processRequest(FrameworkServlet.java:1006)
	at org.springframework.web.servlet.FrameworkServlet.doPost(FrameworkServlet.java:909)
	at javax.servlet.http.HttpServlet.service(HttpServlet.java:681)
	at org.springframework.web.servlet.FrameworkServlet.service(FrameworkServlet.java:883)
	at javax.servlet.http.HttpServlet.service(HttpServlet.java:764)
	at org.apache.catalina.core.ApplicationFilterChain.internalDoFilter(ApplicationFilterChain.java:227)
	at org.apache.catalina.core.ApplicationFilterChain.doFilter(ApplicationFilterChain.java:162)
	at org.springframework.security.web.FilterChainProxy$VirtualFilterChain.doFilter(FilterChainProxy.java:327)
	at org.springframework.security.web.access.intercept.FilterSecurityInterceptor.invoke(FilterSecurityInterceptor.java:115)
	at org.springframework.security.web.access.intercept.FilterSecurityInterceptor.doFilter(FilterSecurityInterceptor.java:81)
	at org.springframework.security.web.FilterChainProxy$VirtualFilterChain.doFilter(FilterChainProxy.java:336)
	at org.springframework.security.web.access.ExceptionTranslationFilter.doFilter(ExceptionTranslationFilter.java:121)
	at org.springframework.security.web.access.ExceptionTranslationFilter.doFilter(ExceptionTranslationFilter.java:115)
	at org.springframework.security.web.FilterChainProxy$VirtualFilterChain.doFilter(FilterChainProxy.java:336)
	at org.springframework.security.web.session.SessionManagementFilter.doFilter(SessionManagementFilter.java:126)
	at org.springframework.security.web.session.SessionManagementFilter.doFilter(SessionManagementFilter.java:81)
	at org.springframework.security.web.FilterChainProxy$VirtualFilterChain.doFilter(FilterChainProxy.java:336)
	at org.springframework.security.web.authentication.AnonymousAuthenticationFilter.doFilter(AnonymousAuthenticationFilter.java:105)
	at org.springframework.security.web.FilterChainProxy$VirtualFilterChain.doFilter(FilterChainProxy.java:336)
	at org.springframework.security.web.servletapi.SecurityContextHolderAwareRequestFilter.doFilter(SecurityContextHolderAwareRequestFilter.java:149)
	at org.springframework.security.web.FilterChainProxy$VirtualFilterChain.doFilter(FilterChainProxy.java:336)
	at org.springframework.security.web.savedrequest.RequestCacheAwareFilter.doFilter(RequestCacheAwareFilter.java:63)
	at org.springframework.security.web.FilterChainProxy$VirtualFilterChain.doFilter(FilterChainProxy.java:336)
	at io.okkio.security.JwtAuthenticationFilter.doFilterInternal(JwtAuthenticationFilter.java:68)
	at org.springframework.web.filter.OncePerRequestFilter.doFilter(OncePerRequestFilter.java:119)
	at org.springframework.security.web.FilterChainProxy$VirtualFilterChain.doFilter(FilterChainProxy.java:336)
	at org.springframework.security.web.authentication.logout.LogoutFilter.doFilter(LogoutFilter.java:103)
	at org.springframework.security.web.authentication.logout.LogoutFilter.doFilter(LogoutFilter.java:89)
	at org.springframework.security.web.FilterChainProxy$VirtualFilterChain.doFilter(FilterChainProxy.java:336)
	at org.springframework.web.filter.CorsFilter.doFilterInternal(CorsFilter.java:91)
	at org.springframework.web.filter.OncePerRequestFilter.doFilter(OncePerRequestFilter.java:119)
	at org.springframework.security.web.FilterChainProxy$VirtualFilterChain.doFilter(FilterChainProxy.java:336)
	at org.springframework.security.web.header.HeaderWriterFilter.doHeadersAfter(HeaderWriterFilter.java:90)
	at org.springframework.security.web.header.HeaderWriterFilter.doFilterInternal(HeaderWriterFilter.java:75)
	at org.springframework.web.filter.OncePerRequestFilter.doFilter(OncePerRequestFilter.java:119)
	at org.springframework.security.web.FilterChainProxy$VirtualFilterChain.doFilter(FilterChainProxy.java:336)
	at org.springframework.security.web.context.SecurityContextPersistenceFilter.doFilter(SecurityContextPersistenceFilter.java:110)
	at org.springframework.security.web.context.SecurityContextPersistenceFilter.doFilter(SecurityContextPersistenceFilter.java:80)
	at org.springframework.security.web.FilterChainProxy$VirtualFilterChain.doFilter(FilterChainProxy.java:336)
	at org.springframework.security.web.context.request.async.WebAsyncManagerIntegrationFilter.doFilterInternal(WebAsyncManagerIntegrationFilter.java:55)
	at org.springframework.web.filter.OncePerRequestFilter.doFilter(OncePerRequestFilter.java:119)
	at org.springframework.security.web.FilterChainProxy$VirtualFilterChain.doFilter(FilterChainProxy.java:336)
	at org.springframework.security.web.FilterChainProxy.doFilterInternal(FilterChainProxy.java:211)
	at org.springframework.security.web.FilterChainProxy.doFilter(FilterChainProxy.java:183)
	at org.springframework.web.filter.DelegatingFilterProxy.invokeDelegate(DelegatingFilterProxy.java:358)
	at org.springframework.web.filter.DelegatingFilterProxy.doFilter(DelegatingFilterProxy.java:271)
	at org.apache.catalina.core.ApplicationFilterChain.internalDoFilter(ApplicationFilterChain.java:189)
	at org.apache.catalina.core.ApplicationFilterChain.doFilter(ApplicationFilterChain.java:162)
	at org.springframework.web.filter.RequestContextFilter.doFilterInternal(RequestContextFilter.java:100)
	at org.springframework.web.filter.OncePerRequestFilter.doFilter(OncePerRequestFilter.java:119)
	at org.apache.catalina.core.ApplicationFilterChain.internalDoFilter(ApplicationFilterChain.java:189)
	at org.apache.catalina.core.ApplicationFilterChain.doFilter(ApplicationFilterChain.java:162)
	at org.springframework.web.filter.FormContentFilter.doFilterInternal(FormContentFilter.java:93)
	at org.springframework.web.filter.OncePerRequestFilter.doFilter(OncePerRequestFilter.java:119)
	at org.apache.catalina.core.ApplicationFilterChain.internalDoFilter(ApplicationFilterChain.java:189)
	at org.apache.catalina.core.ApplicationFilterChain.doFilter(ApplicationFilterChain.java:162)
	at org.springframework.web.filter.CharacterEncodingFilter.doFilterInternal(CharacterEncodingFilter.java:201)
	at org.springframework.web.filter.OncePerRequestFilter.doFilter(OncePerRequestFilter.java:119)
	at org.apache.catalina.core.ApplicationFilterChain.internalDoFilter(ApplicationFilterChain.java:189)
	at org.apache.catalina.core.ApplicationFilterChain.doFilter(ApplicationFilterChain.java:162)
	at org.apache.catalina.core.StandardWrapperValve.invoke(StandardWrapperValve.java:197)
	at org.apache.catalina.core.StandardContextValve.invoke(StandardContextValve.java:97)
	at org.apache.catalina.authenticator.AuthenticatorBase.invoke(AuthenticatorBase.java:542)
	at org.apache.catalina.core.StandardHostValve.invoke(StandardHostValve.java:135)
	at org.apache.catalina.valves.ErrorReportValve.invoke(ErrorReportValve.java:92)
	at org.apache.catalina.core.StandardEngineValve.invoke(StandardEngineValve.java:78)
	at org.apache.catalina.connector.CoyoteAdapter.service(CoyoteAdapter.java:357)
	at org.apache.coyote.http11.Http11Processor.service(Http11Processor.java:382)
	at org.apache.coyote.AbstractProcessorLight.process(AbstractProcessorLight.java:65)
	at org.apache.coyote.AbstractProtocol$ConnectionHandler.process(AbstractProtocol.java:893)
	at org.apache.tomcat.util.net.NioEndpoint$SocketProcessor.doRun(NioEndpoint.java:1726)
	at org.apache.tomcat.util.net.SocketProcessorBase.run(SocketProcessorBase.java:49)
	at org.apache.tomcat.util.threads.ThreadPoolExecutor.runWorker(ThreadPoolExecutor.java:1191)
	at org.apache.tomcat.util.threads.ThreadPoolExecutor$Worker.run(ThreadPoolExecutor.java:659)
	at org.apache.tomcat.util.threads.TaskThread$WrappingRunnable.run(TaskThread.java:61)
	at java.base/java.lang.Thread.run(Thread.java:830)
2022-07-01 08:55:36,587 INFO  [restartedMain] OkkioApplication: Starting OkkioApplication using Java 13.0.8 on Ais-MacBook-Pro.local with PID 65863 (/Users/aitd/IdeaProjects/okkio-be/okkio-api/target/classes started by aitd in /Users/aitd/IdeaProjects/okkio-be)
2022-07-01 08:55:36,592 INFO  [restartedMain] OkkioApplication: The following profiles are active: swagger,dev
2022-07-01 08:55:36,683 INFO  [restartedMain] DevToolsPropertyDefaultsPostProcessor: Devtools property defaults active! Set 'spring.devtools.add-properties' to 'false' to disable
2022-07-01 08:55:36,683 INFO  [restartedMain] DevToolsPropertyDefaultsPostProcessor: For additional web related logging consider setting the 'logging.level.web' property to 'DEBUG'
2022-07-01 08:55:38,220 INFO  [restartedMain] RepositoryConfigurationDelegate: Multiple Spring Data modules found, entering strict repository configuration mode!
2022-07-01 08:55:38,221 INFO  [restartedMain] RepositoryConfigurationDelegate: Bootstrapping Spring Data JPA repositories in DEFAULT mode.
2022-07-01 08:55:38,362 INFO  [restartedMain] RepositoryConfigurationDelegate: Finished Spring Data repository scanning in 134 ms. Found 7 JPA repository interfaces.
2022-07-01 08:55:38,385 INFO  [restartedMain] RepositoryConfigurationDelegate: Multiple Spring Data modules found, entering strict repository configuration mode!
2022-07-01 08:55:38,385 INFO  [restartedMain] RepositoryConfigurationDelegate: Bootstrapping Spring Data Redis repositories in DEFAULT mode.
2022-07-01 08:55:38,404 INFO  [restartedMain] RepositoryConfigurationExtensionSupport: Spring Data Redis - Could not safely identify store assignment for repository candidate interface io.okkio.repository.CategoryRepository. If you want this repository to be a Redis repository, consider annotating your entities with one of these annotations: org.springframework.data.redis.core.RedisHash (preferred), or consider extending one of the following types with your repository: org.springframework.data.keyvalue.repository.KeyValueRepository.
2022-07-01 08:55:38,406 INFO  [restartedMain] RepositoryConfigurationExtensionSupport: Spring Data Redis - Could not safely identify store assignment for repository candidate interface io.okkio.repository.ProductDetailRepository. If you want this repository to be a Redis repository, consider annotating your entities with one of these annotations: org.springframework.data.redis.core.RedisHash (preferred), or consider extending one of the following types with your repository: org.springframework.data.keyvalue.repository.KeyValueRepository.
2022-07-01 08:55:38,406 INFO  [restartedMain] RepositoryConfigurationExtensionSupport: Spring Data Redis - Could not safely identify store assignment for repository candidate interface io.okkio.repository.ProductRepository. If you want this repository to be a Redis repository, consider annotating your entities with one of these annotations: org.springframework.data.redis.core.RedisHash (preferred), or consider extending one of the following types with your repository: org.springframework.data.keyvalue.repository.KeyValueRepository.
2022-07-01 08:55:38,407 INFO  [restartedMain] RepositoryConfigurationExtensionSupport: Spring Data Redis - Could not safely identify store assignment for repository candidate interface io.okkio.repository.RefreshTokenRepository. If you want this repository to be a Redis repository, consider annotating your entities with one of these annotations: org.springframework.data.redis.core.RedisHash (preferred), or consider extending one of the following types with your repository: org.springframework.data.keyvalue.repository.KeyValueRepository.
2022-07-01 08:55:38,411 INFO  [restartedMain] RepositoryConfigurationExtensionSupport: Spring Data Redis - Could not safely identify store assignment for repository candidate interface io.okkio.repository.RoleRepository. If you want this repository to be a Redis repository, consider annotating your entities with one of these annotations: org.springframework.data.redis.core.RedisHash (preferred), or consider extending one of the following types with your repository: org.springframework.data.keyvalue.repository.KeyValueRepository.
2022-07-01 08:55:38,413 INFO  [restartedMain] RepositoryConfigurationExtensionSupport: Spring Data Redis - Could not safely identify store assignment for repository candidate interface io.okkio.repository.UserRepository. If you want this repository to be a Redis repository, consider annotating your entities with one of these annotations: org.springframework.data.redis.core.RedisHash (preferred), or consider extending one of the following types with your repository: org.springframework.data.keyvalue.repository.KeyValueRepository.
2022-07-01 08:55:38,414 INFO  [restartedMain] RepositoryConfigurationExtensionSupport: Spring Data Redis - Could not safely identify store assignment for repository candidate interface io.okkio.repository.UtilRepository. If you want this repository to be a Redis repository, consider annotating your entities with one of these annotations: org.springframework.data.redis.core.RedisHash (preferred), or consider extending one of the following types with your repository: org.springframework.data.keyvalue.repository.KeyValueRepository.
2022-07-01 08:55:38,414 INFO  [restartedMain] RepositoryConfigurationDelegate: Finished Spring Data repository scanning in 22 ms. Found 0 Redis repository interfaces.
2022-07-01 08:55:38,952 INFO  [restartedMain] PostProcessorRegistrationDelegate$BeanPostProcessorChecker: Bean 'org.springframework.security.access.expression.method.DefaultMethodSecurityExpressionHandler@271b1d22' of type [org.springframework.security.access.expression.method.DefaultMethodSecurityExpressionHandler] is not eligible for getting processed by all BeanPostProcessors (for example: not eligible for auto-proxying)
2022-07-01 08:55:38,960 INFO  [restartedMain] PostProcessorRegistrationDelegate$BeanPostProcessorChecker: Bean 'methodSecurityMetadataSource' of type [org.springframework.security.access.method.DelegatingMethodSecurityMetadataSource] is not eligible for getting processed by all BeanPostProcessors (for example: not eligible for auto-proxying)
2022-07-01 08:55:39,234 INFO  [restartedMain] TomcatWebServer: Tomcat initialized with port(s): 8092 (http)
2022-07-01 08:55:39,240 INFO  [restartedMain] StandardService: Starting service [Tomcat]
2022-07-01 08:55:39,241 INFO  [restartedMain] StandardEngine: Starting Servlet engine: [Apache Tomcat/9.0.52]
2022-07-01 08:55:39,371 INFO  [restartedMain] [/]: Initializing Spring embedded WebApplicationContext
2022-07-01 08:55:39,372 INFO  [restartedMain] ServletWebServerApplicationContext: Root WebApplicationContext: initialization completed in 2688 ms
2022-07-01 08:55:41,241 INFO  [restartedMain] HikariDataSource: HikariPool-1 - Starting...
2022-07-01 08:55:42,559 INFO  [restartedMain] HikariDataSource: HikariPool-1 - Start completed.
2022-07-01 08:55:43,880 INFO  [restartedMain] LocalContainerEntityManagerFactoryBean: Initialized JPA EntityManagerFactory for persistence unit 'default'
2022-07-01 08:55:43,968 WARN  [restartedMain] JpaBaseConfiguration$JpaWebConfiguration: spring.jpa.open-in-view is enabled by default. Therefore, database queries may be performed during view rendering. Explicitly configure spring.jpa.open-in-view to disable this warning
2022-07-01 08:55:45,558 INFO  [restartedMain] PropertySourcedRequestMappingHandlerMapping: Mapped URL path [/v2/api-docs] onto method [springfox.documentation.swagger2.web.Swagger2Controller#getDocumentation(String, HttpServletRequest)]
2022-07-01 08:55:45,626 INFO  [restartedMain] UserDetailsServiceAutoConfiguration: 

Using generated security password: a7643e9e-800a-4f21-8d13-ea57a6229215

2022-07-01 08:55:45,713 INFO  [restartedMain] DefaultSecurityFilterChain: Will secure any request with [org.springframework.security.web.context.request.async.WebAsyncManagerIntegrationFilter@49d958a7, org.springframework.security.web.context.SecurityContextPersistenceFilter@6ca49bcd, org.springframework.security.web.header.HeaderWriterFilter@11be4a52, org.springframework.web.filter.CorsFilter@623b7f40, org.springframework.security.web.authentication.logout.LogoutFilter@3f9f0f2a, io.okkio.security.JwtAuthenticationFilter@4eb20b6f, org.springframework.security.web.savedrequest.RequestCacheAwareFilter@7a59b955, org.springframework.security.web.servletapi.SecurityContextHolderAwareRequestFilter@544edc08, org.springframework.security.web.authentication.AnonymousAuthenticationFilter@1dffb131, org.springframework.security.web.session.SessionManagementFilter@7d214889, org.springframework.security.web.access.ExceptionTranslationFilter@133878ba, org.springframework.security.web.access.intercept.FilterSecurityInterceptor@7d8b686c]
2022-07-01 08:55:45,877 INFO  [restartedMain] OptionalLiveReloadServer: LiveReload server is running on port 35729
2022-07-01 08:55:45,974 WARN  [restartedMain] ThymeleafAutoConfiguration$DefaultTemplateResolverConfiguration: Cannot find template location: classpath:/templates/ (please add some templates or check your Thymeleaf configuration)
2022-07-01 08:55:46,429 INFO  [restartedMain] TomcatWebServer: Tomcat started on port(s): 8092 (http) with context path ''
2022-07-01 08:55:46,432 INFO  [restartedMain] DocumentationPluginsBootstrapper: Context refreshed
2022-07-01 08:55:46,441 INFO  [restartedMain] DocumentationPluginsBootstrapper: Found 1 custom documentation plugin(s)
2022-07-01 08:55:46,471 INFO  [restartedMain] ApiListingReferenceScanner: Scanning for api listing references
2022-07-01 08:55:46,673 INFO  [restartedMain] CachingOperationNameGenerator: Generating unique operation named: addUsingPOST_1
2022-07-01 08:55:46,687 INFO  [restartedMain] CachingOperationNameGenerator: Generating unique operation named: deleteUsingDELETE_1
2022-07-01 08:55:46,708 INFO  [restartedMain] CachingOperationNameGenerator: Generating unique operation named: updateUsingPUT_1
2022-07-01 08:55:46,737 INFO  [restartedMain] CachingOperationNameGenerator: Generating unique operation named: addUsingPOST_2
2022-07-01 08:55:46,740 INFO  [restartedMain] CachingOperationNameGenerator: Generating unique operation named: deleteUsingDELETE_2
2022-07-01 08:55:46,744 INFO  [restartedMain] CachingOperationNameGenerator: Generating unique operation named: updateUsingPUT_2
2022-07-01 08:55:46,760 INFO  [restartedMain] CachingOperationNameGenerator: Generating unique operation named: insertUsingPOST_1
2022-07-01 08:55:46,763 INFO  [restartedMain] CachingOperationNameGenerator: Generating unique operation named: addUsingPOST_3
2022-07-01 08:55:46,769 INFO  [restartedMain] CachingOperationNameGenerator: Generating unique operation named: deleteUsingDELETE_3
2022-07-01 08:55:46,774 INFO  [restartedMain] CachingOperationNameGenerator: Generating unique operation named: updateUsingPUT_3
2022-07-01 08:55:46,802 INFO  [restartedMain] OkkioApplication: Started OkkioApplication in 11.225 seconds (JVM running for 12.27)
2022-07-01 08:56:13,709 INFO  [http-nio-8092-exec-2] [/]: Initializing Spring DispatcherServlet 'dispatcherServlet'
2022-07-01 08:56:13,716 INFO  [http-nio-8092-exec-2] DispatcherServlet: Initializing Servlet 'dispatcherServlet'
2022-07-01 08:56:13,723 INFO  [http-nio-8092-exec-2] DispatcherServlet: Completed initialization in 7 ms
2022-07-01 09:05:35,215 INFO  [restartedMain] OkkioApplication: Starting OkkioApplication using Java 13.0.8 on Ais-MacBook-Pro.local with PID 66066 (/Users/aitd/IdeaProjects/okkio-be/okkio-api/target/classes started by aitd in /Users/aitd/IdeaProjects/okkio-be)
2022-07-01 09:05:35,220 INFO  [restartedMain] OkkioApplication: The following profiles are active: swagger,dev
2022-07-01 09:05:35,380 INFO  [restartedMain] DevToolsPropertyDefaultsPostProcessor: Devtools property defaults active! Set 'spring.devtools.add-properties' to 'false' to disable
2022-07-01 09:05:35,382 INFO  [restartedMain] DevToolsPropertyDefaultsPostProcessor: For additional web related logging consider setting the 'logging.level.web' property to 'DEBUG'
2022-07-01 09:05:39,089 INFO  [restartedMain] RepositoryConfigurationDelegate: Multiple Spring Data modules found, entering strict repository configuration mode!
2022-07-01 09:05:39,098 INFO  [restartedMain] RepositoryConfigurationDelegate: Bootstrapping Spring Data JPA repositories in DEFAULT mode.
2022-07-01 09:05:39,582 INFO  [restartedMain] RepositoryConfigurationDelegate: Finished Spring Data repository scanning in 468 ms. Found 7 JPA repository interfaces.
2022-07-01 09:05:39,636 INFO  [restartedMain] RepositoryConfigurationDelegate: Multiple Spring Data modules found, entering strict repository configuration mode!
2022-07-01 09:05:39,637 INFO  [restartedMain] RepositoryConfigurationDelegate: Bootstrapping Spring Data Redis repositories in DEFAULT mode.
2022-07-01 09:05:39,685 INFO  [restartedMain] RepositoryConfigurationExtensionSupport: Spring Data Redis - Could not safely identify store assignment for repository candidate interface io.okkio.repository.CategoryRepository. If you want this repository to be a Redis repository, consider annotating your entities with one of these annotations: org.springframework.data.redis.core.RedisHash (preferred), or consider extending one of the following types with your repository: org.springframework.data.keyvalue.repository.KeyValueRepository.
2022-07-01 09:05:39,691 INFO  [restartedMain] RepositoryConfigurationExtensionSupport: Spring Data Redis - Could not safely identify store assignment for repository candidate interface io.okkio.repository.ProductDetailRepository. If you want this repository to be a Redis repository, consider annotating your entities with one of these annotations: org.springframework.data.redis.core.RedisHash (preferred), or consider extending one of the following types with your repository: org.springframework.data.keyvalue.repository.KeyValueRepository.
2022-07-01 09:05:39,693 INFO  [restartedMain] RepositoryConfigurationExtensionSupport: Spring Data Redis - Could not safely identify store assignment for repository candidate interface io.okkio.repository.ProductRepository. If you want this repository to be a Redis repository, consider annotating your entities with one of these annotations: org.springframework.data.redis.core.RedisHash (preferred), or consider extending one of the following types with your repository: org.springframework.data.keyvalue.repository.KeyValueRepository.
2022-07-01 09:05:39,697 INFO  [restartedMain] RepositoryConfigurationExtensionSupport: Spring Data Redis - Could not safely identify store assignment for repository candidate interface io.okkio.repository.RefreshTokenRepository. If you want this repository to be a Redis repository, consider annotating your entities with one of these annotations: org.springframework.data.redis.core.RedisHash (preferred), or consider extending one of the following types with your repository: org.springframework.data.keyvalue.repository.KeyValueRepository.
2022-07-01 09:05:39,700 INFO  [restartedMain] RepositoryConfigurationExtensionSupport: Spring Data Redis - Could not safely identify store assignment for repository candidate interface io.okkio.repository.RoleRepository. If you want this repository to be a Redis repository, consider annotating your entities with one of these annotations: org.springframework.data.redis.core.RedisHash (preferred), or consider extending one of the following types with your repository: org.springframework.data.keyvalue.repository.KeyValueRepository.
2022-07-01 09:05:39,704 INFO  [restartedMain] RepositoryConfigurationExtensionSupport: Spring Data Redis - Could not safely identify store assignment for repository candidate interface io.okkio.repository.UserRepository. If you want this repository to be a Redis repository, consider annotating your entities with one of these annotations: org.springframework.data.redis.core.RedisHash (preferred), or consider extending one of the following types with your repository: org.springframework.data.keyvalue.repository.KeyValueRepository.
2022-07-01 09:05:39,707 INFO  [restartedMain] RepositoryConfigurationExtensionSupport: Spring Data Redis - Could not safely identify store assignment for repository candidate interface io.okkio.repository.UtilRepository. If you want this repository to be a Redis repository, consider annotating your entities with one of these annotations: org.springframework.data.redis.core.RedisHash (preferred), or consider extending one of the following types with your repository: org.springframework.data.keyvalue.repository.KeyValueRepository.
2022-07-01 09:05:39,708 INFO  [restartedMain] RepositoryConfigurationDelegate: Finished Spring Data repository scanning in 52 ms. Found 0 Redis repository interfaces.
2022-07-01 09:05:40,808 INFO  [restartedMain] PostProcessorRegistrationDelegate$BeanPostProcessorChecker: Bean 'org.springframework.security.access.expression.method.DefaultMethodSecurityExpressionHandler@7a5fe0b1' of type [org.springframework.security.access.expression.method.DefaultMethodSecurityExpressionHandler] is not eligible for getting processed by all BeanPostProcessors (for example: not eligible for auto-proxying)
2022-07-01 09:05:40,822 INFO  [restartedMain] PostProcessorRegistrationDelegate$BeanPostProcessorChecker: Bean 'methodSecurityMetadataSource' of type [org.springframework.security.access.method.DelegatingMethodSecurityMetadataSource] is not eligible for getting processed by all BeanPostProcessors (for example: not eligible for auto-proxying)
2022-07-01 09:05:41,633 INFO  [restartedMain] TomcatWebServer: Tomcat initialized with port(s): 8092 (http)
2022-07-01 09:05:41,642 INFO  [restartedMain] StandardService: Starting service [Tomcat]
2022-07-01 09:05:41,643 INFO  [restartedMain] StandardEngine: Starting Servlet engine: [Apache Tomcat/9.0.52]
2022-07-01 09:05:41,742 INFO  [restartedMain] [/]: Initializing Spring embedded WebApplicationContext
2022-07-01 09:05:41,742 INFO  [restartedMain] ServletWebServerApplicationContext: Root WebApplicationContext: initialization completed in 6359 ms
2022-07-01 09:05:42,901 INFO  [restartedMain] HikariDataSource: HikariPool-1 - Starting...
2022-07-01 09:05:43,702 INFO  [restartedMain] HikariDataSource: HikariPool-1 - Start completed.
2022-07-01 09:05:46,317 INFO  [restartedMain] LocalContainerEntityManagerFactoryBean: Initialized JPA EntityManagerFactory for persistence unit 'default'
2022-07-01 09:05:46,430 WARN  [restartedMain] JpaBaseConfiguration$JpaWebConfiguration: spring.jpa.open-in-view is enabled by default. Therefore, database queries may be performed during view rendering. Explicitly configure spring.jpa.open-in-view to disable this warning
2022-07-01 09:05:48,495 INFO  [restartedMain] PropertySourcedRequestMappingHandlerMapping: Mapped URL path [/v2/api-docs] onto method [springfox.documentation.swagger2.web.Swagger2Controller#getDocumentation(String, HttpServletRequest)]
2022-07-01 09:05:48,639 INFO  [restartedMain] UserDetailsServiceAutoConfiguration: 

Using generated security password: 78ed29c4-4b47-4d7a-9931-7a8d714c03de

2022-07-01 09:05:48,730 INFO  [restartedMain] DefaultSecurityFilterChain: Will secure any request with [org.springframework.security.web.context.request.async.WebAsyncManagerIntegrationFilter@77a99a35, org.springframework.security.web.context.SecurityContextPersistenceFilter@53c1fdd2, org.springframework.security.web.header.HeaderWriterFilter@380c2a15, org.springframework.web.filter.CorsFilter@19ba7db9, org.springframework.security.web.authentication.logout.LogoutFilter@ba479b1, io.okkio.security.JwtAuthenticationFilter@6f37778c, org.springframework.security.web.savedrequest.RequestCacheAwareFilter@69c67b56, org.springframework.security.web.servletapi.SecurityContextHolderAwareRequestFilter@3750fbd1, org.springframework.security.web.authentication.AnonymousAuthenticationFilter@4cffd19d, org.springframework.security.web.session.SessionManagementFilter@466add33, org.springframework.security.web.access.ExceptionTranslationFilter@2fac3c61, org.springframework.security.web.access.intercept.FilterSecurityInterceptor@3ea7b4fb]
2022-07-01 09:05:48,989 INFO  [restartedMain] OptionalLiveReloadServer: LiveReload server is running on port 35729
2022-07-01 09:05:49,157 WARN  [restartedMain] ThymeleafAutoConfiguration$DefaultTemplateResolverConfiguration: Cannot find template location: classpath:/templates/ (please add some templates or check your Thymeleaf configuration)
2022-07-01 09:05:49,588 INFO  [restartedMain] TomcatWebServer: Tomcat started on port(s): 8092 (http) with context path ''
2022-07-01 09:05:49,590 INFO  [restartedMain] DocumentationPluginsBootstrapper: Context refreshed
2022-07-01 09:05:49,607 INFO  [restartedMain] DocumentationPluginsBootstrapper: Found 1 custom documentation plugin(s)
2022-07-01 09:05:49,636 INFO  [restartedMain] ApiListingReferenceScanner: Scanning for api listing references
2022-07-01 09:05:49,819 INFO  [restartedMain] CachingOperationNameGenerator: Generating unique operation named: addUsingPOST_1
2022-07-01 09:05:49,830 INFO  [restartedMain] CachingOperationNameGenerator: Generating unique operation named: deleteUsingDELETE_1
2022-07-01 09:05:49,835 INFO  [restartedMain] CachingOperationNameGenerator: Generating unique operation named: updateUsingPUT_1
2022-07-01 09:05:49,852 INFO  [restartedMain] CachingOperationNameGenerator: Generating unique operation named: addUsingPOST_2
2022-07-01 09:05:49,855 INFO  [restartedMain] CachingOperationNameGenerator: Generating unique operation named: deleteUsingDELETE_2
2022-07-01 09:05:49,859 INFO  [restartedMain] CachingOperationNameGenerator: Generating unique operation named: updateUsingPUT_2
2022-07-01 09:05:49,873 INFO  [restartedMain] CachingOperationNameGenerator: Generating unique operation named: insertUsingPOST_1
2022-07-01 09:05:49,876 INFO  [restartedMain] CachingOperationNameGenerator: Generating unique operation named: addUsingPOST_3
2022-07-01 09:05:49,882 INFO  [restartedMain] CachingOperationNameGenerator: Generating unique operation named: deleteUsingDELETE_3
2022-07-01 09:05:49,886 INFO  [restartedMain] CachingOperationNameGenerator: Generating unique operation named: updateUsingPUT_3
2022-07-01 09:05:49,915 INFO  [restartedMain] OkkioApplication: Started OkkioApplication in 16.477 seconds (JVM running for 22.151)
2022-07-01 09:05:59,821 INFO  [http-nio-8092-exec-2] [/]: Initializing Spring DispatcherServlet 'dispatcherServlet'
2022-07-01 09:05:59,841 INFO  [http-nio-8092-exec-2] DispatcherServlet: Initializing Servlet 'dispatcherServlet'
2022-07-01 09:05:59,856 INFO  [http-nio-8092-exec-2] DispatcherServlet: Completed initialization in 14 ms
2022-07-01 09:06:18,730 INFO  [http-nio-8092-exec-2] ProductDetailServicesImpl: Print a: {AROMA=PINEAPPLE, ACIDITY=APPLE, BODY=DARK CHOCOLATE, FINISH=HINT OR RIPE FRUIT AFTERTASTE}
2022-07-01 09:07:43,643 INFO  [restartedMain] OkkioApplication: Starting OkkioApplication using Java 13.0.8 on Ais-MacBook-Pro.local with PID 66099 (/Users/aitd/IdeaProjects/okkio-be/okkio-api/target/classes started by aitd in /Users/aitd/IdeaProjects/okkio-be)
2022-07-01 09:07:43,649 INFO  [restartedMain] OkkioApplication: The following profiles are active: swagger,dev
2022-07-01 09:07:43,724 INFO  [restartedMain] DevToolsPropertyDefaultsPostProcessor: Devtools property defaults active! Set 'spring.devtools.add-properties' to 'false' to disable
2022-07-01 09:07:43,725 INFO  [restartedMain] DevToolsPropertyDefaultsPostProcessor: For additional web related logging consider setting the 'logging.level.web' property to 'DEBUG'
2022-07-01 09:07:45,468 INFO  [restartedMain] RepositoryConfigurationDelegate: Multiple Spring Data modules found, entering strict repository configuration mode!
2022-07-01 09:07:45,470 INFO  [restartedMain] RepositoryConfigurationDelegate: Bootstrapping Spring Data JPA repositories in DEFAULT mode.
2022-07-01 09:07:45,604 INFO  [restartedMain] RepositoryConfigurationDelegate: Finished Spring Data repository scanning in 130 ms. Found 7 JPA repository interfaces.
2022-07-01 09:07:45,632 INFO  [restartedMain] RepositoryConfigurationDelegate: Multiple Spring Data modules found, entering strict repository configuration mode!
2022-07-01 09:07:45,633 INFO  [restartedMain] RepositoryConfigurationDelegate: Bootstrapping Spring Data Redis repositories in DEFAULT mode.
2022-07-01 09:07:45,652 INFO  [restartedMain] RepositoryConfigurationExtensionSupport: Spring Data Redis - Could not safely identify store assignment for repository candidate interface io.okkio.repository.CategoryRepository. If you want this repository to be a Redis repository, consider annotating your entities with one of these annotations: org.springframework.data.redis.core.RedisHash (preferred), or consider extending one of the following types with your repository: org.springframework.data.keyvalue.repository.KeyValueRepository.
2022-07-01 09:07:45,657 INFO  [restartedMain] RepositoryConfigurationExtensionSupport: Spring Data Redis - Could not safely identify store assignment for repository candidate interface io.okkio.repository.ProductDetailRepository. If you want this repository to be a Redis repository, consider annotating your entities with one of these annotations: org.springframework.data.redis.core.RedisHash (preferred), or consider extending one of the following types with your repository: org.springframework.data.keyvalue.repository.KeyValueRepository.
2022-07-01 09:07:45,659 INFO  [restartedMain] RepositoryConfigurationExtensionSupport: Spring Data Redis - Could not safely identify store assignment for repository candidate interface io.okkio.repository.ProductRepository. If you want this repository to be a Redis repository, consider annotating your entities with one of these annotations: org.springframework.data.redis.core.RedisHash (preferred), or consider extending one of the following types with your repository: org.springframework.data.keyvalue.repository.KeyValueRepository.
2022-07-01 09:07:45,659 INFO  [restartedMain] RepositoryConfigurationExtensionSupport: Spring Data Redis - Could not safely identify store assignment for repository candidate interface io.okkio.repository.RefreshTokenRepository. If you want this repository to be a Redis repository, consider annotating your entities with one of these annotations: org.springframework.data.redis.core.RedisHash (preferred), or consider extending one of the following types with your repository: org.springframework.data.keyvalue.repository.KeyValueRepository.
2022-07-01 09:07:45,660 INFO  [restartedMain] RepositoryConfigurationExtensionSupport: Spring Data Redis - Could not safely identify store assignment for repository candidate interface io.okkio.repository.RoleRepository. If you want this repository to be a Redis repository, consider annotating your entities with one of these annotations: org.springframework.data.redis.core.RedisHash (preferred), or consider extending one of the following types with your repository: org.springframework.data.keyvalue.repository.KeyValueRepository.
2022-07-01 09:07:45,661 INFO  [restartedMain] RepositoryConfigurationExtensionSupport: Spring Data Redis - Could not safely identify store assignment for repository candidate interface io.okkio.repository.UserRepository. If you want this repository to be a Redis repository, consider annotating your entities with one of these annotations: org.springframework.data.redis.core.RedisHash (preferred), or consider extending one of the following types with your repository: org.springframework.data.keyvalue.repository.KeyValueRepository.
2022-07-01 09:07:45,662 INFO  [restartedMain] RepositoryConfigurationExtensionSupport: Spring Data Redis - Could not safely identify store assignment for repository candidate interface io.okkio.repository.UtilRepository. If you want this repository to be a Redis repository, consider annotating your entities with one of these annotations: org.springframework.data.redis.core.RedisHash (preferred), or consider extending one of the following types with your repository: org.springframework.data.keyvalue.repository.KeyValueRepository.
2022-07-01 09:07:45,662 INFO  [restartedMain] RepositoryConfigurationDelegate: Finished Spring Data repository scanning in 23 ms. Found 0 Redis repository interfaces.
2022-07-01 09:07:46,368 INFO  [restartedMain] PostProcessorRegistrationDelegate$BeanPostProcessorChecker: Bean 'org.springframework.security.access.expression.method.DefaultMethodSecurityExpressionHandler@1b8d822b' of type [org.springframework.security.access.expression.method.DefaultMethodSecurityExpressionHandler] is not eligible for getting processed by all BeanPostProcessors (for example: not eligible for auto-proxying)
2022-07-01 09:07:46,376 INFO  [restartedMain] PostProcessorRegistrationDelegate$BeanPostProcessorChecker: Bean 'methodSecurityMetadataSource' of type [org.springframework.security.access.method.DelegatingMethodSecurityMetadataSource] is not eligible for getting processed by all BeanPostProcessors (for example: not eligible for auto-proxying)
2022-07-01 09:07:46,668 INFO  [restartedMain] TomcatWebServer: Tomcat initialized with port(s): 8092 (http)
2022-07-01 09:07:46,674 INFO  [restartedMain] StandardService: Starting service [Tomcat]
2022-07-01 09:07:46,674 INFO  [restartedMain] StandardEngine: Starting Servlet engine: [Apache Tomcat/9.0.52]
2022-07-01 09:07:46,746 INFO  [restartedMain] [/]: Initializing Spring embedded WebApplicationContext
2022-07-01 09:07:46,747 INFO  [restartedMain] ServletWebServerApplicationContext: Root WebApplicationContext: initialization completed in 3020 ms
2022-07-01 09:07:47,367 INFO  [restartedMain] HikariDataSource: HikariPool-1 - Starting...
2022-07-01 09:07:47,988 INFO  [restartedMain] HikariDataSource: HikariPool-1 - Start completed.
2022-07-01 09:07:48,994 INFO  [restartedMain] LocalContainerEntityManagerFactoryBean: Initialized JPA EntityManagerFactory for persistence unit 'default'
2022-07-01 09:07:49,077 WARN  [restartedMain] JpaBaseConfiguration$JpaWebConfiguration: spring.jpa.open-in-view is enabled by default. Therefore, database queries may be performed during view rendering. Explicitly configure spring.jpa.open-in-view to disable this warning
2022-07-01 09:07:50,673 INFO  [restartedMain] PropertySourcedRequestMappingHandlerMapping: Mapped URL path [/v2/api-docs] onto method [springfox.documentation.swagger2.web.Swagger2Controller#getDocumentation(String, HttpServletRequest)]
2022-07-01 09:07:50,737 INFO  [restartedMain] UserDetailsServiceAutoConfiguration: 

Using generated security password: 6c36e993-dd0e-450e-be10-97b0b5ee599f

2022-07-01 09:07:50,805 INFO  [restartedMain] DefaultSecurityFilterChain: Will secure any request with [org.springframework.security.web.context.request.async.WebAsyncManagerIntegrationFilter@773f31d0, org.springframework.security.web.context.SecurityContextPersistenceFilter@7e7d6571, org.springframework.security.web.header.HeaderWriterFilter@b5a55ac, org.springframework.web.filter.CorsFilter@11fadaf3, org.springframework.security.web.authentication.logout.LogoutFilter@1cea3148, io.okkio.security.JwtAuthenticationFilter@200e251b, org.springframework.security.web.savedrequest.RequestCacheAwareFilter@4642bc76, org.springframework.security.web.servletapi.SecurityContextHolderAwareRequestFilter@7339944a, org.springframework.security.web.authentication.AnonymousAuthenticationFilter@5921ce06, org.springframework.security.web.session.SessionManagementFilter@35c1198d, org.springframework.security.web.access.ExceptionTranslationFilter@7104e60f, org.springframework.security.web.access.intercept.FilterSecurityInterceptor@7524e24c]
2022-07-01 09:07:50,960 INFO  [restartedMain] OptionalLiveReloadServer: LiveReload server is running on port 35729
2022-07-01 09:07:51,050 WARN  [restartedMain] ThymeleafAutoConfiguration$DefaultTemplateResolverConfiguration: Cannot find template location: classpath:/templates/ (please add some templates or check your Thymeleaf configuration)
2022-07-01 09:07:51,503 INFO  [restartedMain] TomcatWebServer: Tomcat started on port(s): 8092 (http) with context path ''
2022-07-01 09:07:51,505 INFO  [restartedMain] DocumentationPluginsBootstrapper: Context refreshed
2022-07-01 09:07:51,515 INFO  [restartedMain] DocumentationPluginsBootstrapper: Found 1 custom documentation plugin(s)
2022-07-01 09:07:51,545 INFO  [restartedMain] ApiListingReferenceScanner: Scanning for api listing references
2022-07-01 09:07:51,737 INFO  [restartedMain] CachingOperationNameGenerator: Generating unique operation named: addUsingPOST_1
2022-07-01 09:07:51,746 INFO  [restartedMain] CachingOperationNameGenerator: Generating unique operation named: deleteUsingDELETE_1
2022-07-01 09:07:51,751 INFO  [restartedMain] CachingOperationNameGenerator: Generating unique operation named: updateUsingPUT_1
2022-07-01 09:07:51,771 INFO  [restartedMain] CachingOperationNameGenerator: Generating unique operation named: addUsingPOST_2
2022-07-01 09:07:51,776 INFO  [restartedMain] CachingOperationNameGenerator: Generating unique operation named: deleteUsingDELETE_2
2022-07-01 09:07:51,781 INFO  [restartedMain] CachingOperationNameGenerator: Generating unique operation named: updateUsingPUT_2
2022-07-01 09:07:51,798 INFO  [restartedMain] CachingOperationNameGenerator: Generating unique operation named: insertUsingPOST_1
2022-07-01 09:07:51,802 INFO  [restartedMain] CachingOperationNameGenerator: Generating unique operation named: addUsingPOST_3
2022-07-01 09:07:51,821 INFO  [restartedMain] CachingOperationNameGenerator: Generating unique operation named: deleteUsingDELETE_3
2022-07-01 09:07:51,826 INFO  [restartedMain] CachingOperationNameGenerator: Generating unique operation named: updateUsingPUT_3
2022-07-01 09:07:51,858 INFO  [restartedMain] OkkioApplication: Started OkkioApplication in 9.104 seconds (JVM running for 10.56)
2022-07-01 09:07:55,566 INFO  [http-nio-8092-exec-2] [/]: Initializing Spring DispatcherServlet 'dispatcherServlet'
2022-07-01 09:07:55,582 INFO  [http-nio-8092-exec-2] DispatcherServlet: Initializing Servlet 'dispatcherServlet'
2022-07-01 09:07:55,602 INFO  [http-nio-8092-exec-2] DispatcherServlet: Completed initialization in 19 ms
2022-07-01 09:14:41,080 INFO  [restartedMain] OkkioApplication: Starting OkkioApplication using Java 13.0.8 on Ais-MacBook-Pro.local with PID 66188 (/Users/aitd/IdeaProjects/okkio-be/okkio-api/target/classes started by aitd in /Users/aitd/IdeaProjects/okkio-be)
2022-07-01 09:14:41,086 INFO  [restartedMain] OkkioApplication: The following profiles are active: swagger,dev
2022-07-01 09:14:41,165 INFO  [restartedMain] DevToolsPropertyDefaultsPostProcessor: Devtools property defaults active! Set 'spring.devtools.add-properties' to 'false' to disable
2022-07-01 09:14:41,166 INFO  [restartedMain] DevToolsPropertyDefaultsPostProcessor: For additional web related logging consider setting the 'logging.level.web' property to 'DEBUG'
2022-07-01 09:14:42,675 INFO  [restartedMain] RepositoryConfigurationDelegate: Multiple Spring Data modules found, entering strict repository configuration mode!
2022-07-01 09:14:42,676 INFO  [restartedMain] RepositoryConfigurationDelegate: Bootstrapping Spring Data JPA repositories in DEFAULT mode.
2022-07-01 09:14:42,812 INFO  [restartedMain] RepositoryConfigurationDelegate: Finished Spring Data repository scanning in 131 ms. Found 7 JPA repository interfaces.
2022-07-01 09:14:42,836 INFO  [restartedMain] RepositoryConfigurationDelegate: Multiple Spring Data modules found, entering strict repository configuration mode!
2022-07-01 09:14:42,837 INFO  [restartedMain] RepositoryConfigurationDelegate: Bootstrapping Spring Data Redis repositories in DEFAULT mode.
2022-07-01 09:14:42,855 INFO  [restartedMain] RepositoryConfigurationExtensionSupport: Spring Data Redis - Could not safely identify store assignment for repository candidate interface io.okkio.repository.CategoryRepository. If you want this repository to be a Redis repository, consider annotating your entities with one of these annotations: org.springframework.data.redis.core.RedisHash (preferred), or consider extending one of the following types with your repository: org.springframework.data.keyvalue.repository.KeyValueRepository.
2022-07-01 09:14:42,860 INFO  [restartedMain] RepositoryConfigurationExtensionSupport: Spring Data Redis - Could not safely identify store assignment for repository candidate interface io.okkio.repository.ProductDetailRepository. If you want this repository to be a Redis repository, consider annotating your entities with one of these annotations: org.springframework.data.redis.core.RedisHash (preferred), or consider extending one of the following types with your repository: org.springframework.data.keyvalue.repository.KeyValueRepository.
2022-07-01 09:14:42,862 INFO  [restartedMain] RepositoryConfigurationExtensionSupport: Spring Data Redis - Could not safely identify store assignment for repository candidate interface io.okkio.repository.ProductRepository. If you want this repository to be a Redis repository, consider annotating your entities with one of these annotations: org.springframework.data.redis.core.RedisHash (preferred), or consider extending one of the following types with your repository: org.springframework.data.keyvalue.repository.KeyValueRepository.
2022-07-01 09:14:42,862 INFO  [restartedMain] RepositoryConfigurationExtensionSupport: Spring Data Redis - Could not safely identify store assignment for repository candidate interface io.okkio.repository.RefreshTokenRepository. If you want this repository to be a Redis repository, consider annotating your entities with one of these annotations: org.springframework.data.redis.core.RedisHash (preferred), or consider extending one of the following types with your repository: org.springframework.data.keyvalue.repository.KeyValueRepository.
2022-07-01 09:14:42,863 INFO  [restartedMain] RepositoryConfigurationExtensionSupport: Spring Data Redis - Could not safely identify store assignment for repository candidate interface io.okkio.repository.RoleRepository. If you want this repository to be a Redis repository, consider annotating your entities with one of these annotations: org.springframework.data.redis.core.RedisHash (preferred), or consider extending one of the following types with your repository: org.springframework.data.keyvalue.repository.KeyValueRepository.
2022-07-01 09:14:42,864 INFO  [restartedMain] RepositoryConfigurationExtensionSupport: Spring Data Redis - Could not safely identify store assignment for repository candidate interface io.okkio.repository.UserRepository. If you want this repository to be a Redis repository, consider annotating your entities with one of these annotations: org.springframework.data.redis.core.RedisHash (preferred), or consider extending one of the following types with your repository: org.springframework.data.keyvalue.repository.KeyValueRepository.
2022-07-01 09:14:42,865 INFO  [restartedMain] RepositoryConfigurationExtensionSupport: Spring Data Redis - Could not safely identify store assignment for repository candidate interface io.okkio.repository.UtilRepository. If you want this repository to be a Redis repository, consider annotating your entities with one of these annotations: org.springframework.data.redis.core.RedisHash (preferred), or consider extending one of the following types with your repository: org.springframework.data.keyvalue.repository.KeyValueRepository.
2022-07-01 09:14:42,865 INFO  [restartedMain] RepositoryConfigurationDelegate: Finished Spring Data repository scanning in 22 ms. Found 0 Redis repository interfaces.
2022-07-01 09:14:43,548 INFO  [restartedMain] PostProcessorRegistrationDelegate$BeanPostProcessorChecker: Bean 'org.springframework.security.access.expression.method.DefaultMethodSecurityExpressionHandler@7a5fe0b1' of type [org.springframework.security.access.expression.method.DefaultMethodSecurityExpressionHandler] is not eligible for getting processed by all BeanPostProcessors (for example: not eligible for auto-proxying)
2022-07-01 09:14:43,559 INFO  [restartedMain] PostProcessorRegistrationDelegate$BeanPostProcessorChecker: Bean 'methodSecurityMetadataSource' of type [org.springframework.security.access.method.DelegatingMethodSecurityMetadataSource] is not eligible for getting processed by all BeanPostProcessors (for example: not eligible for auto-proxying)
2022-07-01 09:14:43,893 INFO  [restartedMain] TomcatWebServer: Tomcat initialized with port(s): 8092 (http)
2022-07-01 09:14:43,902 INFO  [restartedMain] StandardService: Starting service [Tomcat]
2022-07-01 09:14:43,902 INFO  [restartedMain] StandardEngine: Starting Servlet engine: [Apache Tomcat/9.0.52]
2022-07-01 09:14:43,994 INFO  [restartedMain] [/]: Initializing Spring embedded WebApplicationContext
2022-07-01 09:14:43,994 INFO  [restartedMain] ServletWebServerApplicationContext: Root WebApplicationContext: initialization completed in 2828 ms
2022-07-01 09:14:44,724 INFO  [restartedMain] HikariDataSource: HikariPool-1 - Starting...
2022-07-01 09:14:45,218 INFO  [restartedMain] HikariDataSource: HikariPool-1 - Start completed.
2022-07-01 09:14:46,370 INFO  [restartedMain] LocalContainerEntityManagerFactoryBean: Initialized JPA EntityManagerFactory for persistence unit 'default'
2022-07-01 09:14:46,467 WARN  [restartedMain] JpaBaseConfiguration$JpaWebConfiguration: spring.jpa.open-in-view is enabled by default. Therefore, database queries may be performed during view rendering. Explicitly configure spring.jpa.open-in-view to disable this warning
2022-07-01 09:14:47,989 INFO  [restartedMain] PropertySourcedRequestMappingHandlerMapping: Mapped URL path [/v2/api-docs] onto method [springfox.documentation.swagger2.web.Swagger2Controller#getDocumentation(String, HttpServletRequest)]
2022-07-01 09:14:48,053 INFO  [restartedMain] UserDetailsServiceAutoConfiguration: 

Using generated security password: b5a94427-4459-4f3b-920c-3f9e38e73708

2022-07-01 09:14:48,135 INFO  [restartedMain] DefaultSecurityFilterChain: Will secure any request with [org.springframework.security.web.context.request.async.WebAsyncManagerIntegrationFilter@5ab26b48, org.springframework.security.web.context.SecurityContextPersistenceFilter@571e726c, org.springframework.security.web.header.HeaderWriterFilter@7a6d74e, org.springframework.web.filter.CorsFilter@7a749920, org.springframework.security.web.authentication.logout.LogoutFilter@64d71c67, io.okkio.security.JwtAuthenticationFilter@77c10465, org.springframework.security.web.savedrequest.RequestCacheAwareFilter@2d4a846c, org.springframework.security.web.servletapi.SecurityContextHolderAwareRequestFilter@1321a257, org.springframework.security.web.authentication.AnonymousAuthenticationFilter@48b19c79, org.springframework.security.web.session.SessionManagementFilter@25588009, org.springframework.security.web.access.ExceptionTranslationFilter@446de816, org.springframework.security.web.access.intercept.FilterSecurityInterceptor@7daffc2]
2022-07-01 09:14:48,364 INFO  [restartedMain] OptionalLiveReloadServer: LiveReload server is running on port 35729
2022-07-01 09:14:48,608 WARN  [restartedMain] ThymeleafAutoConfiguration$DefaultTemplateResolverConfiguration: Cannot find template location: classpath:/templates/ (please add some templates or check your Thymeleaf configuration)
2022-07-01 09:14:50,125 INFO  [restartedMain] TomcatWebServer: Tomcat started on port(s): 8092 (http) with context path ''
2022-07-01 09:14:50,128 INFO  [restartedMain] DocumentationPluginsBootstrapper: Context refreshed
2022-07-01 09:14:50,140 INFO  [restartedMain] DocumentationPluginsBootstrapper: Found 1 custom documentation plugin(s)
2022-07-01 09:14:50,177 INFO  [restartedMain] ApiListingReferenceScanner: Scanning for api listing references
2022-07-01 09:14:50,407 INFO  [restartedMain] CachingOperationNameGenerator: Generating unique operation named: addUsingPOST_1
2022-07-01 09:14:50,412 INFO  [restartedMain] CachingOperationNameGenerator: Generating unique operation named: deleteUsingDELETE_1
2022-07-01 09:14:50,416 INFO  [restartedMain] CachingOperationNameGenerator: Generating unique operation named: updateUsingPUT_1
2022-07-01 09:14:50,438 INFO  [restartedMain] CachingOperationNameGenerator: Generating unique operation named: addUsingPOST_2
2022-07-01 09:14:50,441 INFO  [restartedMain] CachingOperationNameGenerator: Generating unique operation named: deleteUsingDELETE_2
2022-07-01 09:14:50,447 INFO  [restartedMain] CachingOperationNameGenerator: Generating unique operation named: updateUsingPUT_2
2022-07-01 09:14:50,465 INFO  [restartedMain] CachingOperationNameGenerator: Generating unique operation named: insertUsingPOST_1
2022-07-01 09:14:50,468 INFO  [restartedMain] CachingOperationNameGenerator: Generating unique operation named: addUsingPOST_3
2022-07-01 09:14:50,484 INFO  [restartedMain] CachingOperationNameGenerator: Generating unique operation named: deleteUsingDELETE_3
2022-07-01 09:14:50,489 INFO  [restartedMain] CachingOperationNameGenerator: Generating unique operation named: updateUsingPUT_3
2022-07-01 09:14:50,525 INFO  [restartedMain] OkkioApplication: Started OkkioApplication in 10.178 seconds (JVM running for 13.197)
2022-07-01 09:14:53,552 INFO  [http-nio-8092-exec-1] [/]: Initializing Spring DispatcherServlet 'dispatcherServlet'
2022-07-01 09:14:53,556 INFO  [http-nio-8092-exec-1] DispatcherServlet: Initializing Servlet 'dispatcherServlet'
2022-07-01 09:14:53,562 INFO  [http-nio-8092-exec-1] DispatcherServlet: Completed initialization in 6 ms
2022-07-01 09:14:53,638 ERROR [http-nio-8092-exec-1] JwtTokenProvider: Expired JWT tokenJWT expired at 2022-07-01T09:10:14Z. Current time: 2022-07-01T09:14:53Z, a difference of 279637 milliseconds.  Allowed clock skew: 0 milliseconds.
2022-07-01 09:15:43,141 WARN  [HikariPool-1 housekeeper] HikariPool: HikariPool-1 - Thread starvation or clock leap detected (housekeeper delta=57s810ms).
2022-07-01 09:19:36,430 INFO  [restartedMain] OkkioApplication: Starting OkkioApplication using Java 13.0.8 on Ais-MacBook-Pro.local with PID 66326 (/Users/aitd/IdeaProjects/okkio-be/okkio-api/target/classes started by aitd in /Users/aitd/IdeaProjects/okkio-be)
2022-07-01 09:19:36,436 INFO  [restartedMain] OkkioApplication: The following profiles are active: swagger,dev
2022-07-01 09:19:36,510 INFO  [restartedMain] DevToolsPropertyDefaultsPostProcessor: Devtools property defaults active! Set 'spring.devtools.add-properties' to 'false' to disable
2022-07-01 09:19:36,510 INFO  [restartedMain] DevToolsPropertyDefaultsPostProcessor: For additional web related logging consider setting the 'logging.level.web' property to 'DEBUG'
2022-07-01 09:19:37,871 INFO  [restartedMain] RepositoryConfigurationDelegate: Multiple Spring Data modules found, entering strict repository configuration mode!
2022-07-01 09:19:37,872 INFO  [restartedMain] RepositoryConfigurationDelegate: Bootstrapping Spring Data JPA repositories in DEFAULT mode.
2022-07-01 09:19:38,016 INFO  [restartedMain] RepositoryConfigurationDelegate: Finished Spring Data repository scanning in 138 ms. Found 7 JPA repository interfaces.
2022-07-01 09:19:38,037 INFO  [restartedMain] RepositoryConfigurationDelegate: Multiple Spring Data modules found, entering strict repository configuration mode!
2022-07-01 09:19:38,038 INFO  [restartedMain] RepositoryConfigurationDelegate: Bootstrapping Spring Data Redis repositories in DEFAULT mode.
2022-07-01 09:19:38,055 INFO  [restartedMain] RepositoryConfigurationExtensionSupport: Spring Data Redis - Could not safely identify store assignment for repository candidate interface io.okkio.repository.CategoryRepository. If you want this repository to be a Redis repository, consider annotating your entities with one of these annotations: org.springframework.data.redis.core.RedisHash (preferred), or consider extending one of the following types with your repository: org.springframework.data.keyvalue.repository.KeyValueRepository.
2022-07-01 09:19:38,060 INFO  [restartedMain] RepositoryConfigurationExtensionSupport: Spring Data Redis - Could not safely identify store assignment for repository candidate interface io.okkio.repository.ProductDetailRepository. If you want this repository to be a Redis repository, consider annotating your entities with one of these annotations: org.springframework.data.redis.core.RedisHash (preferred), or consider extending one of the following types with your repository: org.springframework.data.keyvalue.repository.KeyValueRepository.
2022-07-01 09:19:38,061 INFO  [restartedMain] RepositoryConfigurationExtensionSupport: Spring Data Redis - Could not safely identify store assignment for repository candidate interface io.okkio.repository.ProductRepository. If you want this repository to be a Redis repository, consider annotating your entities with one of these annotations: org.springframework.data.redis.core.RedisHash (preferred), or consider extending one of the following types with your repository: org.springframework.data.keyvalue.repository.KeyValueRepository.
2022-07-01 09:19:38,062 INFO  [restartedMain] RepositoryConfigurationExtensionSupport: Spring Data Redis - Could not safely identify store assignment for repository candidate interface io.okkio.repository.RefreshTokenRepository. If you want this repository to be a Redis repository, consider annotating your entities with one of these annotations: org.springframework.data.redis.core.RedisHash (preferred), or consider extending one of the following types with your repository: org.springframework.data.keyvalue.repository.KeyValueRepository.
2022-07-01 09:19:38,063 INFO  [restartedMain] RepositoryConfigurationExtensionSupport: Spring Data Redis - Could not safely identify store assignment for repository candidate interface io.okkio.repository.RoleRepository. If you want this repository to be a Redis repository, consider annotating your entities with one of these annotations: org.springframework.data.redis.core.RedisHash (preferred), or consider extending one of the following types with your repository: org.springframework.data.keyvalue.repository.KeyValueRepository.
2022-07-01 09:19:38,064 INFO  [restartedMain] RepositoryConfigurationExtensionSupport: Spring Data Redis - Could not safely identify store assignment for repository candidate interface io.okkio.repository.UserRepository. If you want this repository to be a Redis repository, consider annotating your entities with one of these annotations: org.springframework.data.redis.core.RedisHash (preferred), or consider extending one of the following types with your repository: org.springframework.data.keyvalue.repository.KeyValueRepository.
2022-07-01 09:19:38,064 INFO  [restartedMain] RepositoryConfigurationExtensionSupport: Spring Data Redis - Could not safely identify store assignment for repository candidate interface io.okkio.repository.UtilRepository. If you want this repository to be a Redis repository, consider annotating your entities with one of these annotations: org.springframework.data.redis.core.RedisHash (preferred), or consider extending one of the following types with your repository: org.springframework.data.keyvalue.repository.KeyValueRepository.
2022-07-01 09:19:38,065 INFO  [restartedMain] RepositoryConfigurationDelegate: Finished Spring Data repository scanning in 21 ms. Found 0 Redis repository interfaces.
2022-07-01 09:19:38,610 INFO  [restartedMain] PostProcessorRegistrationDelegate$BeanPostProcessorChecker: Bean 'org.springframework.security.access.expression.method.DefaultMethodSecurityExpressionHandler@1b8d822b' of type [org.springframework.security.access.expression.method.DefaultMethodSecurityExpressionHandler] is not eligible for getting processed by all BeanPostProcessors (for example: not eligible for auto-proxying)
2022-07-01 09:19:38,617 INFO  [restartedMain] PostProcessorRegistrationDelegate$BeanPostProcessorChecker: Bean 'methodSecurityMetadataSource' of type [org.springframework.security.access.method.DelegatingMethodSecurityMetadataSource] is not eligible for getting processed by all BeanPostProcessors (for example: not eligible for auto-proxying)
2022-07-01 09:19:38,862 INFO  [restartedMain] TomcatWebServer: Tomcat initialized with port(s): 8092 (http)
2022-07-01 09:19:38,867 INFO  [restartedMain] StandardService: Starting service [Tomcat]
2022-07-01 09:19:38,867 INFO  [restartedMain] StandardEngine: Starting Servlet engine: [Apache Tomcat/9.0.52]
2022-07-01 09:19:38,931 INFO  [restartedMain] [/]: Initializing Spring embedded WebApplicationContext
2022-07-01 09:19:38,931 INFO  [restartedMain] ServletWebServerApplicationContext: Root WebApplicationContext: initialization completed in 2421 ms
2022-07-01 09:19:39,464 INFO  [restartedMain] HikariDataSource: HikariPool-1 - Starting...
2022-07-01 09:19:39,854 INFO  [restartedMain] HikariDataSource: HikariPool-1 - Start completed.
2022-07-01 09:19:40,708 INFO  [restartedMain] LocalContainerEntityManagerFactoryBean: Initialized JPA EntityManagerFactory for persistence unit 'default'
2022-07-01 09:19:40,781 WARN  [restartedMain] JpaBaseConfiguration$JpaWebConfiguration: spring.jpa.open-in-view is enabled by default. Therefore, database queries may be performed during view rendering. Explicitly configure spring.jpa.open-in-view to disable this warning
2022-07-01 09:19:42,200 INFO  [restartedMain] PropertySourcedRequestMappingHandlerMapping: Mapped URL path [/v2/api-docs] onto method [springfox.documentation.swagger2.web.Swagger2Controller#getDocumentation(String, HttpServletRequest)]
2022-07-01 09:19:42,266 INFO  [restartedMain] UserDetailsServiceAutoConfiguration: 

Using generated security password: 11571673-bbcc-4a70-a29e-4b449be895cc

2022-07-01 09:19:42,321 INFO  [restartedMain] DefaultSecurityFilterChain: Will secure any request with [org.springframework.security.web.context.request.async.WebAsyncManagerIntegrationFilter@11fadaf3, org.springframework.security.web.context.SecurityContextPersistenceFilter@7b72cfe4, org.springframework.security.web.header.HeaderWriterFilter@5741b173, org.springframework.web.filter.CorsFilter@200e251b, org.springframework.security.web.authentication.logout.LogoutFilter@105032ed, io.okkio.security.JwtAuthenticationFilter@5921ce06, org.springframework.security.web.savedrequest.RequestCacheAwareFilter@71765aa8, org.springframework.security.web.servletapi.SecurityContextHolderAwareRequestFilter@1417d6ef, org.springframework.security.web.authentication.AnonymousAuthenticationFilter@571ec543, org.springframework.security.web.session.SessionManagementFilter@7228b57b, org.springframework.security.web.access.ExceptionTranslationFilter@64d71216, org.springframework.security.web.access.intercept.FilterSecurityInterceptor@7893d602]
2022-07-01 09:19:42,508 INFO  [restartedMain] OptionalLiveReloadServer: LiveReload server is running on port 35729
2022-07-01 09:19:42,606 WARN  [restartedMain] ThymeleafAutoConfiguration$DefaultTemplateResolverConfiguration: Cannot find template location: classpath:/templates/ (please add some templates or check your Thymeleaf configuration)
2022-07-01 09:19:42,969 INFO  [restartedMain] TomcatWebServer: Tomcat started on port(s): 8092 (http) with context path ''
2022-07-01 09:19:42,971 INFO  [restartedMain] DocumentationPluginsBootstrapper: Context refreshed
2022-07-01 09:19:42,980 INFO  [restartedMain] DocumentationPluginsBootstrapper: Found 1 custom documentation plugin(s)
2022-07-01 09:19:43,008 INFO  [restartedMain] ApiListingReferenceScanner: Scanning for api listing references
2022-07-01 09:19:43,166 INFO  [restartedMain] CachingOperationNameGenerator: Generating unique operation named: addUsingPOST_1
2022-07-01 09:19:43,172 INFO  [restartedMain] CachingOperationNameGenerator: Generating unique operation named: deleteUsingDELETE_1
2022-07-01 09:19:43,176 INFO  [restartedMain] CachingOperationNameGenerator: Generating unique operation named: updateUsingPUT_1
2022-07-01 09:19:43,196 INFO  [restartedMain] CachingOperationNameGenerator: Generating unique operation named: addUsingPOST_2
2022-07-01 09:19:43,198 INFO  [restartedMain] CachingOperationNameGenerator: Generating unique operation named: deleteUsingDELETE_2
2022-07-01 09:19:43,218 INFO  [restartedMain] CachingOperationNameGenerator: Generating unique operation named: updateUsingPUT_2
2022-07-01 09:19:43,225 INFO  [restartedMain] CachingOperationNameGenerator: Generating unique operation named: insertUsingPOST_1
2022-07-01 09:19:43,233 INFO  [restartedMain] CachingOperationNameGenerator: Generating unique operation named: addUsingPOST_3
2022-07-01 09:19:43,242 INFO  [restartedMain] CachingOperationNameGenerator: Generating unique operation named: deleteUsingDELETE_3
2022-07-01 09:19:43,245 INFO  [restartedMain] CachingOperationNameGenerator: Generating unique operation named: updateUsingPUT_3
2022-07-01 09:19:43,279 INFO  [restartedMain] OkkioApplication: Started OkkioApplication in 7.644 seconds (JVM running for 8.871)
2022-07-01 09:19:49,093 INFO  [http-nio-8092-exec-1] [/]: Initializing Spring DispatcherServlet 'dispatcherServlet'
2022-07-01 09:19:49,099 INFO  [http-nio-8092-exec-1] DispatcherServlet: Initializing Servlet 'dispatcherServlet'
2022-07-01 09:19:49,121 INFO  [http-nio-8092-exec-1] DispatcherServlet: Completed initialization in 19 ms
2022-07-01 09:24:05,717 INFO  [restartedMain] OkkioApplication: Starting OkkioApplication using Java 13.0.8 on Ais-MacBook-Pro.local with PID 66404 (/Users/aitd/IdeaProjects/okkio-be/okkio-api/target/classes started by aitd in /Users/aitd/IdeaProjects/okkio-be)
2022-07-01 09:24:05,722 INFO  [restartedMain] OkkioApplication: The following profiles are active: swagger,dev
2022-07-01 09:24:05,787 INFO  [restartedMain] DevToolsPropertyDefaultsPostProcessor: Devtools property defaults active! Set 'spring.devtools.add-properties' to 'false' to disable
2022-07-01 09:24:05,788 INFO  [restartedMain] DevToolsPropertyDefaultsPostProcessor: For additional web related logging consider setting the 'logging.level.web' property to 'DEBUG'
2022-07-01 09:24:07,055 INFO  [restartedMain] RepositoryConfigurationDelegate: Multiple Spring Data modules found, entering strict repository configuration mode!
2022-07-01 09:24:07,057 INFO  [restartedMain] RepositoryConfigurationDelegate: Bootstrapping Spring Data JPA repositories in DEFAULT mode.
2022-07-01 09:24:07,177 INFO  [restartedMain] RepositoryConfigurationDelegate: Finished Spring Data repository scanning in 115 ms. Found 7 JPA repository interfaces.
2022-07-01 09:24:07,200 INFO  [restartedMain] RepositoryConfigurationDelegate: Multiple Spring Data modules found, entering strict repository configuration mode!
2022-07-01 09:24:07,201 INFO  [restartedMain] RepositoryConfigurationDelegate: Bootstrapping Spring Data Redis repositories in DEFAULT mode.
2022-07-01 09:24:07,217 INFO  [restartedMain] RepositoryConfigurationExtensionSupport: Spring Data Redis - Could not safely identify store assignment for repository candidate interface io.okkio.repository.CategoryRepository. If you want this repository to be a Redis repository, consider annotating your entities with one of these annotations: org.springframework.data.redis.core.RedisHash (preferred), or consider extending one of the following types with your repository: org.springframework.data.keyvalue.repository.KeyValueRepository.
2022-07-01 09:24:07,222 INFO  [restartedMain] RepositoryConfigurationExtensionSupport: Spring Data Redis - Could not safely identify store assignment for repository candidate interface io.okkio.repository.ProductDetailRepository. If you want this repository to be a Redis repository, consider annotating your entities with one of these annotations: org.springframework.data.redis.core.RedisHash (preferred), or consider extending one of the following types with your repository: org.springframework.data.keyvalue.repository.KeyValueRepository.
2022-07-01 09:24:07,222 INFO  [restartedMain] RepositoryConfigurationExtensionSupport: Spring Data Redis - Could not safely identify store assignment for repository candidate interface io.okkio.repository.ProductRepository. If you want this repository to be a Redis repository, consider annotating your entities with one of these annotations: org.springframework.data.redis.core.RedisHash (preferred), or consider extending one of the following types with your repository: org.springframework.data.keyvalue.repository.KeyValueRepository.
2022-07-01 09:24:07,223 INFO  [restartedMain] RepositoryConfigurationExtensionSupport: Spring Data Redis - Could not safely identify store assignment for repository candidate interface io.okkio.repository.RefreshTokenRepository. If you want this repository to be a Redis repository, consider annotating your entities with one of these annotations: org.springframework.data.redis.core.RedisHash (preferred), or consider extending one of the following types with your repository: org.springframework.data.keyvalue.repository.KeyValueRepository.
2022-07-01 09:24:07,224 INFO  [restartedMain] RepositoryConfigurationExtensionSupport: Spring Data Redis - Could not safely identify store assignment for repository candidate interface io.okkio.repository.RoleRepository. If you want this repository to be a Redis repository, consider annotating your entities with one of these annotations: org.springframework.data.redis.core.RedisHash (preferred), or consider extending one of the following types with your repository: org.springframework.data.keyvalue.repository.KeyValueRepository.
2022-07-01 09:24:07,225 INFO  [restartedMain] RepositoryConfigurationExtensionSupport: Spring Data Redis - Could not safely identify store assignment for repository candidate interface io.okkio.repository.UserRepository. If you want this repository to be a Redis repository, consider annotating your entities with one of these annotations: org.springframework.data.redis.core.RedisHash (preferred), or consider extending one of the following types with your repository: org.springframework.data.keyvalue.repository.KeyValueRepository.
2022-07-01 09:24:07,226 INFO  [restartedMain] RepositoryConfigurationExtensionSupport: Spring Data Redis - Could not safely identify store assignment for repository candidate interface io.okkio.repository.UtilRepository. If you want this repository to be a Redis repository, consider annotating your entities with one of these annotations: org.springframework.data.redis.core.RedisHash (preferred), or consider extending one of the following types with your repository: org.springframework.data.keyvalue.repository.KeyValueRepository.
2022-07-01 09:24:07,226 INFO  [restartedMain] RepositoryConfigurationDelegate: Finished Spring Data repository scanning in 21 ms. Found 0 Redis repository interfaces.
2022-07-01 09:24:07,682 INFO  [restartedMain] PostProcessorRegistrationDelegate$BeanPostProcessorChecker: Bean 'org.springframework.security.access.expression.method.DefaultMethodSecurityExpressionHandler@4f564545' of type [org.springframework.security.access.expression.method.DefaultMethodSecurityExpressionHandler] is not eligible for getting processed by all BeanPostProcessors (for example: not eligible for auto-proxying)
2022-07-01 09:24:07,689 INFO  [restartedMain] PostProcessorRegistrationDelegate$BeanPostProcessorChecker: Bean 'methodSecurityMetadataSource' of type [org.springframework.security.access.method.DelegatingMethodSecurityMetadataSource] is not eligible for getting processed by all BeanPostProcessors (for example: not eligible for auto-proxying)
2022-07-01 09:24:07,949 INFO  [restartedMain] TomcatWebServer: Tomcat initialized with port(s): 8092 (http)
2022-07-01 09:24:07,954 INFO  [restartedMain] StandardService: Starting service [Tomcat]
2022-07-01 09:24:07,954 INFO  [restartedMain] StandardEngine: Starting Servlet engine: [Apache Tomcat/9.0.52]
2022-07-01 09:24:08,018 INFO  [restartedMain] [/]: Initializing Spring embedded WebApplicationContext
2022-07-01 09:24:08,019 INFO  [restartedMain] ServletWebServerApplicationContext: Root WebApplicationContext: initialization completed in 2231 ms
2022-07-01 09:24:08,515 INFO  [restartedMain] HikariDataSource: HikariPool-1 - Starting...
2022-07-01 09:24:08,869 INFO  [restartedMain] HikariDataSource: HikariPool-1 - Start completed.
2022-07-01 09:24:09,823 INFO  [restartedMain] LocalContainerEntityManagerFactoryBean: Initialized JPA EntityManagerFactory for persistence unit 'default'
2022-07-01 09:24:09,898 WARN  [restartedMain] JpaBaseConfiguration$JpaWebConfiguration: spring.jpa.open-in-view is enabled by default. Therefore, database queries may be performed during view rendering. Explicitly configure spring.jpa.open-in-view to disable this warning
2022-07-01 09:24:11,361 INFO  [restartedMain] PropertySourcedRequestMappingHandlerMapping: Mapped URL path [/v2/api-docs] onto method [springfox.documentation.swagger2.web.Swagger2Controller#getDocumentation(String, HttpServletRequest)]
2022-07-01 09:24:11,428 INFO  [restartedMain] UserDetailsServiceAutoConfiguration: 

Using generated security password: 23e8906c-3b85-4af1-a3ff-faf5ad983463

2022-07-01 09:24:11,483 INFO  [restartedMain] DefaultSecurityFilterChain: Will secure any request with [org.springframework.security.web.context.request.async.WebAsyncManagerIntegrationFilter@4c23bca2, org.springframework.security.web.context.SecurityContextPersistenceFilter@366bd624, org.springframework.security.web.header.HeaderWriterFilter@747e8e38, org.springframework.web.filter.CorsFilter@1904b48a, org.springframework.security.web.authentication.logout.LogoutFilter@5100e29a, io.okkio.security.JwtAuthenticationFilter@453b92d0, org.springframework.security.web.savedrequest.RequestCacheAwareFilter@350abb07, org.springframework.security.web.servletapi.SecurityContextHolderAwareRequestFilter@55ef3671, org.springframework.security.web.authentication.AnonymousAuthenticationFilter@73237c41, org.springframework.security.web.session.SessionManagementFilter@1e1516ed, org.springframework.security.web.access.ExceptionTranslationFilter@1aae7e18, org.springframework.security.web.access.intercept.FilterSecurityInterceptor@4d8f5e47]
2022-07-01 09:24:11,686 INFO  [restartedMain] OptionalLiveReloadServer: LiveReload server is running on port 35729
2022-07-01 09:24:11,785 WARN  [restartedMain] ThymeleafAutoConfiguration$DefaultTemplateResolverConfiguration: Cannot find template location: classpath:/templates/ (please add some templates or check your Thymeleaf configuration)
2022-07-01 09:24:12,160 INFO  [restartedMain] TomcatWebServer: Tomcat started on port(s): 8092 (http) with context path ''
2022-07-01 09:24:12,163 INFO  [restartedMain] DocumentationPluginsBootstrapper: Context refreshed
2022-07-01 09:24:12,172 INFO  [restartedMain] DocumentationPluginsBootstrapper: Found 1 custom documentation plugin(s)
2022-07-01 09:24:12,200 INFO  [restartedMain] ApiListingReferenceScanner: Scanning for api listing references
2022-07-01 09:24:12,363 INFO  [restartedMain] CachingOperationNameGenerator: Generating unique operation named: addUsingPOST_1
2022-07-01 09:24:12,368 INFO  [restartedMain] CachingOperationNameGenerator: Generating unique operation named: deleteUsingDELETE_1
2022-07-01 09:24:12,372 INFO  [restartedMain] CachingOperationNameGenerator: Generating unique operation named: updateUsingPUT_1
2022-07-01 09:24:12,392 INFO  [restartedMain] CachingOperationNameGenerator: Generating unique operation named: addUsingPOST_2
2022-07-01 09:24:12,393 INFO  [restartedMain] CachingOperationNameGenerator: Generating unique operation named: deleteUsingDELETE_2
2022-07-01 09:24:12,412 INFO  [restartedMain] CachingOperationNameGenerator: Generating unique operation named: updateUsingPUT_2
2022-07-01 09:24:12,420 INFO  [restartedMain] CachingOperationNameGenerator: Generating unique operation named: insertUsingPOST_1
2022-07-01 09:24:12,428 INFO  [restartedMain] CachingOperationNameGenerator: Generating unique operation named: addUsingPOST_3
2022-07-01 09:24:12,437 INFO  [restartedMain] CachingOperationNameGenerator: Generating unique operation named: deleteUsingDELETE_3
2022-07-01 09:24:12,440 INFO  [restartedMain] CachingOperationNameGenerator: Generating unique operation named: updateUsingPUT_3
2022-07-01 09:24:12,465 INFO  [restartedMain] OkkioApplication: Started OkkioApplication in 7.455 seconds (JVM running for 8.469)
2022-07-01 09:24:43,206 INFO  [restartedMain] OkkioApplication: Starting OkkioApplication using Java 13.0.8 on Ais-MacBook-Pro.local with PID 66432 (/Users/aitd/IdeaProjects/okkio-be/okkio-api/target/classes started by aitd in /Users/aitd/IdeaProjects/okkio-be)
2022-07-01 09:24:43,213 INFO  [restartedMain] OkkioApplication: The following profiles are active: swagger,dev
2022-07-01 09:24:43,301 INFO  [restartedMain] DevToolsPropertyDefaultsPostProcessor: Devtools property defaults active! Set 'spring.devtools.add-properties' to 'false' to disable
2022-07-01 09:24:43,302 INFO  [restartedMain] DevToolsPropertyDefaultsPostProcessor: For additional web related logging consider setting the 'logging.level.web' property to 'DEBUG'
2022-07-01 09:24:44,711 INFO  [restartedMain] RepositoryConfigurationDelegate: Multiple Spring Data modules found, entering strict repository configuration mode!
2022-07-01 09:24:44,713 INFO  [restartedMain] RepositoryConfigurationDelegate: Bootstrapping Spring Data JPA repositories in DEFAULT mode.
2022-07-01 09:24:44,832 INFO  [restartedMain] RepositoryConfigurationDelegate: Finished Spring Data repository scanning in 114 ms. Found 7 JPA repository interfaces.
2022-07-01 09:24:44,853 INFO  [restartedMain] RepositoryConfigurationDelegate: Multiple Spring Data modules found, entering strict repository configuration mode!
2022-07-01 09:24:44,854 INFO  [restartedMain] RepositoryConfigurationDelegate: Bootstrapping Spring Data Redis repositories in DEFAULT mode.
2022-07-01 09:24:44,872 INFO  [restartedMain] RepositoryConfigurationExtensionSupport: Spring Data Redis - Could not safely identify store assignment for repository candidate interface io.okkio.repository.CategoryRepository. If you want this repository to be a Redis repository, consider annotating your entities with one of these annotations: org.springframework.data.redis.core.RedisHash (preferred), or consider extending one of the following types with your repository: org.springframework.data.keyvalue.repository.KeyValueRepository.
2022-07-01 09:24:44,878 INFO  [restartedMain] RepositoryConfigurationExtensionSupport: Spring Data Redis - Could not safely identify store assignment for repository candidate interface io.okkio.repository.ProductDetailRepository. If you want this repository to be a Redis repository, consider annotating your entities with one of these annotations: org.springframework.data.redis.core.RedisHash (preferred), or consider extending one of the following types with your repository: org.springframework.data.keyvalue.repository.KeyValueRepository.
2022-07-01 09:24:44,880 INFO  [restartedMain] RepositoryConfigurationExtensionSupport: Spring Data Redis - Could not safely identify store assignment for repository candidate interface io.okkio.repository.ProductRepository. If you want this repository to be a Redis repository, consider annotating your entities with one of these annotations: org.springframework.data.redis.core.RedisHash (preferred), or consider extending one of the following types with your repository: org.springframework.data.keyvalue.repository.KeyValueRepository.
2022-07-01 09:24:44,880 INFO  [restartedMain] RepositoryConfigurationExtensionSupport: Spring Data Redis - Could not safely identify store assignment for repository candidate interface io.okkio.repository.RefreshTokenRepository. If you want this repository to be a Redis repository, consider annotating your entities with one of these annotations: org.springframework.data.redis.core.RedisHash (preferred), or consider extending one of the following types with your repository: org.springframework.data.keyvalue.repository.KeyValueRepository.
2022-07-01 09:24:44,882 INFO  [restartedMain] RepositoryConfigurationExtensionSupport: Spring Data Redis - Could not safely identify store assignment for repository candidate interface io.okkio.repository.RoleRepository. If you want this repository to be a Redis repository, consider annotating your entities with one of these annotations: org.springframework.data.redis.core.RedisHash (preferred), or consider extending one of the following types with your repository: org.springframework.data.keyvalue.repository.KeyValueRepository.
2022-07-01 09:24:44,883 INFO  [restartedMain] RepositoryConfigurationExtensionSupport: Spring Data Redis - Could not safely identify store assignment for repository candidate interface io.okkio.repository.UserRepository. If you want this repository to be a Redis repository, consider annotating your entities with one of these annotations: org.springframework.data.redis.core.RedisHash (preferred), or consider extending one of the following types with your repository: org.springframework.data.keyvalue.repository.KeyValueRepository.
2022-07-01 09:24:44,884 INFO  [restartedMain] RepositoryConfigurationExtensionSupport: Spring Data Redis - Could not safely identify store assignment for repository candidate interface io.okkio.repository.UtilRepository. If you want this repository to be a Redis repository, consider annotating your entities with one of these annotations: org.springframework.data.redis.core.RedisHash (preferred), or consider extending one of the following types with your repository: org.springframework.data.keyvalue.repository.KeyValueRepository.
2022-07-01 09:24:44,884 INFO  [restartedMain] RepositoryConfigurationDelegate: Finished Spring Data repository scanning in 25 ms. Found 0 Redis repository interfaces.
2022-07-01 09:24:45,517 INFO  [restartedMain] PostProcessorRegistrationDelegate$BeanPostProcessorChecker: Bean 'org.springframework.security.access.expression.method.DefaultMethodSecurityExpressionHandler@28f42e1b' of type [org.springframework.security.access.expression.method.DefaultMethodSecurityExpressionHandler] is not eligible for getting processed by all BeanPostProcessors (for example: not eligible for auto-proxying)
2022-07-01 09:24:45,533 INFO  [restartedMain] PostProcessorRegistrationDelegate$BeanPostProcessorChecker: Bean 'methodSecurityMetadataSource' of type [org.springframework.security.access.method.DelegatingMethodSecurityMetadataSource] is not eligible for getting processed by all BeanPostProcessors (for example: not eligible for auto-proxying)
2022-07-01 09:24:45,828 INFO  [restartedMain] TomcatWebServer: Tomcat initialized with port(s): 8092 (http)
2022-07-01 09:24:45,834 INFO  [restartedMain] StandardService: Starting service [Tomcat]
2022-07-01 09:24:45,835 INFO  [restartedMain] StandardEngine: Starting Servlet engine: [Apache Tomcat/9.0.52]
2022-07-01 09:24:45,903 INFO  [restartedMain] [/]: Initializing Spring embedded WebApplicationContext
2022-07-01 09:24:45,903 INFO  [restartedMain] ServletWebServerApplicationContext: Root WebApplicationContext: initialization completed in 2601 ms
2022-07-01 09:24:46,489 INFO  [restartedMain] HikariDataSource: HikariPool-1 - Starting...
2022-07-01 09:24:46,873 INFO  [restartedMain] HikariDataSource: HikariPool-1 - Start completed.
2022-07-01 09:24:48,033 INFO  [restartedMain] LocalContainerEntityManagerFactoryBean: Initialized JPA EntityManagerFactory for persistence unit 'default'
2022-07-01 09:24:48,158 WARN  [restartedMain] JpaBaseConfiguration$JpaWebConfiguration: spring.jpa.open-in-view is enabled by default. Therefore, database queries may be performed during view rendering. Explicitly configure spring.jpa.open-in-view to disable this warning
2022-07-01 09:24:49,579 INFO  [restartedMain] PropertySourcedRequestMappingHandlerMapping: Mapped URL path [/v2/api-docs] onto method [springfox.documentation.swagger2.web.Swagger2Controller#getDocumentation(String, HttpServletRequest)]
2022-07-01 09:24:49,643 INFO  [restartedMain] UserDetailsServiceAutoConfiguration: 

Using generated security password: cb32103f-6c4b-4d47-94f8-212a225a8fc9

2022-07-01 09:24:49,699 INFO  [restartedMain] DefaultSecurityFilterChain: Will secure any request with [org.springframework.security.web.context.request.async.WebAsyncManagerIntegrationFilter@3565bb0a, org.springframework.security.web.context.SecurityContextPersistenceFilter@1cf07f18, org.springframework.security.web.header.HeaderWriterFilter@6759498a, org.springframework.web.filter.CorsFilter@307e17df, org.springframework.security.web.authentication.logout.LogoutFilter@900039d, io.okkio.security.JwtAuthenticationFilter@46f89749, org.springframework.security.web.savedrequest.RequestCacheAwareFilter@60745d8, org.springframework.security.web.servletapi.SecurityContextHolderAwareRequestFilter@40676263, org.springframework.security.web.authentication.AnonymousAuthenticationFilter@276e90d6, org.springframework.security.web.session.SessionManagementFilter@352eb31f, org.springframework.security.web.access.ExceptionTranslationFilter@2ba4dcd4, org.springframework.security.web.access.intercept.FilterSecurityInterceptor@1e8be3af]
2022-07-01 09:24:49,869 INFO  [restartedMain] OptionalLiveReloadServer: LiveReload server is running on port 35729
2022-07-01 09:24:49,959 WARN  [restartedMain] ThymeleafAutoConfiguration$DefaultTemplateResolverConfiguration: Cannot find template location: classpath:/templates/ (please add some templates or check your Thymeleaf configuration)
2022-07-01 09:24:50,369 INFO  [restartedMain] TomcatWebServer: Tomcat started on port(s): 8092 (http) with context path ''
2022-07-01 09:24:50,372 INFO  [restartedMain] DocumentationPluginsBootstrapper: Context refreshed
2022-07-01 09:24:50,383 INFO  [restartedMain] DocumentationPluginsBootstrapper: Found 1 custom documentation plugin(s)
2022-07-01 09:24:50,417 INFO  [restartedMain] ApiListingReferenceScanner: Scanning for api listing references
2022-07-01 09:24:50,579 INFO  [restartedMain] CachingOperationNameGenerator: Generating unique operation named: addUsingPOST_1
2022-07-01 09:24:50,584 INFO  [restartedMain] CachingOperationNameGenerator: Generating unique operation named: deleteUsingDELETE_1
2022-07-01 09:24:50,589 INFO  [restartedMain] CachingOperationNameGenerator: Generating unique operation named: updateUsingPUT_1
2022-07-01 09:24:50,609 INFO  [restartedMain] CachingOperationNameGenerator: Generating unique operation named: addUsingPOST_2
2022-07-01 09:24:50,610 INFO  [restartedMain] CachingOperationNameGenerator: Generating unique operation named: deleteUsingDELETE_2
2022-07-01 09:24:50,628 INFO  [restartedMain] CachingOperationNameGenerator: Generating unique operation named: updateUsingPUT_2
2022-07-01 09:24:50,639 INFO  [restartedMain] CachingOperationNameGenerator: Generating unique operation named: insertUsingPOST_1
2022-07-01 09:24:50,645 INFO  [restartedMain] CachingOperationNameGenerator: Generating unique operation named: addUsingPOST_3
2022-07-01 09:24:50,655 INFO  [restartedMain] CachingOperationNameGenerator: Generating unique operation named: deleteUsingDELETE_3
2022-07-01 09:24:50,658 INFO  [restartedMain] CachingOperationNameGenerator: Generating unique operation named: updateUsingPUT_3
2022-07-01 09:24:50,692 INFO  [restartedMain] OkkioApplication: Started OkkioApplication in 8.403 seconds (JVM running for 9.509)
2022-07-01 09:25:01,772 INFO  [http-nio-8092-exec-2] [/]: Initializing Spring DispatcherServlet 'dispatcherServlet'
2022-07-01 09:25:01,800 INFO  [http-nio-8092-exec-2] DispatcherServlet: Initializing Servlet 'dispatcherServlet'
2022-07-01 09:25:01,910 INFO  [http-nio-8092-exec-2] DispatcherServlet: Completed initialization in 108 ms
2022-07-01 09:26:51,489 WARN  [HikariPool-1 housekeeper] HikariPool: HikariPool-1 - Thread starvation or clock leap detected (housekeeper delta=1m34s494ms).
2022-07-01 09:27:05,682 INFO  [restartedMain] OkkioApplication: Starting OkkioApplication using Java 13.0.8 on Ais-MacBook-Pro.local with PID 66464 (/Users/aitd/IdeaProjects/okkio-be/okkio-api/target/classes started by aitd in /Users/aitd/IdeaProjects/okkio-be)
2022-07-01 09:27:05,689 INFO  [restartedMain] OkkioApplication: The following profiles are active: swagger,dev
2022-07-01 09:27:05,866 INFO  [restartedMain] DevToolsPropertyDefaultsPostProcessor: Devtools property defaults active! Set 'spring.devtools.add-properties' to 'false' to disable
2022-07-01 09:27:05,866 INFO  [restartedMain] DevToolsPropertyDefaultsPostProcessor: For additional web related logging consider setting the 'logging.level.web' property to 'DEBUG'
2022-07-01 09:27:07,709 INFO  [restartedMain] RepositoryConfigurationDelegate: Multiple Spring Data modules found, entering strict repository configuration mode!
2022-07-01 09:27:07,711 INFO  [restartedMain] RepositoryConfigurationDelegate: Bootstrapping Spring Data JPA repositories in DEFAULT mode.
2022-07-01 09:27:07,848 INFO  [restartedMain] RepositoryConfigurationDelegate: Finished Spring Data repository scanning in 132 ms. Found 7 JPA repository interfaces.
2022-07-01 09:27:07,888 INFO  [restartedMain] RepositoryConfigurationDelegate: Multiple Spring Data modules found, entering strict repository configuration mode!
2022-07-01 09:27:07,889 INFO  [restartedMain] RepositoryConfigurationDelegate: Bootstrapping Spring Data Redis repositories in DEFAULT mode.
2022-07-01 09:27:07,909 INFO  [restartedMain] RepositoryConfigurationExtensionSupport: Spring Data Redis - Could not safely identify store assignment for repository candidate interface io.okkio.repository.CategoryRepository. If you want this repository to be a Redis repository, consider annotating your entities with one of these annotations: org.springframework.data.redis.core.RedisHash (preferred), or consider extending one of the following types with your repository: org.springframework.data.keyvalue.repository.KeyValueRepository.
2022-07-01 09:27:07,915 INFO  [restartedMain] RepositoryConfigurationExtensionSupport: Spring Data Redis - Could not safely identify store assignment for repository candidate interface io.okkio.repository.ProductDetailRepository. If you want this repository to be a Redis repository, consider annotating your entities with one of these annotations: org.springframework.data.redis.core.RedisHash (preferred), or consider extending one of the following types with your repository: org.springframework.data.keyvalue.repository.KeyValueRepository.
2022-07-01 09:27:07,917 INFO  [restartedMain] RepositoryConfigurationExtensionSupport: Spring Data Redis - Could not safely identify store assignment for repository candidate interface io.okkio.repository.ProductRepository. If you want this repository to be a Redis repository, consider annotating your entities with one of these annotations: org.springframework.data.redis.core.RedisHash (preferred), or consider extending one of the following types with your repository: org.springframework.data.keyvalue.repository.KeyValueRepository.
2022-07-01 09:27:07,918 INFO  [restartedMain] RepositoryConfigurationExtensionSupport: Spring Data Redis - Could not safely identify store assignment for repository candidate interface io.okkio.repository.RefreshTokenRepository. If you want this repository to be a Redis repository, consider annotating your entities with one of these annotations: org.springframework.data.redis.core.RedisHash (preferred), or consider extending one of the following types with your repository: org.springframework.data.keyvalue.repository.KeyValueRepository.
2022-07-01 09:27:07,919 INFO  [restartedMain] RepositoryConfigurationExtensionSupport: Spring Data Redis - Could not safely identify store assignment for repository candidate interface io.okkio.repository.RoleRepository. If you want this repository to be a Redis repository, consider annotating your entities with one of these annotations: org.springframework.data.redis.core.RedisHash (preferred), or consider extending one of the following types with your repository: org.springframework.data.keyvalue.repository.KeyValueRepository.
2022-07-01 09:27:07,920 INFO  [restartedMain] RepositoryConfigurationExtensionSupport: Spring Data Redis - Could not safely identify store assignment for repository candidate interface io.okkio.repository.UserRepository. If you want this repository to be a Redis repository, consider annotating your entities with one of these annotations: org.springframework.data.redis.core.RedisHash (preferred), or consider extending one of the following types with your repository: org.springframework.data.keyvalue.repository.KeyValueRepository.
2022-07-01 09:27:07,921 INFO  [restartedMain] RepositoryConfigurationExtensionSupport: Spring Data Redis - Could not safely identify store assignment for repository candidate interface io.okkio.repository.UtilRepository. If you want this repository to be a Redis repository, consider annotating your entities with one of these annotations: org.springframework.data.redis.core.RedisHash (preferred), or consider extending one of the following types with your repository: org.springframework.data.keyvalue.repository.KeyValueRepository.
2022-07-01 09:27:07,922 INFO  [restartedMain] RepositoryConfigurationDelegate: Finished Spring Data repository scanning in 26 ms. Found 0 Redis repository interfaces.
2022-07-01 09:27:08,881 INFO  [restartedMain] PostProcessorRegistrationDelegate$BeanPostProcessorChecker: Bean 'org.springframework.security.access.expression.method.DefaultMethodSecurityExpressionHandler@601e2748' of type [org.springframework.security.access.expression.method.DefaultMethodSecurityExpressionHandler] is not eligible for getting processed by all BeanPostProcessors (for example: not eligible for auto-proxying)
2022-07-01 09:27:08,891 INFO  [restartedMain] PostProcessorRegistrationDelegate$BeanPostProcessorChecker: Bean 'methodSecurityMetadataSource' of type [org.springframework.security.access.method.DelegatingMethodSecurityMetadataSource] is not eligible for getting processed by all BeanPostProcessors (for example: not eligible for auto-proxying)
2022-07-01 09:27:09,158 INFO  [restartedMain] TomcatWebServer: Tomcat initialized with port(s): 8092 (http)
2022-07-01 09:27:09,166 INFO  [restartedMain] StandardService: Starting service [Tomcat]
2022-07-01 09:27:09,166 INFO  [restartedMain] StandardEngine: Starting Servlet engine: [Apache Tomcat/9.0.52]
2022-07-01 09:27:09,248 INFO  [restartedMain] [/]: Initializing Spring embedded WebApplicationContext
2022-07-01 09:27:09,248 INFO  [restartedMain] ServletWebServerApplicationContext: Root WebApplicationContext: initialization completed in 3381 ms
2022-07-01 09:27:09,760 INFO  [restartedMain] HikariDataSource: HikariPool-1 - Starting...
2022-07-01 09:27:10,141 INFO  [restartedMain] HikariDataSource: HikariPool-1 - Start completed.
2022-07-01 09:27:10,960 INFO  [restartedMain] LocalContainerEntityManagerFactoryBean: Initialized JPA EntityManagerFactory for persistence unit 'default'
2022-07-01 09:27:11,039 WARN  [restartedMain] JpaBaseConfiguration$JpaWebConfiguration: spring.jpa.open-in-view is enabled by default. Therefore, database queries may be performed during view rendering. Explicitly configure spring.jpa.open-in-view to disable this warning
2022-07-01 09:27:12,631 INFO  [restartedMain] PropertySourcedRequestMappingHandlerMapping: Mapped URL path [/v2/api-docs] onto method [springfox.documentation.swagger2.web.Swagger2Controller#getDocumentation(String, HttpServletRequest)]
2022-07-01 09:27:12,775 INFO  [restartedMain] UserDetailsServiceAutoConfiguration: 

Using generated security password: 7e7a224f-bef3-4012-8d44-8711685148e3

2022-07-01 09:27:12,857 INFO  [restartedMain] DefaultSecurityFilterChain: Will secure any request with [org.springframework.security.web.context.request.async.WebAsyncManagerIntegrationFilter@2c141979, org.springframework.security.web.context.SecurityContextPersistenceFilter@6dee2801, org.springframework.security.web.header.HeaderWriterFilter@7268e3eb, org.springframework.web.filter.CorsFilter@297e6b3e, org.springframework.security.web.authentication.logout.LogoutFilter@49d21092, io.okkio.security.JwtAuthenticationFilter@14ebee93, org.springframework.security.web.savedrequest.RequestCacheAwareFilter@b5a55ac, org.springframework.security.web.servletapi.SecurityContextHolderAwareRequestFilter@796c89bc, org.springframework.security.web.authentication.AnonymousAuthenticationFilter@584de716, org.springframework.security.web.session.SessionManagementFilter@7104e60f, org.springframework.security.web.access.ExceptionTranslationFilter@31ce70ec, org.springframework.security.web.access.intercept.FilterSecurityInterceptor@1efee440]
2022-07-01 09:27:13,057 INFO  [restartedMain] OptionalLiveReloadServer: LiveReload server is running on port 35729
2022-07-01 09:27:13,168 WARN  [restartedMain] ThymeleafAutoConfiguration$DefaultTemplateResolverConfiguration: Cannot find template location: classpath:/templates/ (please add some templates or check your Thymeleaf configuration)
2022-07-01 09:27:13,797 INFO  [restartedMain] TomcatWebServer: Tomcat started on port(s): 8092 (http) with context path ''
2022-07-01 09:27:13,800 INFO  [restartedMain] DocumentationPluginsBootstrapper: Context refreshed
2022-07-01 09:27:13,810 INFO  [restartedMain] DocumentationPluginsBootstrapper: Found 1 custom documentation plugin(s)
2022-07-01 09:27:13,839 INFO  [restartedMain] ApiListingReferenceScanner: Scanning for api listing references
2022-07-01 09:27:14,055 INFO  [restartedMain] CachingOperationNameGenerator: Generating unique operation named: addUsingPOST_1
2022-07-01 09:27:14,061 INFO  [restartedMain] CachingOperationNameGenerator: Generating unique operation named: deleteUsingDELETE_1
2022-07-01 09:27:14,065 INFO  [restartedMain] CachingOperationNameGenerator: Generating unique operation named: updateUsingPUT_1
2022-07-01 09:27:14,083 INFO  [restartedMain] CachingOperationNameGenerator: Generating unique operation named: addUsingPOST_2
2022-07-01 09:27:14,085 INFO  [restartedMain] CachingOperationNameGenerator: Generating unique operation named: deleteUsingDELETE_2
2022-07-01 09:27:14,104 INFO  [restartedMain] CachingOperationNameGenerator: Generating unique operation named: updateUsingPUT_2
2022-07-01 09:27:14,113 INFO  [restartedMain] CachingOperationNameGenerator: Generating unique operation named: insertUsingPOST_1
2022-07-01 09:27:14,123 INFO  [restartedMain] CachingOperationNameGenerator: Generating unique operation named: addUsingPOST_3
2022-07-01 09:27:14,135 INFO  [restartedMain] CachingOperationNameGenerator: Generating unique operation named: deleteUsingDELETE_3
2022-07-01 09:27:14,139 INFO  [restartedMain] CachingOperationNameGenerator: Generating unique operation named: updateUsingPUT_3
2022-07-01 09:27:14,172 INFO  [restartedMain] OkkioApplication: Started OkkioApplication in 9.627 seconds (JVM running for 11.077)
2022-07-01 09:27:37,702 INFO  [http-nio-8092-exec-2] [/]: Initializing Spring DispatcherServlet 'dispatcherServlet'
2022-07-01 09:27:37,712 INFO  [http-nio-8092-exec-2] DispatcherServlet: Initializing Servlet 'dispatcherServlet'
2022-07-01 09:27:37,726 INFO  [http-nio-8092-exec-2] DispatcherServlet: Completed initialization in 14 ms
2022-07-01 09:43:01,823 INFO  [restartedMain] OkkioApplication: Starting OkkioApplication using Java 13.0.8 on Ais-MacBook-Pro.local with PID 66702 (/Users/aitd/IdeaProjects/okkio-be/okkio-api/target/classes started by aitd in /Users/aitd/IdeaProjects/okkio-be)
2022-07-01 09:43:01,827 INFO  [restartedMain] OkkioApplication: The following profiles are active: swagger,dev
2022-07-01 09:43:01,907 INFO  [restartedMain] DevToolsPropertyDefaultsPostProcessor: Devtools property defaults active! Set 'spring.devtools.add-properties' to 'false' to disable
2022-07-01 09:43:01,908 INFO  [restartedMain] DevToolsPropertyDefaultsPostProcessor: For additional web related logging consider setting the 'logging.level.web' property to 'DEBUG'
2022-07-01 09:43:03,264 INFO  [restartedMain] RepositoryConfigurationDelegate: Multiple Spring Data modules found, entering strict repository configuration mode!
2022-07-01 09:43:03,265 INFO  [restartedMain] RepositoryConfigurationDelegate: Bootstrapping Spring Data JPA repositories in DEFAULT mode.
2022-07-01 09:43:03,379 INFO  [restartedMain] RepositoryConfigurationDelegate: Finished Spring Data repository scanning in 109 ms. Found 7 JPA repository interfaces.
2022-07-01 09:43:03,401 INFO  [restartedMain] RepositoryConfigurationDelegate: Multiple Spring Data modules found, entering strict repository configuration mode!
2022-07-01 09:43:03,402 INFO  [restartedMain] RepositoryConfigurationDelegate: Bootstrapping Spring Data Redis repositories in DEFAULT mode.
2022-07-01 09:43:03,419 INFO  [restartedMain] RepositoryConfigurationExtensionSupport: Spring Data Redis - Could not safely identify store assignment for repository candidate interface io.okkio.repository.CategoryRepository. If you want this repository to be a Redis repository, consider annotating your entities with one of these annotations: org.springframework.data.redis.core.RedisHash (preferred), or consider extending one of the following types with your repository: org.springframework.data.keyvalue.repository.KeyValueRepository.
2022-07-01 09:43:03,424 INFO  [restartedMain] RepositoryConfigurationExtensionSupport: Spring Data Redis - Could not safely identify store assignment for repository candidate interface io.okkio.repository.ProductDetailRepository. If you want this repository to be a Redis repository, consider annotating your entities with one of these annotations: org.springframework.data.redis.core.RedisHash (preferred), or consider extending one of the following types with your repository: org.springframework.data.keyvalue.repository.KeyValueRepository.
2022-07-01 09:43:03,425 INFO  [restartedMain] RepositoryConfigurationExtensionSupport: Spring Data Redis - Could not safely identify store assignment for repository candidate interface io.okkio.repository.ProductRepository. If you want this repository to be a Redis repository, consider annotating your entities with one of these annotations: org.springframework.data.redis.core.RedisHash (preferred), or consider extending one of the following types with your repository: org.springframework.data.keyvalue.repository.KeyValueRepository.
2022-07-01 09:43:03,425 INFO  [restartedMain] RepositoryConfigurationExtensionSupport: Spring Data Redis - Could not safely identify store assignment for repository candidate interface io.okkio.repository.RefreshTokenRepository. If you want this repository to be a Redis repository, consider annotating your entities with one of these annotations: org.springframework.data.redis.core.RedisHash (preferred), or consider extending one of the following types with your repository: org.springframework.data.keyvalue.repository.KeyValueRepository.
2022-07-01 09:43:03,427 INFO  [restartedMain] RepositoryConfigurationExtensionSupport: Spring Data Redis - Could not safely identify store assignment for repository candidate interface io.okkio.repository.RoleRepository. If you want this repository to be a Redis repository, consider annotating your entities with one of these annotations: org.springframework.data.redis.core.RedisHash (preferred), or consider extending one of the following types with your repository: org.springframework.data.keyvalue.repository.KeyValueRepository.
2022-07-01 09:43:03,427 INFO  [restartedMain] RepositoryConfigurationExtensionSupport: Spring Data Redis - Could not safely identify store assignment for repository candidate interface io.okkio.repository.UserRepository. If you want this repository to be a Redis repository, consider annotating your entities with one of these annotations: org.springframework.data.redis.core.RedisHash (preferred), or consider extending one of the following types with your repository: org.springframework.data.keyvalue.repository.KeyValueRepository.
2022-07-01 09:43:03,428 INFO  [restartedMain] RepositoryConfigurationExtensionSupport: Spring Data Redis - Could not safely identify store assignment for repository candidate interface io.okkio.repository.UtilRepository. If you want this repository to be a Redis repository, consider annotating your entities with one of these annotations: org.springframework.data.redis.core.RedisHash (preferred), or consider extending one of the following types with your repository: org.springframework.data.keyvalue.repository.KeyValueRepository.
2022-07-01 09:43:03,428 INFO  [restartedMain] RepositoryConfigurationDelegate: Finished Spring Data repository scanning in 21 ms. Found 0 Redis repository interfaces.
2022-07-01 09:43:03,943 INFO  [restartedMain] PostProcessorRegistrationDelegate$BeanPostProcessorChecker: Bean 'org.springframework.security.access.expression.method.DefaultMethodSecurityExpressionHandler@4590e9bb' of type [org.springframework.security.access.expression.method.DefaultMethodSecurityExpressionHandler] is not eligible for getting processed by all BeanPostProcessors (for example: not eligible for auto-proxying)
2022-07-01 09:43:03,950 INFO  [restartedMain] PostProcessorRegistrationDelegate$BeanPostProcessorChecker: Bean 'methodSecurityMetadataSource' of type [org.springframework.security.access.method.DelegatingMethodSecurityMetadataSource] is not eligible for getting processed by all BeanPostProcessors (for example: not eligible for auto-proxying)
2022-07-01 09:43:04,222 INFO  [restartedMain] TomcatWebServer: Tomcat initialized with port(s): 8092 (http)
2022-07-01 09:43:04,228 INFO  [restartedMain] StandardService: Starting service [Tomcat]
2022-07-01 09:43:04,228 INFO  [restartedMain] StandardEngine: Starting Servlet engine: [Apache Tomcat/9.0.52]
2022-07-01 09:43:04,297 INFO  [restartedMain] [/]: Initializing Spring embedded WebApplicationContext
2022-07-01 09:43:04,297 INFO  [restartedMain] ServletWebServerApplicationContext: Root WebApplicationContext: initialization completed in 2388 ms
2022-07-01 09:43:04,840 INFO  [restartedMain] HikariDataSource: HikariPool-1 - Starting...
2022-07-01 09:43:05,214 INFO  [restartedMain] HikariDataSource: HikariPool-1 - Start completed.
2022-07-01 09:43:06,114 INFO  [restartedMain] LocalContainerEntityManagerFactoryBean: Initialized JPA EntityManagerFactory for persistence unit 'default'
2022-07-01 09:43:06,196 WARN  [restartedMain] JpaBaseConfiguration$JpaWebConfiguration: spring.jpa.open-in-view is enabled by default. Therefore, database queries may be performed during view rendering. Explicitly configure spring.jpa.open-in-view to disable this warning
2022-07-01 09:43:07,611 INFO  [restartedMain] PropertySourcedRequestMappingHandlerMapping: Mapped URL path [/v2/api-docs] onto method [springfox.documentation.swagger2.web.Swagger2Controller#getDocumentation(String, HttpServletRequest)]
2022-07-01 09:43:07,675 INFO  [restartedMain] UserDetailsServiceAutoConfiguration: 

Using generated security password: 12c12ffa-fed3-4145-b7cf-155443f5f825

2022-07-01 09:43:07,741 INFO  [restartedMain] DefaultSecurityFilterChain: Will secure any request with [org.springframework.security.web.context.request.async.WebAsyncManagerIntegrationFilter@4678dbe6, org.springframework.security.web.context.SecurityContextPersistenceFilter@3581943, org.springframework.security.web.header.HeaderWriterFilter@5db7ef75, org.springframework.web.filter.CorsFilter@35ca752b, org.springframework.security.web.authentication.logout.LogoutFilter@7dc43a3a, io.okkio.security.JwtAuthenticationFilter@107ad24b, org.springframework.security.web.savedrequest.RequestCacheAwareFilter@6dfa03f2, org.springframework.security.web.servletapi.SecurityContextHolderAwareRequestFilter@aa668a5, org.springframework.security.web.authentication.AnonymousAuthenticationFilter@35324f10, org.springframework.security.web.session.SessionManagementFilter@1d711877, org.springframework.security.web.access.ExceptionTranslationFilter@5fe83efc, org.springframework.security.web.access.intercept.FilterSecurityInterceptor@23e44c2b]
2022-07-01 09:43:07,895 INFO  [restartedMain] OptionalLiveReloadServer: LiveReload server is running on port 35729
2022-07-01 09:43:07,977 WARN  [restartedMain] ThymeleafAutoConfiguration$DefaultTemplateResolverConfiguration: Cannot find template location: classpath:/templates/ (please add some templates or check your Thymeleaf configuration)
2022-07-01 09:43:08,354 INFO  [restartedMain] TomcatWebServer: Tomcat started on port(s): 8092 (http) with context path ''
2022-07-01 09:43:08,357 INFO  [restartedMain] DocumentationPluginsBootstrapper: Context refreshed
2022-07-01 09:43:08,367 INFO  [restartedMain] DocumentationPluginsBootstrapper: Found 1 custom documentation plugin(s)
2022-07-01 09:43:08,394 INFO  [restartedMain] ApiListingReferenceScanner: Scanning for api listing references
2022-07-01 09:43:08,544 INFO  [restartedMain] CachingOperationNameGenerator: Generating unique operation named: addUsingPOST_1
2022-07-01 09:43:08,548 INFO  [restartedMain] CachingOperationNameGenerator: Generating unique operation named: deleteUsingDELETE_1
2022-07-01 09:43:08,552 INFO  [restartedMain] CachingOperationNameGenerator: Generating unique operation named: updateUsingPUT_1
2022-07-01 09:43:08,587 INFO  [restartedMain] CachingOperationNameGenerator: Generating unique operation named: addUsingPOST_2
2022-07-01 09:43:08,588 INFO  [restartedMain] CachingOperationNameGenerator: Generating unique operation named: deleteUsingDELETE_2
2022-07-01 09:43:08,606 INFO  [restartedMain] CachingOperationNameGenerator: Generating unique operation named: updateUsingPUT_2
2022-07-01 09:43:08,616 INFO  [restartedMain] CachingOperationNameGenerator: Generating unique operation named: insertUsingPOST_1
2022-07-01 09:43:08,625 INFO  [restartedMain] CachingOperationNameGenerator: Generating unique operation named: addUsingPOST_3
2022-07-01 09:43:08,634 INFO  [restartedMain] CachingOperationNameGenerator: Generating unique operation named: deleteUsingDELETE_3
2022-07-01 09:43:08,637 INFO  [restartedMain] CachingOperationNameGenerator: Generating unique operation named: updateUsingPUT_3
2022-07-01 09:43:08,667 INFO  [restartedMain] OkkioApplication: Started OkkioApplication in 7.551 seconds (JVM running for 8.492)
2022-07-01 09:43:15,974 INFO  [http-nio-8092-exec-2] [/]: Initializing Spring DispatcherServlet 'dispatcherServlet'
2022-07-01 09:43:15,981 INFO  [http-nio-8092-exec-2] DispatcherServlet: Initializing Servlet 'dispatcherServlet'
2022-07-01 09:43:15,991 INFO  [http-nio-8092-exec-2] DispatcherServlet: Completed initialization in 10 ms
2022-07-01 09:44:49,256 WARN  [http-nio-8092-exec-6] ProductDetailServicesImpl: ProductDetailServicesImpl - JsonProcessingException with id: 2com.fasterxml.jackson.core.JsonParseException: Unrecognized token 'tastingNotes': was expecting (JSON String, Number, Array, Object or token 'null', 'true' or 'false')
 at [Source: (String)"tastingNotes"; line: 1, column: 13]
2022-07-01 09:44:49,290 ERROR [http-nio-8092-exec-6] [dispatcherServlet]: Servlet.service() for servlet [dispatcherServlet] in context with path [] threw exception [Request processing failed; nested exception is java.lang.RuntimeException: com.fasterxml.jackson.core.JsonParseException: Unrecognized token 'tastingNotes': was expecting (JSON String, Number, Array, Object or token 'null', 'true' or 'false')
 at [Source: (String)"tastingNotes"; line: 1, column: 13]] with root cause
com.fasterxml.jackson.core.JsonParseException: Unrecognized token 'tastingNotes': was expecting (JSON String, Number, Array, Object or token 'null', 'true' or 'false')
 at [Source: (String)"tastingNotes"; line: 1, column: 13]
	at com.fasterxml.jackson.core.JsonParser._constructError(JsonParser.java:2391)
	at com.fasterxml.jackson.core.base.ParserMinimalBase._reportError(ParserMinimalBase.java:745)
	at com.fasterxml.jackson.core.json.ReaderBasedJsonParser._reportInvalidToken(ReaderBasedJsonParser.java:2962)
	at com.fasterxml.jackson.core.json.ReaderBasedJsonParser._reportInvalidToken(ReaderBasedJsonParser.java:2940)
	at com.fasterxml.jackson.core.json.ReaderBasedJsonParser._matchToken(ReaderBasedJsonParser.java:2714)
	at com.fasterxml.jackson.core.json.ReaderBasedJsonParser._matchTrue(ReaderBasedJsonParser.java:2668)
	at com.fasterxml.jackson.core.json.ReaderBasedJsonParser.nextToken(ReaderBasedJsonParser.java:767)
	at com.fasterxml.jackson.databind.ObjectMapper._initForReading(ObjectMapper.java:4684)
	at com.fasterxml.jackson.databind.ObjectMapper._readMapAndClose(ObjectMapper.java:4586)
	at com.fasterxml.jackson.databind.ObjectMapper.readValue(ObjectMapper.java:3548)
	at com.fasterxml.jackson.databind.ObjectMapper.readValue(ObjectMapper.java:3516)
	at io.okkio.services.impl.ProductDetailServicesImpl.getProductDetailById(ProductDetailServicesImpl.java:81)
	at io.okkio.controllers.ProductDetailController.getProductDetailById(ProductDetailController.java:88)
	at io.okkio.controllers.ProductDetailController$$FastClassBySpringCGLIB$$76ac8064.invoke(<generated>)
	at org.springframework.cglib.proxy.MethodProxy.invoke(MethodProxy.java:218)
	at org.springframework.aop.framework.CglibAopProxy$CglibMethodInvocation.invokeJoinpoint(CglibAopProxy.java:779)
	at org.springframework.aop.framework.ReflectiveMethodInvocation.proceed(ReflectiveMethodInvocation.java:163)
	at org.springframework.aop.framework.CglibAopProxy$CglibMethodInvocation.proceed(CglibAopProxy.java:750)
	at org.springframework.security.access.intercept.aopalliance.MethodSecurityInterceptor.invoke(MethodSecurityInterceptor.java:61)
	at org.springframework.aop.framework.ReflectiveMethodInvocation.proceed(ReflectiveMethodInvocation.java:186)
	at org.springframework.aop.framework.CglibAopProxy$CglibMethodInvocation.proceed(CglibAopProxy.java:750)
	at org.springframework.aop.framework.CglibAopProxy$DynamicAdvisedInterceptor.intercept(CglibAopProxy.java:692)
	at io.okkio.controllers.ProductDetailController$$EnhancerBySpringCGLIB$$c4cbc0f9.getProductDetailById(<generated>)
	at java.base/jdk.internal.reflect.NativeMethodAccessorImpl.invoke0(Native Method)
	at java.base/jdk.internal.reflect.NativeMethodAccessorImpl.invoke(NativeMethodAccessorImpl.java:62)
	at java.base/jdk.internal.reflect.DelegatingMethodAccessorImpl.invoke(DelegatingMethodAccessorImpl.java:43)
	at java.base/java.lang.reflect.Method.invoke(Method.java:567)
	at org.springframework.web.method.support.InvocableHandlerMethod.doInvoke(InvocableHandlerMethod.java:197)
	at org.springframework.web.method.support.InvocableHandlerMethod.invokeForRequest(InvocableHandlerMethod.java:141)
	at org.springframework.web.servlet.mvc.method.annotation.ServletInvocableHandlerMethod.invokeAndHandle(ServletInvocableHandlerMethod.java:106)
	at org.springframework.web.servlet.mvc.method.annotation.RequestMappingHandlerAdapter.invokeHandlerMethod(RequestMappingHandlerAdapter.java:895)
	at org.springframework.web.servlet.mvc.method.annotation.RequestMappingHandlerAdapter.handleInternal(RequestMappingHandlerAdapter.java:808)
	at org.springframework.web.servlet.mvc.method.AbstractHandlerMethodAdapter.handle(AbstractHandlerMethodAdapter.java:87)
	at org.springframework.web.servlet.DispatcherServlet.doDispatch(DispatcherServlet.java:1064)
	at org.springframework.web.servlet.DispatcherServlet.doService(DispatcherServlet.java:963)
	at org.springframework.web.servlet.FrameworkServlet.processRequest(FrameworkServlet.java:1006)
	at org.springframework.web.servlet.FrameworkServlet.doGet(FrameworkServlet.java:898)
	at javax.servlet.http.HttpServlet.service(HttpServlet.java:655)
	at org.springframework.web.servlet.FrameworkServlet.service(FrameworkServlet.java:883)
	at javax.servlet.http.HttpServlet.service(HttpServlet.java:764)
	at org.apache.catalina.core.ApplicationFilterChain.internalDoFilter(ApplicationFilterChain.java:227)
	at org.apache.catalina.core.ApplicationFilterChain.doFilter(ApplicationFilterChain.java:162)
	at org.springframework.security.web.FilterChainProxy$VirtualFilterChain.doFilter(FilterChainProxy.java:327)
	at org.springframework.security.web.access.intercept.FilterSecurityInterceptor.invoke(FilterSecurityInterceptor.java:115)
	at org.springframework.security.web.access.intercept.FilterSecurityInterceptor.doFilter(FilterSecurityInterceptor.java:81)
	at org.springframework.security.web.FilterChainProxy$VirtualFilterChain.doFilter(FilterChainProxy.java:336)
	at org.springframework.security.web.access.ExceptionTranslationFilter.doFilter(ExceptionTranslationFilter.java:121)
	at org.springframework.security.web.access.ExceptionTranslationFilter.doFilter(ExceptionTranslationFilter.java:115)
	at org.springframework.security.web.FilterChainProxy$VirtualFilterChain.doFilter(FilterChainProxy.java:336)
	at org.springframework.security.web.session.SessionManagementFilter.doFilter(SessionManagementFilter.java:126)
	at org.springframework.security.web.session.SessionManagementFilter.doFilter(SessionManagementFilter.java:81)
	at org.springframework.security.web.FilterChainProxy$VirtualFilterChain.doFilter(FilterChainProxy.java:336)
	at org.springframework.security.web.authentication.AnonymousAuthenticationFilter.doFilter(AnonymousAuthenticationFilter.java:105)
	at org.springframework.security.web.FilterChainProxy$VirtualFilterChain.doFilter(FilterChainProxy.java:336)
	at org.springframework.security.web.servletapi.SecurityContextHolderAwareRequestFilter.doFilter(SecurityContextHolderAwareRequestFilter.java:149)
	at org.springframework.security.web.FilterChainProxy$VirtualFilterChain.doFilter(FilterChainProxy.java:336)
	at org.springframework.security.web.savedrequest.RequestCacheAwareFilter.doFilter(RequestCacheAwareFilter.java:63)
	at org.springframework.security.web.FilterChainProxy$VirtualFilterChain.doFilter(FilterChainProxy.java:336)
	at io.okkio.security.JwtAuthenticationFilter.doFilterInternal(JwtAuthenticationFilter.java:68)
	at org.springframework.web.filter.OncePerRequestFilter.doFilter(OncePerRequestFilter.java:119)
	at org.springframework.security.web.FilterChainProxy$VirtualFilterChain.doFilter(FilterChainProxy.java:336)
	at org.springframework.security.web.authentication.logout.LogoutFilter.doFilter(LogoutFilter.java:103)
	at org.springframework.security.web.authentication.logout.LogoutFilter.doFilter(LogoutFilter.java:89)
	at org.springframework.security.web.FilterChainProxy$VirtualFilterChain.doFilter(FilterChainProxy.java:336)
	at org.springframework.web.filter.CorsFilter.doFilterInternal(CorsFilter.java:91)
	at org.springframework.web.filter.OncePerRequestFilter.doFilter(OncePerRequestFilter.java:119)
	at org.springframework.security.web.FilterChainProxy$VirtualFilterChain.doFilter(FilterChainProxy.java:336)
	at org.springframework.security.web.header.HeaderWriterFilter.doHeadersAfter(HeaderWriterFilter.java:90)
	at org.springframework.security.web.header.HeaderWriterFilter.doFilterInternal(HeaderWriterFilter.java:75)
	at org.springframework.web.filter.OncePerRequestFilter.doFilter(OncePerRequestFilter.java:119)
	at org.springframework.security.web.FilterChainProxy$VirtualFilterChain.doFilter(FilterChainProxy.java:336)
	at org.springframework.security.web.context.SecurityContextPersistenceFilter.doFilter(SecurityContextPersistenceFilter.java:110)
	at org.springframework.security.web.context.SecurityContextPersistenceFilter.doFilter(SecurityContextPersistenceFilter.java:80)
	at org.springframework.security.web.FilterChainProxy$VirtualFilterChain.doFilter(FilterChainProxy.java:336)
	at org.springframework.security.web.context.request.async.WebAsyncManagerIntegrationFilter.doFilterInternal(WebAsyncManagerIntegrationFilter.java:55)
	at org.springframework.web.filter.OncePerRequestFilter.doFilter(OncePerRequestFilter.java:119)
	at org.springframework.security.web.FilterChainProxy$VirtualFilterChain.doFilter(FilterChainProxy.java:336)
	at org.springframework.security.web.FilterChainProxy.doFilterInternal(FilterChainProxy.java:211)
	at org.springframework.security.web.FilterChainProxy.doFilter(FilterChainProxy.java:183)
	at org.springframework.web.filter.DelegatingFilterProxy.invokeDelegate(DelegatingFilterProxy.java:358)
	at org.springframework.web.filter.DelegatingFilterProxy.doFilter(DelegatingFilterProxy.java:271)
	at org.apache.catalina.core.ApplicationFilterChain.internalDoFilter(ApplicationFilterChain.java:189)
	at org.apache.catalina.core.ApplicationFilterChain.doFilter(ApplicationFilterChain.java:162)
	at org.springframework.web.filter.RequestContextFilter.doFilterInternal(RequestContextFilter.java:100)
	at org.springframework.web.filter.OncePerRequestFilter.doFilter(OncePerRequestFilter.java:119)
	at org.apache.catalina.core.ApplicationFilterChain.internalDoFilter(ApplicationFilterChain.java:189)
	at org.apache.catalina.core.ApplicationFilterChain.doFilter(ApplicationFilterChain.java:162)
	at org.springframework.web.filter.FormContentFilter.doFilterInternal(FormContentFilter.java:93)
	at org.springframework.web.filter.OncePerRequestFilter.doFilter(OncePerRequestFilter.java:119)
	at org.apache.catalina.core.ApplicationFilterChain.internalDoFilter(ApplicationFilterChain.java:189)
	at org.apache.catalina.core.ApplicationFilterChain.doFilter(ApplicationFilterChain.java:162)
	at org.springframework.web.filter.CharacterEncodingFilter.doFilterInternal(CharacterEncodingFilter.java:201)
	at org.springframework.web.filter.OncePerRequestFilter.doFilter(OncePerRequestFilter.java:119)
	at org.apache.catalina.core.ApplicationFilterChain.internalDoFilter(ApplicationFilterChain.java:189)
	at org.apache.catalina.core.ApplicationFilterChain.doFilter(ApplicationFilterChain.java:162)
	at org.apache.catalina.core.StandardWrapperValve.invoke(StandardWrapperValve.java:197)
	at org.apache.catalina.core.StandardContextValve.invoke(StandardContextValve.java:97)
	at org.apache.catalina.authenticator.AuthenticatorBase.invoke(AuthenticatorBase.java:542)
	at org.apache.catalina.core.StandardHostValve.invoke(StandardHostValve.java:135)
	at org.apache.catalina.valves.ErrorReportValve.invoke(ErrorReportValve.java:92)
	at org.apache.catalina.core.StandardEngineValve.invoke(StandardEngineValve.java:78)
	at org.apache.catalina.connector.CoyoteAdapter.service(CoyoteAdapter.java:357)
	at org.apache.coyote.http11.Http11Processor.service(Http11Processor.java:382)
	at org.apache.coyote.AbstractProcessorLight.process(AbstractProcessorLight.java:65)
	at org.apache.coyote.AbstractProtocol$ConnectionHandler.process(AbstractProtocol.java:893)
	at org.apache.tomcat.util.net.NioEndpoint$SocketProcessor.doRun(NioEndpoint.java:1726)
	at org.apache.tomcat.util.net.SocketProcessorBase.run(SocketProcessorBase.java:49)
	at org.apache.tomcat.util.threads.ThreadPoolExecutor.runWorker(ThreadPoolExecutor.java:1191)
	at org.apache.tomcat.util.threads.ThreadPoolExecutor$Worker.run(ThreadPoolExecutor.java:659)
	at org.apache.tomcat.util.threads.TaskThread$WrappingRunnable.run(TaskThread.java:61)
	at java.base/java.lang.Thread.run(Thread.java:830)
2022-07-01 09:47:03,125 INFO  [restartedMain] OkkioApplication: Starting OkkioApplication using Java 13.0.8 on Ais-MacBook-Pro.local with PID 66751 (/Users/aitd/IdeaProjects/okkio-be/okkio-api/target/classes started by aitd in /Users/aitd/IdeaProjects/okkio-be)
2022-07-01 09:47:03,129 INFO  [restartedMain] OkkioApplication: The following profiles are active: swagger,dev
2022-07-01 09:47:03,235 INFO  [restartedMain] DevToolsPropertyDefaultsPostProcessor: Devtools property defaults active! Set 'spring.devtools.add-properties' to 'false' to disable
2022-07-01 09:47:03,235 INFO  [restartedMain] DevToolsPropertyDefaultsPostProcessor: For additional web related logging consider setting the 'logging.level.web' property to 'DEBUG'
2022-07-01 09:47:04,618 INFO  [restartedMain] RepositoryConfigurationDelegate: Multiple Spring Data modules found, entering strict repository configuration mode!
2022-07-01 09:47:04,620 INFO  [restartedMain] RepositoryConfigurationDelegate: Bootstrapping Spring Data JPA repositories in DEFAULT mode.
2022-07-01 09:47:04,761 INFO  [restartedMain] RepositoryConfigurationDelegate: Finished Spring Data repository scanning in 136 ms. Found 7 JPA repository interfaces.
2022-07-01 09:47:04,788 INFO  [restartedMain] RepositoryConfigurationDelegate: Multiple Spring Data modules found, entering strict repository configuration mode!
2022-07-01 09:47:04,790 INFO  [restartedMain] RepositoryConfigurationDelegate: Bootstrapping Spring Data Redis repositories in DEFAULT mode.
2022-07-01 09:47:04,809 INFO  [restartedMain] RepositoryConfigurationExtensionSupport: Spring Data Redis - Could not safely identify store assignment for repository candidate interface io.okkio.repository.CategoryRepository. If you want this repository to be a Redis repository, consider annotating your entities with one of these annotations: org.springframework.data.redis.core.RedisHash (preferred), or consider extending one of the following types with your repository: org.springframework.data.keyvalue.repository.KeyValueRepository.
2022-07-01 09:47:04,815 INFO  [restartedMain] RepositoryConfigurationExtensionSupport: Spring Data Redis - Could not safely identify store assignment for repository candidate interface io.okkio.repository.ProductDetailRepository. If you want this repository to be a Redis repository, consider annotating your entities with one of these annotations: org.springframework.data.redis.core.RedisHash (preferred), or consider extending one of the following types with your repository: org.springframework.data.keyvalue.repository.KeyValueRepository.
2022-07-01 09:47:04,816 INFO  [restartedMain] RepositoryConfigurationExtensionSupport: Spring Data Redis - Could not safely identify store assignment for repository candidate interface io.okkio.repository.ProductRepository. If you want this repository to be a Redis repository, consider annotating your entities with one of these annotations: org.springframework.data.redis.core.RedisHash (preferred), or consider extending one of the following types with your repository: org.springframework.data.keyvalue.repository.KeyValueRepository.
2022-07-01 09:47:04,817 INFO  [restartedMain] RepositoryConfigurationExtensionSupport: Spring Data Redis - Could not safely identify store assignment for repository candidate interface io.okkio.repository.RefreshTokenRepository. If you want this repository to be a Redis repository, consider annotating your entities with one of these annotations: org.springframework.data.redis.core.RedisHash (preferred), or consider extending one of the following types with your repository: org.springframework.data.keyvalue.repository.KeyValueRepository.
2022-07-01 09:47:04,818 INFO  [restartedMain] RepositoryConfigurationExtensionSupport: Spring Data Redis - Could not safely identify store assignment for repository candidate interface io.okkio.repository.RoleRepository. If you want this repository to be a Redis repository, consider annotating your entities with one of these annotations: org.springframework.data.redis.core.RedisHash (preferred), or consider extending one of the following types with your repository: org.springframework.data.keyvalue.repository.KeyValueRepository.
2022-07-01 09:47:04,819 INFO  [restartedMain] RepositoryConfigurationExtensionSupport: Spring Data Redis - Could not safely identify store assignment for repository candidate interface io.okkio.repository.UserRepository. If you want this repository to be a Redis repository, consider annotating your entities with one of these annotations: org.springframework.data.redis.core.RedisHash (preferred), or consider extending one of the following types with your repository: org.springframework.data.keyvalue.repository.KeyValueRepository.
2022-07-01 09:47:04,820 INFO  [restartedMain] RepositoryConfigurationExtensionSupport: Spring Data Redis - Could not safely identify store assignment for repository candidate interface io.okkio.repository.UtilRepository. If you want this repository to be a Redis repository, consider annotating your entities with one of these annotations: org.springframework.data.redis.core.RedisHash (preferred), or consider extending one of the following types with your repository: org.springframework.data.keyvalue.repository.KeyValueRepository.
2022-07-01 09:47:04,820 INFO  [restartedMain] RepositoryConfigurationDelegate: Finished Spring Data repository scanning in 25 ms. Found 0 Redis repository interfaces.
2022-07-01 09:47:05,343 INFO  [restartedMain] PostProcessorRegistrationDelegate$BeanPostProcessorChecker: Bean 'org.springframework.security.access.expression.method.DefaultMethodSecurityExpressionHandler@601e2748' of type [org.springframework.security.access.expression.method.DefaultMethodSecurityExpressionHandler] is not eligible for getting processed by all BeanPostProcessors (for example: not eligible for auto-proxying)
2022-07-01 09:47:05,353 INFO  [restartedMain] PostProcessorRegistrationDelegate$BeanPostProcessorChecker: Bean 'methodSecurityMetadataSource' of type [org.springframework.security.access.method.DelegatingMethodSecurityMetadataSource] is not eligible for getting processed by all BeanPostProcessors (for example: not eligible for auto-proxying)
2022-07-01 09:47:05,686 INFO  [restartedMain] TomcatWebServer: Tomcat initialized with port(s): 8092 (http)
2022-07-01 09:47:05,693 INFO  [restartedMain] StandardService: Starting service [Tomcat]
2022-07-01 09:47:05,694 INFO  [restartedMain] StandardEngine: Starting Servlet engine: [Apache Tomcat/9.0.52]
2022-07-01 09:47:05,779 INFO  [restartedMain] [/]: Initializing Spring embedded WebApplicationContext
2022-07-01 09:47:05,779 INFO  [restartedMain] ServletWebServerApplicationContext: Root WebApplicationContext: initialization completed in 2543 ms
2022-07-01 09:47:06,326 INFO  [restartedMain] HikariDataSource: HikariPool-1 - Starting...
2022-07-01 09:47:06,733 INFO  [restartedMain] HikariDataSource: HikariPool-1 - Start completed.
2022-07-01 09:47:07,593 INFO  [restartedMain] LocalContainerEntityManagerFactoryBean: Initialized JPA EntityManagerFactory for persistence unit 'default'
2022-07-01 09:47:07,671 WARN  [restartedMain] JpaBaseConfiguration$JpaWebConfiguration: spring.jpa.open-in-view is enabled by default. Therefore, database queries may be performed during view rendering. Explicitly configure spring.jpa.open-in-view to disable this warning
2022-07-01 09:47:09,113 INFO  [restartedMain] PropertySourcedRequestMappingHandlerMapping: Mapped URL path [/v2/api-docs] onto method [springfox.documentation.swagger2.web.Swagger2Controller#getDocumentation(String, HttpServletRequest)]
2022-07-01 09:47:09,175 INFO  [restartedMain] UserDetailsServiceAutoConfiguration: 

Using generated security password: d7b32afa-755a-4e33-b857-de95f9f266d1

2022-07-01 09:47:09,230 INFO  [restartedMain] DefaultSecurityFilterChain: Will secure any request with [org.springframework.security.web.context.request.async.WebAsyncManagerIntegrationFilter@676260a2, org.springframework.security.web.context.SecurityContextPersistenceFilter@4d90f092, org.springframework.security.web.header.HeaderWriterFilter@6bc0a037, org.springframework.web.filter.CorsFilter@30150123, org.springframework.security.web.authentication.logout.LogoutFilter@7339944a, io.okkio.security.JwtAuthenticationFilter@65fa50be, org.springframework.security.web.savedrequest.RequestCacheAwareFilter@21e68415, org.springframework.security.web.servletapi.SecurityContextHolderAwareRequestFilter@b5a55ac, org.springframework.security.web.authentication.AnonymousAuthenticationFilter@1efee440, org.springframework.security.web.session.SessionManagementFilter@434b88e9, org.springframework.security.web.access.ExceptionTranslationFilter@2e190653, org.springframework.security.web.access.intercept.FilterSecurityInterceptor@720ea511]
2022-07-01 09:47:09,412 INFO  [restartedMain] OptionalLiveReloadServer: LiveReload server is running on port 35729
2022-07-01 09:47:09,510 WARN  [restartedMain] ThymeleafAutoConfiguration$DefaultTemplateResolverConfiguration: Cannot find template location: classpath:/templates/ (please add some templates or check your Thymeleaf configuration)
2022-07-01 09:47:09,890 INFO  [restartedMain] TomcatWebServer: Tomcat started on port(s): 8092 (http) with context path ''
2022-07-01 09:47:09,893 INFO  [restartedMain] DocumentationPluginsBootstrapper: Context refreshed
2022-07-01 09:47:09,903 INFO  [restartedMain] DocumentationPluginsBootstrapper: Found 1 custom documentation plugin(s)
2022-07-01 09:47:09,934 INFO  [restartedMain] ApiListingReferenceScanner: Scanning for api listing references
2022-07-01 09:47:10,095 INFO  [restartedMain] CachingOperationNameGenerator: Generating unique operation named: addUsingPOST_1
2022-07-01 09:47:10,099 INFO  [restartedMain] CachingOperationNameGenerator: Generating unique operation named: deleteUsingDELETE_1
2022-07-01 09:47:10,103 INFO  [restartedMain] CachingOperationNameGenerator: Generating unique operation named: updateUsingPUT_1
2022-07-01 09:47:10,122 INFO  [restartedMain] CachingOperationNameGenerator: Generating unique operation named: addUsingPOST_2
2022-07-01 09:47:10,124 INFO  [restartedMain] CachingOperationNameGenerator: Generating unique operation named: deleteUsingDELETE_2
2022-07-01 09:47:10,142 INFO  [restartedMain] CachingOperationNameGenerator: Generating unique operation named: updateUsingPUT_2
2022-07-01 09:47:10,151 INFO  [restartedMain] CachingOperationNameGenerator: Generating unique operation named: insertUsingPOST_1
2022-07-01 09:47:10,158 INFO  [restartedMain] CachingOperationNameGenerator: Generating unique operation named: addUsingPOST_3
2022-07-01 09:47:10,168 INFO  [restartedMain] CachingOperationNameGenerator: Generating unique operation named: deleteUsingDELETE_3
2022-07-01 09:47:10,171 INFO  [restartedMain] CachingOperationNameGenerator: Generating unique operation named: updateUsingPUT_3
2022-07-01 09:47:10,207 INFO  [restartedMain] OkkioApplication: Started OkkioApplication in 7.968 seconds (JVM running for 8.984)
2022-07-01 09:47:17,686 INFO  [http-nio-8092-exec-2] [/]: Initializing Spring DispatcherServlet 'dispatcherServlet'
2022-07-01 09:47:17,693 INFO  [http-nio-8092-exec-2] DispatcherServlet: Initializing Servlet 'dispatcherServlet'
2022-07-01 09:47:17,703 INFO  [http-nio-8092-exec-2] DispatcherServlet: Completed initialization in 9 ms
2022-07-01 09:47:32,367 WARN  [http-nio-8092-exec-3] ProductDetailServicesImpl: ProductDetailServicesImpl - getProductDetailById null with id: 2
2022-07-01 09:47:39,543 WARN  [http-nio-8092-exec-4] ProductDetailServicesImpl: ProductDetailServicesImpl - JsonProcessingException with id: 3com.fasterxml.jackson.databind.exc.MismatchedInputException: Cannot deserialize value of type `java.util.ArrayList<java.lang.Object>` from String value (token `JsonToken.VALUE_STRING`)
 at [Source: (String)""[{"id":1,"name":"Free Shipping Nationwide","description":"For all orders over 300,000 VND"},{"id":2,"name":"Free return 30 days","description":"Support payment when receiving goods, or pay via Visa/Master card and e-wallet"},{"id":3,"name":"Do you need support?","description":"Call 1900 6931All days of the week (from 8:00 to 21:00)"}]""; line: 1, column: 1]
2022-07-01 09:47:39,600 ERROR [http-nio-8092-exec-4] [dispatcherServlet]: Servlet.service() for servlet [dispatcherServlet] in context with path [] threw exception [Request processing failed; nested exception is java.lang.RuntimeException: com.fasterxml.jackson.databind.exc.MismatchedInputException: Cannot deserialize value of type `java.util.ArrayList<java.lang.Object>` from String value (token `JsonToken.VALUE_STRING`)
 at [Source: (String)""[{"id":1,"name":"Free Shipping Nationwide","description":"For all orders over 300,000 VND"},{"id":2,"name":"Free return 30 days","description":"Support payment when receiving goods, or pay via Visa/Master card and e-wallet"},{"id":3,"name":"Do you need support?","description":"Call 1900 6931All days of the week (from 8:00 to 21:00)"}]""; line: 1, column: 1]] with root cause
com.fasterxml.jackson.databind.exc.MismatchedInputException: Cannot deserialize value of type `java.util.ArrayList<java.lang.Object>` from String value (token `JsonToken.VALUE_STRING`)
 at [Source: (String)""[{"id":1,"name":"Free Shipping Nationwide","description":"For all orders over 300,000 VND"},{"id":2,"name":"Free return 30 days","description":"Support payment when receiving goods, or pay via Visa/Master card and e-wallet"},{"id":3,"name":"Do you need support?","description":"Call 1900 6931All days of the week (from 8:00 to 21:00)"}]""; line: 1, column: 1]
	at com.fasterxml.jackson.databind.exc.MismatchedInputException.from(MismatchedInputException.java:59)
	at com.fasterxml.jackson.databind.DeserializationContext.reportInputMismatch(DeserializationContext.java:1601)
	at com.fasterxml.jackson.databind.DeserializationContext.handleUnexpectedToken(DeserializationContext.java:1375)
	at com.fasterxml.jackson.databind.DeserializationContext.handleUnexpectedToken(DeserializationContext.java:1322)
	at com.fasterxml.jackson.databind.deser.std.CollectionDeserializer.handleNonArray(CollectionDeserializer.java:392)
	at com.fasterxml.jackson.databind.deser.std.CollectionDeserializer._deserializeFromString(CollectionDeserializer.java:326)
	at com.fasterxml.jackson.databind.deser.std.CollectionDeserializer.deserialize(CollectionDeserializer.java:250)
	at com.fasterxml.jackson.databind.deser.std.CollectionDeserializer.deserialize(CollectionDeserializer.java:28)
	at com.fasterxml.jackson.databind.deser.DefaultDeserializationContext.readRootValue(DefaultDeserializationContext.java:322)
	at com.fasterxml.jackson.databind.ObjectMapper._readMapAndClose(ObjectMapper.java:4593)
	at com.fasterxml.jackson.databind.ObjectMapper.readValue(ObjectMapper.java:3548)
	at com.fasterxml.jackson.databind.ObjectMapper.readValue(ObjectMapper.java:3531)
	at io.okkio.services.impl.ProductDetailServicesImpl.getProductDetailById(ProductDetailServicesImpl.java:82)
	at io.okkio.controllers.ProductDetailController.getProductDetailById(ProductDetailController.java:88)
	at io.okkio.controllers.ProductDetailController$$FastClassBySpringCGLIB$$76ac8064.invoke(<generated>)
	at org.springframework.cglib.proxy.MethodProxy.invoke(MethodProxy.java:218)
	at org.springframework.aop.framework.CglibAopProxy$CglibMethodInvocation.invokeJoinpoint(CglibAopProxy.java:779)
	at org.springframework.aop.framework.ReflectiveMethodInvocation.proceed(ReflectiveMethodInvocation.java:163)
	at org.springframework.aop.framework.CglibAopProxy$CglibMethodInvocation.proceed(CglibAopProxy.java:750)
	at org.springframework.security.access.intercept.aopalliance.MethodSecurityInterceptor.invoke(MethodSecurityInterceptor.java:61)
	at org.springframework.aop.framework.ReflectiveMethodInvocation.proceed(ReflectiveMethodInvocation.java:186)
	at org.springframework.aop.framework.CglibAopProxy$CglibMethodInvocation.proceed(CglibAopProxy.java:750)
	at org.springframework.aop.framework.CglibAopProxy$DynamicAdvisedInterceptor.intercept(CglibAopProxy.java:692)
	at io.okkio.controllers.ProductDetailController$$EnhancerBySpringCGLIB$$8d9b89dc.getProductDetailById(<generated>)
	at java.base/jdk.internal.reflect.NativeMethodAccessorImpl.invoke0(Native Method)
	at java.base/jdk.internal.reflect.NativeMethodAccessorImpl.invoke(NativeMethodAccessorImpl.java:62)
	at java.base/jdk.internal.reflect.DelegatingMethodAccessorImpl.invoke(DelegatingMethodAccessorImpl.java:43)
	at java.base/java.lang.reflect.Method.invoke(Method.java:567)
	at org.springframework.web.method.support.InvocableHandlerMethod.doInvoke(InvocableHandlerMethod.java:197)
	at org.springframework.web.method.support.InvocableHandlerMethod.invokeForRequest(InvocableHandlerMethod.java:141)
	at org.springframework.web.servlet.mvc.method.annotation.ServletInvocableHandlerMethod.invokeAndHandle(ServletInvocableHandlerMethod.java:106)
	at org.springframework.web.servlet.mvc.method.annotation.RequestMappingHandlerAdapter.invokeHandlerMethod(RequestMappingHandlerAdapter.java:895)
	at org.springframework.web.servlet.mvc.method.annotation.RequestMappingHandlerAdapter.handleInternal(RequestMappingHandlerAdapter.java:808)
	at org.springframework.web.servlet.mvc.method.AbstractHandlerMethodAdapter.handle(AbstractHandlerMethodAdapter.java:87)
	at org.springframework.web.servlet.DispatcherServlet.doDispatch(DispatcherServlet.java:1064)
	at org.springframework.web.servlet.DispatcherServlet.doService(DispatcherServlet.java:963)
	at org.springframework.web.servlet.FrameworkServlet.processRequest(FrameworkServlet.java:1006)
	at org.springframework.web.servlet.FrameworkServlet.doGet(FrameworkServlet.java:898)
	at javax.servlet.http.HttpServlet.service(HttpServlet.java:655)
	at org.springframework.web.servlet.FrameworkServlet.service(FrameworkServlet.java:883)
	at javax.servlet.http.HttpServlet.service(HttpServlet.java:764)
	at org.apache.catalina.core.ApplicationFilterChain.internalDoFilter(ApplicationFilterChain.java:227)
	at org.apache.catalina.core.ApplicationFilterChain.doFilter(ApplicationFilterChain.java:162)
	at org.springframework.security.web.FilterChainProxy$VirtualFilterChain.doFilter(FilterChainProxy.java:327)
	at org.springframework.security.web.access.intercept.FilterSecurityInterceptor.invoke(FilterSecurityInterceptor.java:115)
	at org.springframework.security.web.access.intercept.FilterSecurityInterceptor.doFilter(FilterSecurityInterceptor.java:81)
	at org.springframework.security.web.FilterChainProxy$VirtualFilterChain.doFilter(FilterChainProxy.java:336)
	at org.springframework.security.web.access.ExceptionTranslationFilter.doFilter(ExceptionTranslationFilter.java:121)
	at org.springframework.security.web.access.ExceptionTranslationFilter.doFilter(ExceptionTranslationFilter.java:115)
	at org.springframework.security.web.FilterChainProxy$VirtualFilterChain.doFilter(FilterChainProxy.java:336)
	at org.springframework.security.web.session.SessionManagementFilter.doFilter(SessionManagementFilter.java:126)
	at org.springframework.security.web.session.SessionManagementFilter.doFilter(SessionManagementFilter.java:81)
	at org.springframework.security.web.FilterChainProxy$VirtualFilterChain.doFilter(FilterChainProxy.java:336)
	at org.springframework.security.web.authentication.AnonymousAuthenticationFilter.doFilter(AnonymousAuthenticationFilter.java:105)
	at org.springframework.security.web.FilterChainProxy$VirtualFilterChain.doFilter(FilterChainProxy.java:336)
	at org.springframework.security.web.servletapi.SecurityContextHolderAwareRequestFilter.doFilter(SecurityContextHolderAwareRequestFilter.java:149)
	at org.springframework.security.web.FilterChainProxy$VirtualFilterChain.doFilter(FilterChainProxy.java:336)
	at org.springframework.security.web.savedrequest.RequestCacheAwareFilter.doFilter(RequestCacheAwareFilter.java:63)
	at org.springframework.security.web.FilterChainProxy$VirtualFilterChain.doFilter(FilterChainProxy.java:336)
	at io.okkio.security.JwtAuthenticationFilter.doFilterInternal(JwtAuthenticationFilter.java:68)
	at org.springframework.web.filter.OncePerRequestFilter.doFilter(OncePerRequestFilter.java:119)
	at org.springframework.security.web.FilterChainProxy$VirtualFilterChain.doFilter(FilterChainProxy.java:336)
	at org.springframework.security.web.authentication.logout.LogoutFilter.doFilter(LogoutFilter.java:103)
	at org.springframework.security.web.authentication.logout.LogoutFilter.doFilter(LogoutFilter.java:89)
	at org.springframework.security.web.FilterChainProxy$VirtualFilterChain.doFilter(FilterChainProxy.java:336)
	at org.springframework.web.filter.CorsFilter.doFilterInternal(CorsFilter.java:91)
	at org.springframework.web.filter.OncePerRequestFilter.doFilter(OncePerRequestFilter.java:119)
	at org.springframework.security.web.FilterChainProxy$VirtualFilterChain.doFilter(FilterChainProxy.java:336)
	at org.springframework.security.web.header.HeaderWriterFilter.doHeadersAfter(HeaderWriterFilter.java:90)
	at org.springframework.security.web.header.HeaderWriterFilter.doFilterInternal(HeaderWriterFilter.java:75)
	at org.springframework.web.filter.OncePerRequestFilter.doFilter(OncePerRequestFilter.java:119)
	at org.springframework.security.web.FilterChainProxy$VirtualFilterChain.doFilter(FilterChainProxy.java:336)
	at org.springframework.security.web.context.SecurityContextPersistenceFilter.doFilter(SecurityContextPersistenceFilter.java:110)
	at org.springframework.security.web.context.SecurityContextPersistenceFilter.doFilter(SecurityContextPersistenceFilter.java:80)
	at org.springframework.security.web.FilterChainProxy$VirtualFilterChain.doFilter(FilterChainProxy.java:336)
	at org.springframework.security.web.context.request.async.WebAsyncManagerIntegrationFilter.doFilterInternal(WebAsyncManagerIntegrationFilter.java:55)
	at org.springframework.web.filter.OncePerRequestFilter.doFilter(OncePerRequestFilter.java:119)
	at org.springframework.security.web.FilterChainProxy$VirtualFilterChain.doFilter(FilterChainProxy.java:336)
	at org.springframework.security.web.FilterChainProxy.doFilterInternal(FilterChainProxy.java:211)
	at org.springframework.security.web.FilterChainProxy.doFilter(FilterChainProxy.java:183)
	at org.springframework.web.filter.DelegatingFilterProxy.invokeDelegate(DelegatingFilterProxy.java:358)
	at org.springframework.web.filter.DelegatingFilterProxy.doFilter(DelegatingFilterProxy.java:271)
	at org.apache.catalina.core.ApplicationFilterChain.internalDoFilter(ApplicationFilterChain.java:189)
	at org.apache.catalina.core.ApplicationFilterChain.doFilter(ApplicationFilterChain.java:162)
	at org.springframework.web.filter.RequestContextFilter.doFilterInternal(RequestContextFilter.java:100)
	at org.springframework.web.filter.OncePerRequestFilter.doFilter(OncePerRequestFilter.java:119)
	at org.apache.catalina.core.ApplicationFilterChain.internalDoFilter(ApplicationFilterChain.java:189)
	at org.apache.catalina.core.ApplicationFilterChain.doFilter(ApplicationFilterChain.java:162)
	at org.springframework.web.filter.FormContentFilter.doFilterInternal(FormContentFilter.java:93)
	at org.springframework.web.filter.OncePerRequestFilter.doFilter(OncePerRequestFilter.java:119)
	at org.apache.catalina.core.ApplicationFilterChain.internalDoFilter(ApplicationFilterChain.java:189)
	at org.apache.catalina.core.ApplicationFilterChain.doFilter(ApplicationFilterChain.java:162)
	at org.springframework.web.filter.CharacterEncodingFilter.doFilterInternal(CharacterEncodingFilter.java:201)
	at org.springframework.web.filter.OncePerRequestFilter.doFilter(OncePerRequestFilter.java:119)
	at org.apache.catalina.core.ApplicationFilterChain.internalDoFilter(ApplicationFilterChain.java:189)
	at org.apache.catalina.core.ApplicationFilterChain.doFilter(ApplicationFilterChain.java:162)
	at org.apache.catalina.core.StandardWrapperValve.invoke(StandardWrapperValve.java:197)
	at org.apache.catalina.core.StandardContextValve.invoke(StandardContextValve.java:97)
	at org.apache.catalina.authenticator.AuthenticatorBase.invoke(AuthenticatorBase.java:542)
	at org.apache.catalina.core.StandardHostValve.invoke(StandardHostValve.java:135)
	at org.apache.catalina.valves.ErrorReportValve.invoke(ErrorReportValve.java:92)
	at org.apache.catalina.core.StandardEngineValve.invoke(StandardEngineValve.java:78)
	at org.apache.catalina.connector.CoyoteAdapter.service(CoyoteAdapter.java:357)
	at org.apache.coyote.http11.Http11Processor.service(Http11Processor.java:382)
	at org.apache.coyote.AbstractProcessorLight.process(AbstractProcessorLight.java:65)
	at org.apache.coyote.AbstractProtocol$ConnectionHandler.process(AbstractProtocol.java:893)
	at org.apache.tomcat.util.net.NioEndpoint$SocketProcessor.doRun(NioEndpoint.java:1726)
	at org.apache.tomcat.util.net.SocketProcessorBase.run(SocketProcessorBase.java:49)
	at org.apache.tomcat.util.threads.ThreadPoolExecutor.runWorker(ThreadPoolExecutor.java:1191)
	at org.apache.tomcat.util.threads.ThreadPoolExecutor$Worker.run(ThreadPoolExecutor.java:659)
	at org.apache.tomcat.util.threads.TaskThread$WrappingRunnable.run(TaskThread.java:61)
	at java.base/java.lang.Thread.run(Thread.java:830)
2022-07-01 09:48:11,326 INFO  [restartedMain] OkkioApplication: Starting OkkioApplication using Java 13.0.8 on Ais-MacBook-Pro.local with PID 66782 (/Users/aitd/IdeaProjects/okkio-be/okkio-api/target/classes started by aitd in /Users/aitd/IdeaProjects/okkio-be)
2022-07-01 09:48:11,333 INFO  [restartedMain] OkkioApplication: The following profiles are active: swagger,dev
2022-07-01 09:48:11,424 INFO  [restartedMain] DevToolsPropertyDefaultsPostProcessor: Devtools property defaults active! Set 'spring.devtools.add-properties' to 'false' to disable
2022-07-01 09:48:11,424 INFO  [restartedMain] DevToolsPropertyDefaultsPostProcessor: For additional web related logging consider setting the 'logging.level.web' property to 'DEBUG'
2022-07-01 09:48:12,752 INFO  [restartedMain] RepositoryConfigurationDelegate: Multiple Spring Data modules found, entering strict repository configuration mode!
2022-07-01 09:48:12,753 INFO  [restartedMain] RepositoryConfigurationDelegate: Bootstrapping Spring Data JPA repositories in DEFAULT mode.
2022-07-01 09:48:12,883 INFO  [restartedMain] RepositoryConfigurationDelegate: Finished Spring Data repository scanning in 124 ms. Found 7 JPA repository interfaces.
2022-07-01 09:48:12,906 INFO  [restartedMain] RepositoryConfigurationDelegate: Multiple Spring Data modules found, entering strict repository configuration mode!
2022-07-01 09:48:12,907 INFO  [restartedMain] RepositoryConfigurationDelegate: Bootstrapping Spring Data Redis repositories in DEFAULT mode.
2022-07-01 09:48:12,923 INFO  [restartedMain] RepositoryConfigurationExtensionSupport: Spring Data Redis - Could not safely identify store assignment for repository candidate interface io.okkio.repository.CategoryRepository. If you want this repository to be a Redis repository, consider annotating your entities with one of these annotations: org.springframework.data.redis.core.RedisHash (preferred), or consider extending one of the following types with your repository: org.springframework.data.keyvalue.repository.KeyValueRepository.
2022-07-01 09:48:12,928 INFO  [restartedMain] RepositoryConfigurationExtensionSupport: Spring Data Redis - Could not safely identify store assignment for repository candidate interface io.okkio.repository.ProductDetailRepository. If you want this repository to be a Redis repository, consider annotating your entities with one of these annotations: org.springframework.data.redis.core.RedisHash (preferred), or consider extending one of the following types with your repository: org.springframework.data.keyvalue.repository.KeyValueRepository.
2022-07-01 09:48:12,929 INFO  [restartedMain] RepositoryConfigurationExtensionSupport: Spring Data Redis - Could not safely identify store assignment for repository candidate interface io.okkio.repository.ProductRepository. If you want this repository to be a Redis repository, consider annotating your entities with one of these annotations: org.springframework.data.redis.core.RedisHash (preferred), or consider extending one of the following types with your repository: org.springframework.data.keyvalue.repository.KeyValueRepository.
2022-07-01 09:48:12,930 INFO  [restartedMain] RepositoryConfigurationExtensionSupport: Spring Data Redis - Could not safely identify store assignment for repository candidate interface io.okkio.repository.RefreshTokenRepository. If you want this repository to be a Redis repository, consider annotating your entities with one of these annotations: org.springframework.data.redis.core.RedisHash (preferred), or consider extending one of the following types with your repository: org.springframework.data.keyvalue.repository.KeyValueRepository.
2022-07-01 09:48:12,931 INFO  [restartedMain] RepositoryConfigurationExtensionSupport: Spring Data Redis - Could not safely identify store assignment for repository candidate interface io.okkio.repository.RoleRepository. If you want this repository to be a Redis repository, consider annotating your entities with one of these annotations: org.springframework.data.redis.core.RedisHash (preferred), or consider extending one of the following types with your repository: org.springframework.data.keyvalue.repository.KeyValueRepository.
2022-07-01 09:48:12,932 INFO  [restartedMain] RepositoryConfigurationExtensionSupport: Spring Data Redis - Could not safely identify store assignment for repository candidate interface io.okkio.repository.UserRepository. If you want this repository to be a Redis repository, consider annotating your entities with one of these annotations: org.springframework.data.redis.core.RedisHash (preferred), or consider extending one of the following types with your repository: org.springframework.data.keyvalue.repository.KeyValueRepository.
2022-07-01 09:48:12,933 INFO  [restartedMain] RepositoryConfigurationExtensionSupport: Spring Data Redis - Could not safely identify store assignment for repository candidate interface io.okkio.repository.UtilRepository. If you want this repository to be a Redis repository, consider annotating your entities with one of these annotations: org.springframework.data.redis.core.RedisHash (preferred), or consider extending one of the following types with your repository: org.springframework.data.keyvalue.repository.KeyValueRepository.
2022-07-01 09:48:12,933 INFO  [restartedMain] RepositoryConfigurationDelegate: Finished Spring Data repository scanning in 22 ms. Found 0 Redis repository interfaces.
2022-07-01 09:48:13,539 INFO  [restartedMain] PostProcessorRegistrationDelegate$BeanPostProcessorChecker: Bean 'org.springframework.security.access.expression.method.DefaultMethodSecurityExpressionHandler@249d045' of type [org.springframework.security.access.expression.method.DefaultMethodSecurityExpressionHandler] is not eligible for getting processed by all BeanPostProcessors (for example: not eligible for auto-proxying)
2022-07-01 09:48:13,549 INFO  [restartedMain] PostProcessorRegistrationDelegate$BeanPostProcessorChecker: Bean 'methodSecurityMetadataSource' of type [org.springframework.security.access.method.DelegatingMethodSecurityMetadataSource] is not eligible for getting processed by all BeanPostProcessors (for example: not eligible for auto-proxying)
2022-07-01 09:48:13,823 INFO  [restartedMain] TomcatWebServer: Tomcat initialized with port(s): 8092 (http)
2022-07-01 09:48:13,829 INFO  [restartedMain] StandardService: Starting service [Tomcat]
2022-07-01 09:48:13,829 INFO  [restartedMain] StandardEngine: Starting Servlet engine: [Apache Tomcat/9.0.52]
2022-07-01 09:48:13,907 INFO  [restartedMain] [/]: Initializing Spring embedded WebApplicationContext
2022-07-01 09:48:13,908 INFO  [restartedMain] ServletWebServerApplicationContext: Root WebApplicationContext: initialization completed in 2482 ms
2022-07-01 09:48:14,442 INFO  [restartedMain] HikariDataSource: HikariPool-1 - Starting...
2022-07-01 09:48:14,813 INFO  [restartedMain] HikariDataSource: HikariPool-1 - Start completed.
2022-07-01 09:48:15,658 INFO  [restartedMain] LocalContainerEntityManagerFactoryBean: Initialized JPA EntityManagerFactory for persistence unit 'default'
2022-07-01 09:48:15,731 WARN  [restartedMain] JpaBaseConfiguration$JpaWebConfiguration: spring.jpa.open-in-view is enabled by default. Therefore, database queries may be performed during view rendering. Explicitly configure spring.jpa.open-in-view to disable this warning
2022-07-01 09:48:17,118 INFO  [restartedMain] PropertySourcedRequestMappingHandlerMapping: Mapped URL path [/v2/api-docs] onto method [springfox.documentation.swagger2.web.Swagger2Controller#getDocumentation(String, HttpServletRequest)]
2022-07-01 09:48:17,195 INFO  [restartedMain] UserDetailsServiceAutoConfiguration: 

Using generated security password: 38714c5d-860a-489f-a0f9-6bf797952ade

2022-07-01 09:48:17,276 INFO  [restartedMain] DefaultSecurityFilterChain: Will secure any request with [org.springframework.security.web.context.request.async.WebAsyncManagerIntegrationFilter@4b192197, org.springframework.security.web.context.SecurityContextPersistenceFilter@23be7649, org.springframework.security.web.header.HeaderWriterFilter@359b8913, org.springframework.web.filter.CorsFilter@59c67a7d, org.springframework.security.web.authentication.logout.LogoutFilter@4641817a, io.okkio.security.JwtAuthenticationFilter@2e3682df, org.springframework.security.web.savedrequest.RequestCacheAwareFilter@540dd231, org.springframework.security.web.servletapi.SecurityContextHolderAwareRequestFilter@62076a11, org.springframework.security.web.authentication.AnonymousAuthenticationFilter@39c6522b, org.springframework.security.web.session.SessionManagementFilter@3750294c, org.springframework.security.web.access.ExceptionTranslationFilter@62d22e51, org.springframework.security.web.access.intercept.FilterSecurityInterceptor@694119c0]
2022-07-01 09:48:17,478 INFO  [restartedMain] OptionalLiveReloadServer: LiveReload server is running on port 35729
2022-07-01 09:48:17,564 WARN  [restartedMain] ThymeleafAutoConfiguration$DefaultTemplateResolverConfiguration: Cannot find template location: classpath:/templates/ (please add some templates or check your Thymeleaf configuration)
2022-07-01 09:48:17,984 INFO  [restartedMain] TomcatWebServer: Tomcat started on port(s): 8092 (http) with context path ''
2022-07-01 09:48:17,987 INFO  [restartedMain] DocumentationPluginsBootstrapper: Context refreshed
2022-07-01 09:48:17,997 INFO  [restartedMain] DocumentationPluginsBootstrapper: Found 1 custom documentation plugin(s)
2022-07-01 09:48:18,030 INFO  [restartedMain] ApiListingReferenceScanner: Scanning for api listing references
2022-07-01 09:48:18,197 INFO  [restartedMain] CachingOperationNameGenerator: Generating unique operation named: addUsingPOST_1
2022-07-01 09:48:18,202 INFO  [restartedMain] CachingOperationNameGenerator: Generating unique operation named: deleteUsingDELETE_1
2022-07-01 09:48:18,208 INFO  [restartedMain] CachingOperationNameGenerator: Generating unique operation named: updateUsingPUT_1
2022-07-01 09:48:18,226 INFO  [restartedMain] CachingOperationNameGenerator: Generating unique operation named: addUsingPOST_2
2022-07-01 09:48:18,227 INFO  [restartedMain] CachingOperationNameGenerator: Generating unique operation named: deleteUsingDELETE_2
2022-07-01 09:48:18,241 INFO  [restartedMain] CachingOperationNameGenerator: Generating unique operation named: updateUsingPUT_2
2022-07-01 09:48:18,249 INFO  [restartedMain] CachingOperationNameGenerator: Generating unique operation named: insertUsingPOST_1
2022-07-01 09:48:18,257 INFO  [restartedMain] CachingOperationNameGenerator: Generating unique operation named: addUsingPOST_3
2022-07-01 09:48:18,267 INFO  [restartedMain] CachingOperationNameGenerator: Generating unique operation named: deleteUsingDELETE_3
2022-07-01 09:48:18,270 INFO  [restartedMain] CachingOperationNameGenerator: Generating unique operation named: updateUsingPUT_3
2022-07-01 09:48:18,306 INFO  [restartedMain] OkkioApplication: Started OkkioApplication in 7.615 seconds (JVM running for 8.95)
2022-07-01 09:48:26,299 INFO  [http-nio-8092-exec-2] [/]: Initializing Spring DispatcherServlet 'dispatcherServlet'
2022-07-01 09:48:26,304 INFO  [http-nio-8092-exec-2] DispatcherServlet: Initializing Servlet 'dispatcherServlet'
2022-07-01 09:48:26,315 INFO  [http-nio-8092-exec-2] DispatcherServlet: Completed initialization in 10 ms
2022-07-01 09:48:34,964 WARN  [http-nio-8092-exec-3] ProductDetailServicesImpl: ProductDetailServicesImpl - getProductDetailById null with id: 3
2022-07-01 09:49:56,142 INFO  [restartedMain] OkkioApplication: Starting OkkioApplication using Java 13.0.8 on Ais-MacBook-Pro.local with PID 66809 (/Users/aitd/IdeaProjects/okkio-be/okkio-api/target/classes started by aitd in /Users/aitd/IdeaProjects/okkio-be)
2022-07-01 09:49:56,146 INFO  [restartedMain] OkkioApplication: The following profiles are active: swagger,dev
2022-07-01 09:49:56,219 INFO  [restartedMain] DevToolsPropertyDefaultsPostProcessor: Devtools property defaults active! Set 'spring.devtools.add-properties' to 'false' to disable
2022-07-01 09:49:56,220 INFO  [restartedMain] DevToolsPropertyDefaultsPostProcessor: For additional web related logging consider setting the 'logging.level.web' property to 'DEBUG'
2022-07-01 09:49:57,518 INFO  [restartedMain] RepositoryConfigurationDelegate: Multiple Spring Data modules found, entering strict repository configuration mode!
2022-07-01 09:49:57,519 INFO  [restartedMain] RepositoryConfigurationDelegate: Bootstrapping Spring Data JPA repositories in DEFAULT mode.
2022-07-01 09:49:57,645 INFO  [restartedMain] RepositoryConfigurationDelegate: Finished Spring Data repository scanning in 120 ms. Found 7 JPA repository interfaces.
2022-07-01 09:49:57,669 INFO  [restartedMain] RepositoryConfigurationDelegate: Multiple Spring Data modules found, entering strict repository configuration mode!
2022-07-01 09:49:57,670 INFO  [restartedMain] RepositoryConfigurationDelegate: Bootstrapping Spring Data Redis repositories in DEFAULT mode.
2022-07-01 09:49:57,687 INFO  [restartedMain] RepositoryConfigurationExtensionSupport: Spring Data Redis - Could not safely identify store assignment for repository candidate interface io.okkio.repository.CategoryRepository. If you want this repository to be a Redis repository, consider annotating your entities with one of these annotations: org.springframework.data.redis.core.RedisHash (preferred), or consider extending one of the following types with your repository: org.springframework.data.keyvalue.repository.KeyValueRepository.
2022-07-01 09:49:57,693 INFO  [restartedMain] RepositoryConfigurationExtensionSupport: Spring Data Redis - Could not safely identify store assignment for repository candidate interface io.okkio.repository.ProductDetailRepository. If you want this repository to be a Redis repository, consider annotating your entities with one of these annotations: org.springframework.data.redis.core.RedisHash (preferred), or consider extending one of the following types with your repository: org.springframework.data.keyvalue.repository.KeyValueRepository.
2022-07-01 09:49:57,694 INFO  [restartedMain] RepositoryConfigurationExtensionSupport: Spring Data Redis - Could not safely identify store assignment for repository candidate interface io.okkio.repository.ProductRepository. If you want this repository to be a Redis repository, consider annotating your entities with one of these annotations: org.springframework.data.redis.core.RedisHash (preferred), or consider extending one of the following types with your repository: org.springframework.data.keyvalue.repository.KeyValueRepository.
2022-07-01 09:49:57,694 INFO  [restartedMain] RepositoryConfigurationExtensionSupport: Spring Data Redis - Could not safely identify store assignment for repository candidate interface io.okkio.repository.RefreshTokenRepository. If you want this repository to be a Redis repository, consider annotating your entities with one of these annotations: org.springframework.data.redis.core.RedisHash (preferred), or consider extending one of the following types with your repository: org.springframework.data.keyvalue.repository.KeyValueRepository.
2022-07-01 09:49:57,695 INFO  [restartedMain] RepositoryConfigurationExtensionSupport: Spring Data Redis - Could not safely identify store assignment for repository candidate interface io.okkio.repository.RoleRepository. If you want this repository to be a Redis repository, consider annotating your entities with one of these annotations: org.springframework.data.redis.core.RedisHash (preferred), or consider extending one of the following types with your repository: org.springframework.data.keyvalue.repository.KeyValueRepository.
2022-07-01 09:49:57,696 INFO  [restartedMain] RepositoryConfigurationExtensionSupport: Spring Data Redis - Could not safely identify store assignment for repository candidate interface io.okkio.repository.UserRepository. If you want this repository to be a Redis repository, consider annotating your entities with one of these annotations: org.springframework.data.redis.core.RedisHash (preferred), or consider extending one of the following types with your repository: org.springframework.data.keyvalue.repository.KeyValueRepository.
2022-07-01 09:49:57,697 INFO  [restartedMain] RepositoryConfigurationExtensionSupport: Spring Data Redis - Could not safely identify store assignment for repository candidate interface io.okkio.repository.UtilRepository. If you want this repository to be a Redis repository, consider annotating your entities with one of these annotations: org.springframework.data.redis.core.RedisHash (preferred), or consider extending one of the following types with your repository: org.springframework.data.keyvalue.repository.KeyValueRepository.
2022-07-01 09:49:57,697 INFO  [restartedMain] RepositoryConfigurationDelegate: Finished Spring Data repository scanning in 22 ms. Found 0 Redis repository interfaces.
2022-07-01 09:49:58,138 INFO  [restartedMain] PostProcessorRegistrationDelegate$BeanPostProcessorChecker: Bean 'org.springframework.security.access.expression.method.DefaultMethodSecurityExpressionHandler@647ad4d' of type [org.springframework.security.access.expression.method.DefaultMethodSecurityExpressionHandler] is not eligible for getting processed by all BeanPostProcessors (for example: not eligible for auto-proxying)
2022-07-01 09:49:58,145 INFO  [restartedMain] PostProcessorRegistrationDelegate$BeanPostProcessorChecker: Bean 'methodSecurityMetadataSource' of type [org.springframework.security.access.method.DelegatingMethodSecurityMetadataSource] is not eligible for getting processed by all BeanPostProcessors (for example: not eligible for auto-proxying)
2022-07-01 09:49:58,402 INFO  [restartedMain] TomcatWebServer: Tomcat initialized with port(s): 8092 (http)
2022-07-01 09:49:58,407 INFO  [restartedMain] StandardService: Starting service [Tomcat]
2022-07-01 09:49:58,408 INFO  [restartedMain] StandardEngine: Starting Servlet engine: [Apache Tomcat/9.0.52]
2022-07-01 09:49:58,484 INFO  [restartedMain] [/]: Initializing Spring embedded WebApplicationContext
2022-07-01 09:49:58,485 INFO  [restartedMain] ServletWebServerApplicationContext: Root WebApplicationContext: initialization completed in 2265 ms
2022-07-01 09:49:58,997 INFO  [restartedMain] HikariDataSource: HikariPool-1 - Starting...
2022-07-01 09:49:59,373 INFO  [restartedMain] HikariDataSource: HikariPool-1 - Start completed.
2022-07-01 09:50:00,201 INFO  [restartedMain] LocalContainerEntityManagerFactoryBean: Initialized JPA EntityManagerFactory for persistence unit 'default'
2022-07-01 09:50:00,277 WARN  [restartedMain] JpaBaseConfiguration$JpaWebConfiguration: spring.jpa.open-in-view is enabled by default. Therefore, database queries may be performed during view rendering. Explicitly configure spring.jpa.open-in-view to disable this warning
2022-07-01 09:50:01,676 INFO  [restartedMain] PropertySourcedRequestMappingHandlerMapping: Mapped URL path [/v2/api-docs] onto method [springfox.documentation.swagger2.web.Swagger2Controller#getDocumentation(String, HttpServletRequest)]
2022-07-01 09:50:01,742 INFO  [restartedMain] UserDetailsServiceAutoConfiguration: 

Using generated security password: 89dc9098-4b20-417a-9c05-68dc8b3898db

2022-07-01 09:50:01,801 INFO  [restartedMain] DefaultSecurityFilterChain: Will secure any request with [org.springframework.security.web.context.request.async.WebAsyncManagerIntegrationFilter@3b5576fe, org.springframework.security.web.context.SecurityContextPersistenceFilter@445c3eaa, org.springframework.security.web.header.HeaderWriterFilter@74a6ac4f, org.springframework.web.filter.CorsFilter@3d64ff05, org.springframework.security.web.authentication.logout.LogoutFilter@35c1198d, io.okkio.security.JwtAuthenticationFilter@25055a09, org.springframework.security.web.savedrequest.RequestCacheAwareFilter@7268e3eb, org.springframework.security.web.servletapi.SecurityContextHolderAwareRequestFilter@434b88e9, org.springframework.security.web.authentication.AnonymousAuthenticationFilter@3f8eed17, org.springframework.security.web.session.SessionManagementFilter@31ce70ec, org.springframework.security.web.access.ExceptionTranslationFilter@33fa24bc, org.springframework.security.web.access.intercept.FilterSecurityInterceptor@1bf6013b]
2022-07-01 09:50:01,960 INFO  [restartedMain] OptionalLiveReloadServer: LiveReload server is running on port 35729
2022-07-01 09:50:02,046 WARN  [restartedMain] ThymeleafAutoConfiguration$DefaultTemplateResolverConfiguration: Cannot find template location: classpath:/templates/ (please add some templates or check your Thymeleaf configuration)
2022-07-01 09:50:02,446 INFO  [restartedMain] TomcatWebServer: Tomcat started on port(s): 8092 (http) with context path ''
2022-07-01 09:50:02,449 INFO  [restartedMain] DocumentationPluginsBootstrapper: Context refreshed
2022-07-01 09:50:02,460 INFO  [restartedMain] DocumentationPluginsBootstrapper: Found 1 custom documentation plugin(s)
2022-07-01 09:50:02,501 INFO  [restartedMain] ApiListingReferenceScanner: Scanning for api listing references
2022-07-01 09:50:02,679 INFO  [restartedMain] CachingOperationNameGenerator: Generating unique operation named: addUsingPOST_1
2022-07-01 09:50:02,685 INFO  [restartedMain] CachingOperationNameGenerator: Generating unique operation named: deleteUsingDELETE_1
2022-07-01 09:50:02,689 INFO  [restartedMain] CachingOperationNameGenerator: Generating unique operation named: updateUsingPUT_1
2022-07-01 09:50:02,704 INFO  [restartedMain] CachingOperationNameGenerator: Generating unique operation named: addUsingPOST_2
2022-07-01 09:50:02,706 INFO  [restartedMain] CachingOperationNameGenerator: Generating unique operation named: deleteUsingDELETE_2
2022-07-01 09:50:02,723 INFO  [restartedMain] CachingOperationNameGenerator: Generating unique operation named: updateUsingPUT_2
2022-07-01 09:50:02,730 INFO  [restartedMain] CachingOperationNameGenerator: Generating unique operation named: insertUsingPOST_1
2022-07-01 09:50:02,737 INFO  [restartedMain] CachingOperationNameGenerator: Generating unique operation named: addUsingPOST_3
2022-07-01 09:50:02,746 INFO  [restartedMain] CachingOperationNameGenerator: Generating unique operation named: deleteUsingDELETE_3
2022-07-01 09:50:02,749 INFO  [restartedMain] CachingOperationNameGenerator: Generating unique operation named: updateUsingPUT_3
2022-07-01 09:50:02,781 INFO  [restartedMain] OkkioApplication: Started OkkioApplication in 7.343 seconds (JVM running for 8.406)
2022-07-01 09:54:49,342 INFO  [http-nio-8092-exec-1] [/]: Initializing Spring DispatcherServlet 'dispatcherServlet'
2022-07-01 09:54:49,347 INFO  [http-nio-8092-exec-1] DispatcherServlet: Initializing Servlet 'dispatcherServlet'
2022-07-01 09:54:49,360 INFO  [http-nio-8092-exec-1] DispatcherServlet: Completed initialization in 13 ms
2022-07-01 09:56:27,256 WARN  [http-nio-8092-exec-5] ProductDetailServicesImpl: ProductDetailServicesImpl - getProductDetailById null with id: null
2022-07-01 09:56:27,261 WARN  [http-nio-8092-exec-5] ProductDetailServicesImpl: ProductDetailServicesImpl - getProductDetailById null with id: null
2022-07-01 09:56:27,265 WARN  [http-nio-8092-exec-5] ProductDetailServicesImpl: ProductDetailServicesImpl - getProductDetailById null with id: null
2022-07-01 09:56:27,269 WARN  [http-nio-8092-exec-5] ProductDetailServicesImpl: ProductDetailServicesImpl - getProductDetailById null with id: null
2022-07-01 09:56:27,271 WARN  [http-nio-8092-exec-5] ProductDetailServicesImpl: ProductDetailServicesImpl - getProductDetailById null with id: null
2022-07-01 09:57:16,915 ERROR [http-nio-8092-exec-6] JwtTokenProvider: Expired JWT tokenJWT expired at 2022-07-01T09:57:16Z. Current time: 2022-07-01T09:57:16Z, a difference of 895 milliseconds.  Allowed clock skew: 0 milliseconds.
2022-07-01 09:57:33,931 WARN  [http-nio-8092-exec-8] ProductDetailServicesImpl: ProductDetailServicesImpl - getProductDetailById null with id: null
2022-07-01 09:57:33,937 WARN  [http-nio-8092-exec-8] ProductDetailServicesImpl: ProductDetailServicesImpl - getProductDetailById null with id: null
2022-07-01 09:57:33,939 WARN  [http-nio-8092-exec-8] ProductDetailServicesImpl: ProductDetailServicesImpl - getProductDetailById null with id: null
2022-07-01 09:57:33,940 WARN  [http-nio-8092-exec-8] ProductDetailServicesImpl: ProductDetailServicesImpl - getProductDetailById null with id: null
2022-07-01 09:57:33,941 WARN  [http-nio-8092-exec-8] ProductDetailServicesImpl: ProductDetailServicesImpl - getProductDetailById null with id: null
2022-07-01 09:57:40,784 WARN  [http-nio-8092-exec-9] ProductDetailServicesImpl: ProductDetailServicesImpl - getProductDetailById null with id: null
2022-07-01 09:57:40,787 WARN  [http-nio-8092-exec-9] ProductDetailServicesImpl: ProductDetailServicesImpl - getProductDetailById null with id: null
2022-07-01 09:57:40,805 WARN  [http-nio-8092-exec-9] ProductDetailServicesImpl: ProductDetailServicesImpl - getProductDetailById null with id: null
2022-07-01 09:57:40,806 WARN  [http-nio-8092-exec-9] ProductDetailServicesImpl: ProductDetailServicesImpl - getProductDetailById null with id: null
2022-07-01 09:57:40,809 WARN  [http-nio-8092-exec-9] ProductDetailServicesImpl: ProductDetailServicesImpl - getProductDetailById null with id: null
2022-07-01 09:57:41,777 WARN  [http-nio-8092-exec-10] ProductDetailServicesImpl: ProductDetailServicesImpl - getProductDetailById null with id: null
2022-07-01 09:57:41,778 WARN  [http-nio-8092-exec-10] ProductDetailServicesImpl: ProductDetailServicesImpl - getProductDetailById null with id: null
2022-07-01 09:57:41,781 WARN  [http-nio-8092-exec-10] ProductDetailServicesImpl: ProductDetailServicesImpl - getProductDetailById null with id: null
2022-07-01 09:57:41,782 WARN  [http-nio-8092-exec-10] ProductDetailServicesImpl: ProductDetailServicesImpl - getProductDetailById null with id: null
2022-07-01 09:57:41,783 WARN  [http-nio-8092-exec-10] ProductDetailServicesImpl: ProductDetailServicesImpl - getProductDetailById null with id: null
2022-07-01 11:06:24,759 WARN  [http-nio-8092-exec-4] ProductDetailServicesImpl: ProductDetailServicesImpl - getProductDetailById null with id: null
2022-07-01 11:06:24,763 WARN  [http-nio-8092-exec-4] ProductDetailServicesImpl: ProductDetailServicesImpl - getProductDetailById null with id: null
2022-07-01 11:06:24,764 WARN  [http-nio-8092-exec-4] ProductDetailServicesImpl: ProductDetailServicesImpl - getProductDetailById null with id: null
2022-07-01 11:06:24,765 WARN  [http-nio-8092-exec-4] ProductDetailServicesImpl: ProductDetailServicesImpl - getProductDetailById null with id: null
2022-07-01 11:06:24,767 WARN  [http-nio-8092-exec-4] ProductDetailServicesImpl: ProductDetailServicesImpl - getProductDetailById null with id: null
2022-07-01 11:06:24,769 WARN  [http-nio-8092-exec-4] ProductDetailServicesImpl: ProductDetailServicesImpl - getProductDetailById null with id: null
2022-07-01 11:06:24,771 WARN  [http-nio-8092-exec-4] ProductDetailServicesImpl: ProductDetailServicesImpl - getProductDetailById null with id: null
2022-07-01 11:06:24,771 WARN  [http-nio-8092-exec-4] ProductDetailServicesImpl: ProductDetailServicesImpl - getProductDetailById null with id: null
2022-07-01 11:06:24,772 WARN  [http-nio-8092-exec-4] ProductDetailServicesImpl: ProductDetailServicesImpl - getProductDetailById null with id: null
2022-07-01 11:06:24,773 WARN  [http-nio-8092-exec-4] ProductDetailServicesImpl: ProductDetailServicesImpl - getProductDetailById null with id: null
2022-07-01 11:06:24,773 WARN  [http-nio-8092-exec-4] ProductDetailServicesImpl: ProductDetailServicesImpl - getProductDetailById null with id: null
2022-07-01 11:06:24,774 WARN  [http-nio-8092-exec-4] ProductDetailServicesImpl: ProductDetailServicesImpl - getProductDetailById null with id: null
2022-07-01 11:06:24,776 WARN  [http-nio-8092-exec-4] ProductDetailServicesImpl: ProductDetailServicesImpl - getProductDetailById null with id: null
2022-07-01 11:06:47,211 WARN  [http-nio-8092-exec-6] ProductDetailServicesImpl: ProductDetailServicesImpl - getProductDetailById null with id: null
2022-07-01 11:06:47,214 WARN  [http-nio-8092-exec-6] ProductDetailServicesImpl: ProductDetailServicesImpl - getProductDetailById null with id: null
2022-07-01 11:06:47,217 WARN  [http-nio-8092-exec-6] ProductDetailServicesImpl: ProductDetailServicesImpl - getProductDetailById null with id: null
2022-07-01 11:06:47,220 WARN  [http-nio-8092-exec-6] ProductDetailServicesImpl: ProductDetailServicesImpl - getProductDetailById null with id: null
2022-07-01 11:06:47,222 WARN  [http-nio-8092-exec-6] ProductDetailServicesImpl: ProductDetailServicesImpl - getProductDetailById null with id: null
2022-07-01 11:06:47,226 WARN  [http-nio-8092-exec-6] ProductDetailServicesImpl: ProductDetailServicesImpl - getProductDetailById null with id: null
2022-07-01 11:06:47,227 WARN  [http-nio-8092-exec-6] ProductDetailServicesImpl: ProductDetailServicesImpl - getProductDetailById null with id: null
2022-07-01 11:06:47,229 WARN  [http-nio-8092-exec-6] ProductDetailServicesImpl: ProductDetailServicesImpl - getProductDetailById null with id: null
2022-07-01 11:06:47,233 WARN  [http-nio-8092-exec-6] ProductDetailServicesImpl: ProductDetailServicesImpl - getProductDetailById null with id: null
2022-07-01 11:06:47,233 WARN  [http-nio-8092-exec-6] ProductDetailServicesImpl: ProductDetailServicesImpl - getProductDetailById null with id: null
2022-07-01 11:06:47,234 WARN  [http-nio-8092-exec-6] ProductDetailServicesImpl: ProductDetailServicesImpl - getProductDetailById null with id: null
2022-07-01 11:06:47,238 WARN  [http-nio-8092-exec-6] ProductDetailServicesImpl: ProductDetailServicesImpl - getProductDetailById null with id: null
2022-07-01 11:06:47,239 WARN  [http-nio-8092-exec-6] ProductDetailServicesImpl: ProductDetailServicesImpl - getProductDetailById null with id: null
2022-07-01 11:06:47,240 WARN  [http-nio-8092-exec-6] ProductDetailServicesImpl: ProductDetailServicesImpl - getProductDetailById null with id: null
2022-07-01 11:06:55,360 WARN  [http-nio-8092-exec-5] ProductDetailServicesImpl: ProductDetailServicesImpl - getProductDetailById null with id: null
2022-07-01 11:06:55,364 WARN  [http-nio-8092-exec-5] ProductDetailServicesImpl: ProductDetailServicesImpl - getProductDetailById null with id: null
2022-07-01 11:06:55,366 WARN  [http-nio-8092-exec-5] ProductDetailServicesImpl: ProductDetailServicesImpl - getProductDetailById null with id: null
2022-07-01 11:27:21,715 INFO  [restartedMain] OkkioApplication: Starting OkkioApplication using Java 13.0.8 on Ais-MacBook-Pro.local with PID 67819 (/Users/aitd/IdeaProjects/okkio-be/okkio-api/target/classes started by aitd in /Users/aitd/IdeaProjects/okkio-be)
2022-07-01 11:27:21,720 INFO  [restartedMain] OkkioApplication: The following profiles are active: swagger,dev
2022-07-01 11:27:21,793 INFO  [restartedMain] DevToolsPropertyDefaultsPostProcessor: Devtools property defaults active! Set 'spring.devtools.add-properties' to 'false' to disable
2022-07-01 11:27:21,793 INFO  [restartedMain] DevToolsPropertyDefaultsPostProcessor: For additional web related logging consider setting the 'logging.level.web' property to 'DEBUG'
2022-07-01 11:27:23,716 INFO  [restartedMain] RepositoryConfigurationDelegate: Multiple Spring Data modules found, entering strict repository configuration mode!
2022-07-01 11:27:23,721 INFO  [restartedMain] RepositoryConfigurationDelegate: Bootstrapping Spring Data JPA repositories in DEFAULT mode.
2022-07-01 11:27:23,980 INFO  [restartedMain] RepositoryConfigurationDelegate: Finished Spring Data repository scanning in 252 ms. Found 7 JPA repository interfaces.
2022-07-01 11:27:24,015 INFO  [restartedMain] RepositoryConfigurationDelegate: Multiple Spring Data modules found, entering strict repository configuration mode!
2022-07-01 11:27:24,016 INFO  [restartedMain] RepositoryConfigurationDelegate: Bootstrapping Spring Data Redis repositories in DEFAULT mode.
2022-07-01 11:27:24,106 INFO  [restartedMain] RepositoryConfigurationExtensionSupport: Spring Data Redis - Could not safely identify store assignment for repository candidate interface io.okkio.repository.CategoryRepository. If you want this repository to be a Redis repository, consider annotating your entities with one of these annotations: org.springframework.data.redis.core.RedisHash (preferred), or consider extending one of the following types with your repository: org.springframework.data.keyvalue.repository.KeyValueRepository.
2022-07-01 11:27:24,115 INFO  [restartedMain] RepositoryConfigurationExtensionSupport: Spring Data Redis - Could not safely identify store assignment for repository candidate interface io.okkio.repository.ProductDetailRepository. If you want this repository to be a Redis repository, consider annotating your entities with one of these annotations: org.springframework.data.redis.core.RedisHash (preferred), or consider extending one of the following types with your repository: org.springframework.data.keyvalue.repository.KeyValueRepository.
2022-07-01 11:27:24,119 INFO  [restartedMain] RepositoryConfigurationExtensionSupport: Spring Data Redis - Could not safely identify store assignment for repository candidate interface io.okkio.repository.ProductRepository. If you want this repository to be a Redis repository, consider annotating your entities with one of these annotations: org.springframework.data.redis.core.RedisHash (preferred), or consider extending one of the following types with your repository: org.springframework.data.keyvalue.repository.KeyValueRepository.
2022-07-01 11:27:24,120 INFO  [restartedMain] RepositoryConfigurationExtensionSupport: Spring Data Redis - Could not safely identify store assignment for repository candidate interface io.okkio.repository.RefreshTokenRepository. If you want this repository to be a Redis repository, consider annotating your entities with one of these annotations: org.springframework.data.redis.core.RedisHash (preferred), or consider extending one of the following types with your repository: org.springframework.data.keyvalue.repository.KeyValueRepository.
2022-07-01 11:27:24,123 INFO  [restartedMain] RepositoryConfigurationExtensionSupport: Spring Data Redis - Could not safely identify store assignment for repository candidate interface io.okkio.repository.RoleRepository. If you want this repository to be a Redis repository, consider annotating your entities with one of these annotations: org.springframework.data.redis.core.RedisHash (preferred), or consider extending one of the following types with your repository: org.springframework.data.keyvalue.repository.KeyValueRepository.
2022-07-01 11:27:24,126 INFO  [restartedMain] RepositoryConfigurationExtensionSupport: Spring Data Redis - Could not safely identify store assignment for repository candidate interface io.okkio.repository.UserRepository. If you want this repository to be a Redis repository, consider annotating your entities with one of these annotations: org.springframework.data.redis.core.RedisHash (preferred), or consider extending one of the following types with your repository: org.springframework.data.keyvalue.repository.KeyValueRepository.
2022-07-01 11:27:24,129 INFO  [restartedMain] RepositoryConfigurationExtensionSupport: Spring Data Redis - Could not safely identify store assignment for repository candidate interface io.okkio.repository.UtilRepository. If you want this repository to be a Redis repository, consider annotating your entities with one of these annotations: org.springframework.data.redis.core.RedisHash (preferred), or consider extending one of the following types with your repository: org.springframework.data.keyvalue.repository.KeyValueRepository.
2022-07-01 11:27:24,135 INFO  [restartedMain] RepositoryConfigurationDelegate: Finished Spring Data repository scanning in 111 ms. Found 0 Redis repository interfaces.
2022-07-01 11:27:25,145 INFO  [restartedMain] PostProcessorRegistrationDelegate$BeanPostProcessorChecker: Bean 'org.springframework.security.access.expression.method.DefaultMethodSecurityExpressionHandler@13515989' of type [org.springframework.security.access.expression.method.DefaultMethodSecurityExpressionHandler] is not eligible for getting processed by all BeanPostProcessors (for example: not eligible for auto-proxying)
2022-07-01 11:27:25,159 INFO  [restartedMain] PostProcessorRegistrationDelegate$BeanPostProcessorChecker: Bean 'methodSecurityMetadataSource' of type [org.springframework.security.access.method.DelegatingMethodSecurityMetadataSource] is not eligible for getting processed by all BeanPostProcessors (for example: not eligible for auto-proxying)
2022-07-01 11:27:25,523 INFO  [restartedMain] TomcatWebServer: Tomcat initialized with port(s): 8092 (http)
2022-07-01 11:27:25,530 INFO  [restartedMain] StandardService: Starting service [Tomcat]
2022-07-01 11:27:25,531 INFO  [restartedMain] StandardEngine: Starting Servlet engine: [Apache Tomcat/9.0.52]
2022-07-01 11:27:25,606 INFO  [restartedMain] [/]: Initializing Spring embedded WebApplicationContext
2022-07-01 11:27:25,606 INFO  [restartedMain] ServletWebServerApplicationContext: Root WebApplicationContext: initialization completed in 3812 ms
2022-07-01 11:27:26,236 INFO  [restartedMain] HikariDataSource: HikariPool-1 - Starting...
2022-07-01 11:27:26,698 INFO  [restartedMain] HikariDataSource: HikariPool-1 - Start completed.
2022-07-01 11:27:27,567 INFO  [restartedMain] LocalContainerEntityManagerFactoryBean: Initialized JPA EntityManagerFactory for persistence unit 'default'
2022-07-01 11:27:27,650 WARN  [restartedMain] JpaBaseConfiguration$JpaWebConfiguration: spring.jpa.open-in-view is enabled by default. Therefore, database queries may be performed during view rendering. Explicitly configure spring.jpa.open-in-view to disable this warning
2022-07-01 11:27:30,255 INFO  [restartedMain] PropertySourcedRequestMappingHandlerMapping: Mapped URL path [/v2/api-docs] onto method [springfox.documentation.swagger2.web.Swagger2Controller#getDocumentation(String, HttpServletRequest)]
2022-07-01 11:27:30,342 INFO  [restartedMain] UserDetailsServiceAutoConfiguration: 

Using generated security password: aa2c2c67-fda7-479f-b0b5-4be183c6638a

2022-07-01 11:27:30,436 INFO  [restartedMain] DefaultSecurityFilterChain: Will secure any request with [org.springframework.security.web.context.request.async.WebAsyncManagerIntegrationFilter@7733b377, org.springframework.security.web.context.SecurityContextPersistenceFilter@4a42d57e, org.springframework.security.web.header.HeaderWriterFilter@6ca49bcd, org.springframework.web.filter.CorsFilter@7cc29d57, org.springframework.security.web.authentication.logout.LogoutFilter@6091401b, io.okkio.security.JwtAuthenticationFilter@69e41d97, org.springframework.security.web.savedrequest.RequestCacheAwareFilter@365b7e4f, org.springframework.security.web.servletapi.SecurityContextHolderAwareRequestFilter@71fe704, org.springframework.security.web.authentication.AnonymousAuthenticationFilter@4794177d, org.springframework.security.web.session.SessionManagementFilter@39c1dcd4, org.springframework.security.web.access.ExceptionTranslationFilter@5f9e7e3c, org.springframework.security.web.access.intercept.FilterSecurityInterceptor@2bece82a]
2022-07-01 11:27:30,661 INFO  [restartedMain] OptionalLiveReloadServer: LiveReload server is running on port 35729
2022-07-01 11:27:30,778 WARN  [restartedMain] ThymeleafAutoConfiguration$DefaultTemplateResolverConfiguration: Cannot find template location: classpath:/templates/ (please add some templates or check your Thymeleaf configuration)
2022-07-01 11:27:31,216 INFO  [restartedMain] TomcatWebServer: Tomcat started on port(s): 8092 (http) with context path ''
2022-07-01 11:27:31,220 INFO  [restartedMain] DocumentationPluginsBootstrapper: Context refreshed
2022-07-01 11:27:31,234 INFO  [restartedMain] DocumentationPluginsBootstrapper: Found 1 custom documentation plugin(s)
2022-07-01 11:27:31,262 INFO  [restartedMain] ApiListingReferenceScanner: Scanning for api listing references
2022-07-01 11:27:31,619 INFO  [restartedMain] CachingOperationNameGenerator: Generating unique operation named: addUsingPOST_1
2022-07-01 11:27:31,628 INFO  [restartedMain] CachingOperationNameGenerator: Generating unique operation named: deleteUsingDELETE_1
2022-07-01 11:27:31,636 INFO  [restartedMain] CachingOperationNameGenerator: Generating unique operation named: updateUsingPUT_1
2022-07-01 11:27:31,664 INFO  [restartedMain] CachingOperationNameGenerator: Generating unique operation named: addUsingPOST_2
2022-07-01 11:27:31,666 INFO  [restartedMain] CachingOperationNameGenerator: Generating unique operation named: deleteUsingDELETE_2
2022-07-01 11:27:31,692 INFO  [restartedMain] CachingOperationNameGenerator: Generating unique operation named: updateUsingPUT_2
2022-07-01 11:27:31,723 INFO  [restartedMain] CachingOperationNameGenerator: Generating unique operation named: insertUsingPOST_1
2022-07-01 11:27:31,740 INFO  [restartedMain] CachingOperationNameGenerator: Generating unique operation named: addUsingPOST_3
2022-07-01 11:27:31,758 INFO  [restartedMain] CachingOperationNameGenerator: Generating unique operation named: deleteUsingDELETE_3
2022-07-01 11:27:31,767 INFO  [restartedMain] CachingOperationNameGenerator: Generating unique operation named: updateUsingPUT_3
2022-07-01 11:27:31,806 INFO  [restartedMain] OkkioApplication: Started OkkioApplication in 11.307 seconds (JVM running for 13.917)
2022-07-01 11:31:02,789 INFO  [restartedMain] OkkioApplication: Starting OkkioApplication using Java 13.0.8 on Ais-MacBook-Pro.local with PID 67879 (/Users/aitd/IdeaProjects/okkio-be/okkio-api/target/classes started by aitd in /Users/aitd/IdeaProjects/okkio-be)
2022-07-01 11:31:02,793 INFO  [restartedMain] OkkioApplication: The following profiles are active: swagger,dev
2022-07-01 11:31:02,865 INFO  [restartedMain] DevToolsPropertyDefaultsPostProcessor: Devtools property defaults active! Set 'spring.devtools.add-properties' to 'false' to disable
2022-07-01 11:31:02,866 INFO  [restartedMain] DevToolsPropertyDefaultsPostProcessor: For additional web related logging consider setting the 'logging.level.web' property to 'DEBUG'
2022-07-01 11:31:04,205 INFO  [restartedMain] RepositoryConfigurationDelegate: Multiple Spring Data modules found, entering strict repository configuration mode!
2022-07-01 11:31:04,207 INFO  [restartedMain] RepositoryConfigurationDelegate: Bootstrapping Spring Data JPA repositories in DEFAULT mode.
2022-07-01 11:31:04,329 INFO  [restartedMain] RepositoryConfigurationDelegate: Finished Spring Data repository scanning in 114 ms. Found 7 JPA repository interfaces.
2022-07-01 11:31:04,353 INFO  [restartedMain] RepositoryConfigurationDelegate: Multiple Spring Data modules found, entering strict repository configuration mode!
2022-07-01 11:31:04,354 INFO  [restartedMain] RepositoryConfigurationDelegate: Bootstrapping Spring Data Redis repositories in DEFAULT mode.
2022-07-01 11:31:04,371 INFO  [restartedMain] RepositoryConfigurationExtensionSupport: Spring Data Redis - Could not safely identify store assignment for repository candidate interface io.okkio.repository.CategoryRepository. If you want this repository to be a Redis repository, consider annotating your entities with one of these annotations: org.springframework.data.redis.core.RedisHash (preferred), or consider extending one of the following types with your repository: org.springframework.data.keyvalue.repository.KeyValueRepository.
2022-07-01 11:31:04,376 INFO  [restartedMain] RepositoryConfigurationExtensionSupport: Spring Data Redis - Could not safely identify store assignment for repository candidate interface io.okkio.repository.ProductDetailRepository. If you want this repository to be a Redis repository, consider annotating your entities with one of these annotations: org.springframework.data.redis.core.RedisHash (preferred), or consider extending one of the following types with your repository: org.springframework.data.keyvalue.repository.KeyValueRepository.
2022-07-01 11:31:04,377 INFO  [restartedMain] RepositoryConfigurationExtensionSupport: Spring Data Redis - Could not safely identify store assignment for repository candidate interface io.okkio.repository.ProductRepository. If you want this repository to be a Redis repository, consider annotating your entities with one of these annotations: org.springframework.data.redis.core.RedisHash (preferred), or consider extending one of the following types with your repository: org.springframework.data.keyvalue.repository.KeyValueRepository.
2022-07-01 11:31:04,378 INFO  [restartedMain] RepositoryConfigurationExtensionSupport: Spring Data Redis - Could not safely identify store assignment for repository candidate interface io.okkio.repository.RefreshTokenRepository. If you want this repository to be a Redis repository, consider annotating your entities with one of these annotations: org.springframework.data.redis.core.RedisHash (preferred), or consider extending one of the following types with your repository: org.springframework.data.keyvalue.repository.KeyValueRepository.
2022-07-01 11:31:04,379 INFO  [restartedMain] RepositoryConfigurationExtensionSupport: Spring Data Redis - Could not safely identify store assignment for repository candidate interface io.okkio.repository.RoleRepository. If you want this repository to be a Redis repository, consider annotating your entities with one of these annotations: org.springframework.data.redis.core.RedisHash (preferred), or consider extending one of the following types with your repository: org.springframework.data.keyvalue.repository.KeyValueRepository.
2022-07-01 11:31:04,380 INFO  [restartedMain] RepositoryConfigurationExtensionSupport: Spring Data Redis - Could not safely identify store assignment for repository candidate interface io.okkio.repository.UserRepository. If you want this repository to be a Redis repository, consider annotating your entities with one of these annotations: org.springframework.data.redis.core.RedisHash (preferred), or consider extending one of the following types with your repository: org.springframework.data.keyvalue.repository.KeyValueRepository.
2022-07-01 11:31:04,380 INFO  [restartedMain] RepositoryConfigurationExtensionSupport: Spring Data Redis - Could not safely identify store assignment for repository candidate interface io.okkio.repository.UtilRepository. If you want this repository to be a Redis repository, consider annotating your entities with one of these annotations: org.springframework.data.redis.core.RedisHash (preferred), or consider extending one of the following types with your repository: org.springframework.data.keyvalue.repository.KeyValueRepository.
2022-07-01 11:31:04,381 INFO  [restartedMain] RepositoryConfigurationDelegate: Finished Spring Data repository scanning in 22 ms. Found 0 Redis repository interfaces.
2022-07-01 11:31:04,902 INFO  [restartedMain] PostProcessorRegistrationDelegate$BeanPostProcessorChecker: Bean 'org.springframework.security.access.expression.method.DefaultMethodSecurityExpressionHandler@13515989' of type [org.springframework.security.access.expression.method.DefaultMethodSecurityExpressionHandler] is not eligible for getting processed by all BeanPostProcessors (for example: not eligible for auto-proxying)
2022-07-01 11:31:04,910 INFO  [restartedMain] PostProcessorRegistrationDelegate$BeanPostProcessorChecker: Bean 'methodSecurityMetadataSource' of type [org.springframework.security.access.method.DelegatingMethodSecurityMetadataSource] is not eligible for getting processed by all BeanPostProcessors (for example: not eligible for auto-proxying)
2022-07-01 11:31:05,173 INFO  [restartedMain] TomcatWebServer: Tomcat initialized with port(s): 8092 (http)
2022-07-01 11:31:05,178 INFO  [restartedMain] StandardService: Starting service [Tomcat]
2022-07-01 11:31:05,178 INFO  [restartedMain] StandardEngine: Starting Servlet engine: [Apache Tomcat/9.0.52]
2022-07-01 11:31:05,249 INFO  [restartedMain] [/]: Initializing Spring embedded WebApplicationContext
2022-07-01 11:31:05,249 INFO  [restartedMain] ServletWebServerApplicationContext: Root WebApplicationContext: initialization completed in 2383 ms
2022-07-01 11:31:05,752 INFO  [restartedMain] HikariDataSource: HikariPool-1 - Starting...
2022-07-01 11:31:06,107 INFO  [restartedMain] HikariDataSource: HikariPool-1 - Start completed.
2022-07-01 11:31:06,898 INFO  [restartedMain] LocalContainerEntityManagerFactoryBean: Initialized JPA EntityManagerFactory for persistence unit 'default'
2022-07-01 11:31:06,969 WARN  [restartedMain] JpaBaseConfiguration$JpaWebConfiguration: spring.jpa.open-in-view is enabled by default. Therefore, database queries may be performed during view rendering. Explicitly configure spring.jpa.open-in-view to disable this warning
2022-07-01 11:31:08,375 INFO  [restartedMain] PropertySourcedRequestMappingHandlerMapping: Mapped URL path [/v2/api-docs] onto method [springfox.documentation.swagger2.web.Swagger2Controller#getDocumentation(String, HttpServletRequest)]
2022-07-01 11:31:08,435 INFO  [restartedMain] UserDetailsServiceAutoConfiguration: 

Using generated security password: b3e4a88a-5098-4c34-979a-b452e61048d0

2022-07-01 11:31:08,501 INFO  [restartedMain] DefaultSecurityFilterChain: Will secure any request with [org.springframework.security.web.context.request.async.WebAsyncManagerIntegrationFilter@7733b377, org.springframework.security.web.context.SecurityContextPersistenceFilter@4a42d57e, org.springframework.security.web.header.HeaderWriterFilter@6ca49bcd, org.springframework.web.filter.CorsFilter@7cc29d57, org.springframework.security.web.authentication.logout.LogoutFilter@6091401b, io.okkio.security.JwtAuthenticationFilter@69e41d97, org.springframework.security.web.savedrequest.RequestCacheAwareFilter@365b7e4f, org.springframework.security.web.servletapi.SecurityContextHolderAwareRequestFilter@71fe704, org.springframework.security.web.authentication.AnonymousAuthenticationFilter@4794177d, org.springframework.security.web.session.SessionManagementFilter@39c1dcd4, org.springframework.security.web.access.ExceptionTranslationFilter@5f9e7e3c, org.springframework.security.web.access.intercept.FilterSecurityInterceptor@2bece82a]
2022-07-01 11:31:08,651 INFO  [restartedMain] OptionalLiveReloadServer: LiveReload server is running on port 35729
2022-07-01 11:31:08,746 WARN  [restartedMain] ThymeleafAutoConfiguration$DefaultTemplateResolverConfiguration: Cannot find template location: classpath:/templates/ (please add some templates or check your Thymeleaf configuration)
2022-07-01 11:31:09,119 INFO  [restartedMain] TomcatWebServer: Tomcat started on port(s): 8092 (http) with context path ''
2022-07-01 11:31:09,121 INFO  [restartedMain] DocumentationPluginsBootstrapper: Context refreshed
2022-07-01 11:31:09,131 INFO  [restartedMain] DocumentationPluginsBootstrapper: Found 1 custom documentation plugin(s)
2022-07-01 11:31:09,158 INFO  [restartedMain] ApiListingReferenceScanner: Scanning for api listing references
2022-07-01 11:31:09,326 INFO  [restartedMain] CachingOperationNameGenerator: Generating unique operation named: addUsingPOST_1
2022-07-01 11:31:09,331 INFO  [restartedMain] CachingOperationNameGenerator: Generating unique operation named: deleteUsingDELETE_1
2022-07-01 11:31:09,335 INFO  [restartedMain] CachingOperationNameGenerator: Generating unique operation named: updateUsingPUT_1
2022-07-01 11:31:09,353 INFO  [restartedMain] CachingOperationNameGenerator: Generating unique operation named: addUsingPOST_2
2022-07-01 11:31:09,355 INFO  [restartedMain] CachingOperationNameGenerator: Generating unique operation named: deleteUsingDELETE_2
2022-07-01 11:31:09,374 INFO  [restartedMain] CachingOperationNameGenerator: Generating unique operation named: updateUsingPUT_2
2022-07-01 11:31:09,381 INFO  [restartedMain] CachingOperationNameGenerator: Generating unique operation named: insertUsingPOST_1
2022-07-01 11:31:09,389 INFO  [restartedMain] CachingOperationNameGenerator: Generating unique operation named: addUsingPOST_3
2022-07-01 11:31:09,400 INFO  [restartedMain] CachingOperationNameGenerator: Generating unique operation named: deleteUsingDELETE_3
2022-07-01 11:31:09,404 INFO  [restartedMain] CachingOperationNameGenerator: Generating unique operation named: updateUsingPUT_3
2022-07-01 11:31:09,438 INFO  [restartedMain] OkkioApplication: Started OkkioApplication in 7.374 seconds (JVM running for 8.272)
2022-07-01 11:31:14,978 INFO  [http-nio-8092-exec-2] [/]: Initializing Spring DispatcherServlet 'dispatcherServlet'
2022-07-01 11:31:14,982 INFO  [http-nio-8092-exec-2] DispatcherServlet: Initializing Servlet 'dispatcherServlet'
2022-07-01 11:31:14,988 INFO  [http-nio-8092-exec-2] DispatcherServlet: Completed initialization in 5 ms
2022-07-01 11:31:33,731 WARN  [http-nio-8092-exec-3] ProductDetailServicesImpl: ProductDetailServicesImpl - getProductDetailById null with id: null
2022-07-01 11:31:33,733 WARN  [http-nio-8092-exec-3] ProductDetailServicesImpl: ProductDetailServicesImpl - getProductDetailById null with id: null
2022-07-01 11:31:33,734 WARN  [http-nio-8092-exec-3] ProductDetailServicesImpl: ProductDetailServicesImpl - getProductDetailById null with id: null
2022-07-01 11:31:37,929 WARN  [http-nio-8092-exec-4] ProductDetailServicesImpl: ProductDetailServicesImpl - getProductDetailById null with id: null
2022-07-01 11:31:37,931 WARN  [http-nio-8092-exec-4] ProductDetailServicesImpl: ProductDetailServicesImpl - getProductDetailById null with id: null
2022-07-01 11:31:37,933 WARN  [http-nio-8092-exec-4] ProductDetailServicesImpl: ProductDetailServicesImpl - getProductDetailById null with id: null
2022-07-01 11:31:37,934 WARN  [http-nio-8092-exec-4] ProductDetailServicesImpl: ProductDetailServicesImpl - getProductDetailById null with id: null
2022-07-01 11:31:37,936 WARN  [http-nio-8092-exec-4] ProductDetailServicesImpl: ProductDetailServicesImpl - getProductDetailById null with id: null
2022-07-01 11:31:37,938 WARN  [http-nio-8092-exec-4] ProductDetailServicesImpl: ProductDetailServicesImpl - getProductDetailById null with id: null
2022-07-01 11:31:37,939 WARN  [http-nio-8092-exec-4] ProductDetailServicesImpl: ProductDetailServicesImpl - getProductDetailById null with id: null
2022-07-01 11:31:37,941 WARN  [http-nio-8092-exec-4] ProductDetailServicesImpl: ProductDetailServicesImpl - getProductDetailById null with id: null
2022-07-01 11:31:37,945 WARN  [http-nio-8092-exec-4] ProductDetailServicesImpl: ProductDetailServicesImpl - getProductDetailById null with id: null
2022-07-01 11:31:37,948 WARN  [http-nio-8092-exec-4] ProductDetailServicesImpl: ProductDetailServicesImpl - getProductDetailById null with id: null
2022-07-01 11:31:37,950 WARN  [http-nio-8092-exec-4] ProductDetailServicesImpl: ProductDetailServicesImpl - getProductDetailById null with id: null
2022-07-01 11:31:37,951 WARN  [http-nio-8092-exec-4] ProductDetailServicesImpl: ProductDetailServicesImpl - getProductDetailById null with id: null
2022-07-01 11:31:37,952 WARN  [http-nio-8092-exec-4] ProductDetailServicesImpl: ProductDetailServicesImpl - getProductDetailById null with id: null
2022-07-01 11:32:45,725 INFO  [restartedMain] OkkioApplication: Starting OkkioApplication using Java 13.0.8 on Ais-MacBook-Pro.local with PID 67902 (/Users/aitd/IdeaProjects/okkio-be/okkio-api/target/classes started by aitd in /Users/aitd/IdeaProjects/okkio-be)
2022-07-01 11:32:45,731 INFO  [restartedMain] OkkioApplication: The following profiles are active: swagger,dev
2022-07-01 11:32:45,839 INFO  [restartedMain] DevToolsPropertyDefaultsPostProcessor: Devtools property defaults active! Set 'spring.devtools.add-properties' to 'false' to disable
2022-07-01 11:32:45,839 INFO  [restartedMain] DevToolsPropertyDefaultsPostProcessor: For additional web related logging consider setting the 'logging.level.web' property to 'DEBUG'
2022-07-01 11:32:47,239 INFO  [restartedMain] RepositoryConfigurationDelegate: Multiple Spring Data modules found, entering strict repository configuration mode!
2022-07-01 11:32:47,241 INFO  [restartedMain] RepositoryConfigurationDelegate: Bootstrapping Spring Data JPA repositories in DEFAULT mode.
2022-07-01 11:32:47,358 INFO  [restartedMain] RepositoryConfigurationDelegate: Finished Spring Data repository scanning in 112 ms. Found 7 JPA repository interfaces.
2022-07-01 11:32:47,381 INFO  [restartedMain] RepositoryConfigurationDelegate: Multiple Spring Data modules found, entering strict repository configuration mode!
2022-07-01 11:32:47,382 INFO  [restartedMain] RepositoryConfigurationDelegate: Bootstrapping Spring Data Redis repositories in DEFAULT mode.
2022-07-01 11:32:47,405 INFO  [restartedMain] RepositoryConfigurationExtensionSupport: Spring Data Redis - Could not safely identify store assignment for repository candidate interface io.okkio.repository.CategoryRepository. If you want this repository to be a Redis repository, consider annotating your entities with one of these annotations: org.springframework.data.redis.core.RedisHash (preferred), or consider extending one of the following types with your repository: org.springframework.data.keyvalue.repository.KeyValueRepository.
2022-07-01 11:32:47,410 INFO  [restartedMain] RepositoryConfigurationExtensionSupport: Spring Data Redis - Could not safely identify store assignment for repository candidate interface io.okkio.repository.ProductDetailRepository. If you want this repository to be a Redis repository, consider annotating your entities with one of these annotations: org.springframework.data.redis.core.RedisHash (preferred), or consider extending one of the following types with your repository: org.springframework.data.keyvalue.repository.KeyValueRepository.
2022-07-01 11:32:47,412 INFO  [restartedMain] RepositoryConfigurationExtensionSupport: Spring Data Redis - Could not safely identify store assignment for repository candidate interface io.okkio.repository.ProductRepository. If you want this repository to be a Redis repository, consider annotating your entities with one of these annotations: org.springframework.data.redis.core.RedisHash (preferred), or consider extending one of the following types with your repository: org.springframework.data.keyvalue.repository.KeyValueRepository.
2022-07-01 11:32:47,412 INFO  [restartedMain] RepositoryConfigurationExtensionSupport: Spring Data Redis - Could not safely identify store assignment for repository candidate interface io.okkio.repository.RefreshTokenRepository. If you want this repository to be a Redis repository, consider annotating your entities with one of these annotations: org.springframework.data.redis.core.RedisHash (preferred), or consider extending one of the following types with your repository: org.springframework.data.keyvalue.repository.KeyValueRepository.
2022-07-01 11:32:47,413 INFO  [restartedMain] RepositoryConfigurationExtensionSupport: Spring Data Redis - Could not safely identify store assignment for repository candidate interface io.okkio.repository.RoleRepository. If you want this repository to be a Redis repository, consider annotating your entities with one of these annotations: org.springframework.data.redis.core.RedisHash (preferred), or consider extending one of the following types with your repository: org.springframework.data.keyvalue.repository.KeyValueRepository.
2022-07-01 11:32:47,414 INFO  [restartedMain] RepositoryConfigurationExtensionSupport: Spring Data Redis - Could not safely identify store assignment for repository candidate interface io.okkio.repository.UserRepository. If you want this repository to be a Redis repository, consider annotating your entities with one of these annotations: org.springframework.data.redis.core.RedisHash (preferred), or consider extending one of the following types with your repository: org.springframework.data.keyvalue.repository.KeyValueRepository.
2022-07-01 11:32:47,415 INFO  [restartedMain] RepositoryConfigurationExtensionSupport: Spring Data Redis - Could not safely identify store assignment for repository candidate interface io.okkio.repository.UtilRepository. If you want this repository to be a Redis repository, consider annotating your entities with one of these annotations: org.springframework.data.redis.core.RedisHash (preferred), or consider extending one of the following types with your repository: org.springframework.data.keyvalue.repository.KeyValueRepository.
2022-07-01 11:32:47,415 INFO  [restartedMain] RepositoryConfigurationDelegate: Finished Spring Data repository scanning in 22 ms. Found 0 Redis repository interfaces.
2022-07-01 11:32:47,911 INFO  [restartedMain] PostProcessorRegistrationDelegate$BeanPostProcessorChecker: Bean 'org.springframework.security.access.expression.method.DefaultMethodSecurityExpressionHandler@3b0ced56' of type [org.springframework.security.access.expression.method.DefaultMethodSecurityExpressionHandler] is not eligible for getting processed by all BeanPostProcessors (for example: not eligible for auto-proxying)
2022-07-01 11:32:47,920 INFO  [restartedMain] PostProcessorRegistrationDelegate$BeanPostProcessorChecker: Bean 'methodSecurityMetadataSource' of type [org.springframework.security.access.method.DelegatingMethodSecurityMetadataSource] is not eligible for getting processed by all BeanPostProcessors (for example: not eligible for auto-proxying)
2022-07-01 11:32:48,179 INFO  [restartedMain] TomcatWebServer: Tomcat initialized with port(s): 8092 (http)
2022-07-01 11:32:48,186 INFO  [restartedMain] StandardService: Starting service [Tomcat]
2022-07-01 11:32:48,186 INFO  [restartedMain] StandardEngine: Starting Servlet engine: [Apache Tomcat/9.0.52]
2022-07-01 11:32:48,253 INFO  [restartedMain] [/]: Initializing Spring embedded WebApplicationContext
2022-07-01 11:32:48,254 INFO  [restartedMain] ServletWebServerApplicationContext: Root WebApplicationContext: initialization completed in 2414 ms
2022-07-01 11:32:48,768 INFO  [restartedMain] HikariDataSource: HikariPool-1 - Starting...
2022-07-01 11:32:49,151 INFO  [restartedMain] HikariDataSource: HikariPool-1 - Start completed.
2022-07-01 11:32:49,947 INFO  [restartedMain] LocalContainerEntityManagerFactoryBean: Initialized JPA EntityManagerFactory for persistence unit 'default'
2022-07-01 11:32:50,014 WARN  [restartedMain] JpaBaseConfiguration$JpaWebConfiguration: spring.jpa.open-in-view is enabled by default. Therefore, database queries may be performed during view rendering. Explicitly configure spring.jpa.open-in-view to disable this warning
2022-07-01 11:32:51,472 INFO  [restartedMain] PropertySourcedRequestMappingHandlerMapping: Mapped URL path [/v2/api-docs] onto method [springfox.documentation.swagger2.web.Swagger2Controller#getDocumentation(String, HttpServletRequest)]
2022-07-01 11:32:51,535 INFO  [restartedMain] UserDetailsServiceAutoConfiguration: 

Using generated security password: 1bd89704-6f45-44f7-89f6-8d95446d36c3

2022-07-01 11:32:51,589 INFO  [restartedMain] DefaultSecurityFilterChain: Will secure any request with [org.springframework.security.web.context.request.async.WebAsyncManagerIntegrationFilter@3da46eff, org.springframework.security.web.context.SecurityContextPersistenceFilter@2f830b68, org.springframework.security.web.header.HeaderWriterFilter@3e755ff2, org.springframework.web.filter.CorsFilter@633dc0fa, org.springframework.security.web.authentication.logout.LogoutFilter@422b07a4, io.okkio.security.JwtAuthenticationFilter@58946748, org.springframework.security.web.savedrequest.RequestCacheAwareFilter@1cb48f89, org.springframework.security.web.servletapi.SecurityContextHolderAwareRequestFilter@7b72cfe4, org.springframework.security.web.authentication.AnonymousAuthenticationFilter@6b69aa48, org.springframework.security.web.session.SessionManagementFilter@c70f1a, org.springframework.security.web.access.ExceptionTranslationFilter@5e15a062, org.springframework.security.web.access.intercept.FilterSecurityInterceptor@4537aca8]
2022-07-01 11:32:51,751 INFO  [restartedMain] OptionalLiveReloadServer: LiveReload server is running on port 35729
2022-07-01 11:32:51,835 WARN  [restartedMain] ThymeleafAutoConfiguration$DefaultTemplateResolverConfiguration: Cannot find template location: classpath:/templates/ (please add some templates or check your Thymeleaf configuration)
2022-07-01 11:32:52,204 INFO  [restartedMain] TomcatWebServer: Tomcat started on port(s): 8092 (http) with context path ''
2022-07-01 11:32:52,207 INFO  [restartedMain] DocumentationPluginsBootstrapper: Context refreshed
2022-07-01 11:32:52,216 INFO  [restartedMain] DocumentationPluginsBootstrapper: Found 1 custom documentation plugin(s)
2022-07-01 11:32:52,245 INFO  [restartedMain] ApiListingReferenceScanner: Scanning for api listing references
2022-07-01 11:32:52,399 INFO  [restartedMain] CachingOperationNameGenerator: Generating unique operation named: addUsingPOST_1
2022-07-01 11:32:52,403 INFO  [restartedMain] CachingOperationNameGenerator: Generating unique operation named: deleteUsingDELETE_1
2022-07-01 11:32:52,407 INFO  [restartedMain] CachingOperationNameGenerator: Generating unique operation named: updateUsingPUT_1
2022-07-01 11:32:52,424 INFO  [restartedMain] CachingOperationNameGenerator: Generating unique operation named: addUsingPOST_2
2022-07-01 11:32:52,425 INFO  [restartedMain] CachingOperationNameGenerator: Generating unique operation named: deleteUsingDELETE_2
2022-07-01 11:32:52,439 INFO  [restartedMain] CachingOperationNameGenerator: Generating unique operation named: updateUsingPUT_2
2022-07-01 11:32:52,448 INFO  [restartedMain] CachingOperationNameGenerator: Generating unique operation named: insertUsingPOST_1
2022-07-01 11:32:52,457 INFO  [restartedMain] CachingOperationNameGenerator: Generating unique operation named: addUsingPOST_3
2022-07-01 11:32:52,477 INFO  [restartedMain] CachingOperationNameGenerator: Generating unique operation named: deleteUsingDELETE_3
2022-07-01 11:32:52,481 INFO  [restartedMain] CachingOperationNameGenerator: Generating unique operation named: updateUsingPUT_3
2022-07-01 11:32:52,508 INFO  [restartedMain] OkkioApplication: Started OkkioApplication in 7.477 seconds (JVM running for 8.572)
2022-07-01 11:33:01,213 INFO  [http-nio-8092-exec-2] [/]: Initializing Spring DispatcherServlet 'dispatcherServlet'
2022-07-01 11:33:01,217 INFO  [http-nio-8092-exec-2] DispatcherServlet: Initializing Servlet 'dispatcherServlet'
2022-07-01 11:33:01,223 INFO  [http-nio-8092-exec-2] DispatcherServlet: Completed initialization in 6 ms
2022-07-01 11:33:10,324 WARN  [http-nio-8092-exec-3] ProductDetailServicesImpl: ProductDetailServicesImpl - getProductDetailById null with id: 2
2022-07-01 11:45:33,013 INFO  [restartedMain] OkkioApplication: Starting OkkioApplication using Java 13.0.8 on Ais-MacBook-Pro.local with PID 68103 (/Users/aitd/IdeaProjects/okkio-be/okkio-api/target/classes started by aitd in /Users/aitd/IdeaProjects/okkio-be)
2022-07-01 11:45:33,017 INFO  [restartedMain] OkkioApplication: The following profiles are active: swagger,dev
2022-07-01 11:45:33,098 INFO  [restartedMain] DevToolsPropertyDefaultsPostProcessor: Devtools property defaults active! Set 'spring.devtools.add-properties' to 'false' to disable
2022-07-01 11:45:33,099 INFO  [restartedMain] DevToolsPropertyDefaultsPostProcessor: For additional web related logging consider setting the 'logging.level.web' property to 'DEBUG'
2022-07-01 11:45:34,457 INFO  [restartedMain] RepositoryConfigurationDelegate: Multiple Spring Data modules found, entering strict repository configuration mode!
2022-07-01 11:45:34,459 INFO  [restartedMain] RepositoryConfigurationDelegate: Bootstrapping Spring Data JPA repositories in DEFAULT mode.
2022-07-01 11:45:34,587 INFO  [restartedMain] RepositoryConfigurationDelegate: Finished Spring Data repository scanning in 123 ms. Found 7 JPA repository interfaces.
2022-07-01 11:45:34,611 INFO  [restartedMain] RepositoryConfigurationDelegate: Multiple Spring Data modules found, entering strict repository configuration mode!
2022-07-01 11:45:34,612 INFO  [restartedMain] RepositoryConfigurationDelegate: Bootstrapping Spring Data Redis repositories in DEFAULT mode.
2022-07-01 11:45:34,634 INFO  [restartedMain] RepositoryConfigurationExtensionSupport: Spring Data Redis - Could not safely identify store assignment for repository candidate interface io.okkio.repository.CategoryRepository. If you want this repository to be a Redis repository, consider annotating your entities with one of these annotations: org.springframework.data.redis.core.RedisHash (preferred), or consider extending one of the following types with your repository: org.springframework.data.keyvalue.repository.KeyValueRepository.
2022-07-01 11:45:34,639 INFO  [restartedMain] RepositoryConfigurationExtensionSupport: Spring Data Redis - Could not safely identify store assignment for repository candidate interface io.okkio.repository.ProductDetailRepository. If you want this repository to be a Redis repository, consider annotating your entities with one of these annotations: org.springframework.data.redis.core.RedisHash (preferred), or consider extending one of the following types with your repository: org.springframework.data.keyvalue.repository.KeyValueRepository.
2022-07-01 11:45:34,640 INFO  [restartedMain] RepositoryConfigurationExtensionSupport: Spring Data Redis - Could not safely identify store assignment for repository candidate interface io.okkio.repository.ProductRepository. If you want this repository to be a Redis repository, consider annotating your entities with one of these annotations: org.springframework.data.redis.core.RedisHash (preferred), or consider extending one of the following types with your repository: org.springframework.data.keyvalue.repository.KeyValueRepository.
2022-07-01 11:45:34,641 INFO  [restartedMain] RepositoryConfigurationExtensionSupport: Spring Data Redis - Could not safely identify store assignment for repository candidate interface io.okkio.repository.RefreshTokenRepository. If you want this repository to be a Redis repository, consider annotating your entities with one of these annotations: org.springframework.data.redis.core.RedisHash (preferred), or consider extending one of the following types with your repository: org.springframework.data.keyvalue.repository.KeyValueRepository.
2022-07-01 11:45:34,642 INFO  [restartedMain] RepositoryConfigurationExtensionSupport: Spring Data Redis - Could not safely identify store assignment for repository candidate interface io.okkio.repository.RoleRepository. If you want this repository to be a Redis repository, consider annotating your entities with one of these annotations: org.springframework.data.redis.core.RedisHash (preferred), or consider extending one of the following types with your repository: org.springframework.data.keyvalue.repository.KeyValueRepository.
2022-07-01 11:45:34,643 INFO  [restartedMain] RepositoryConfigurationExtensionSupport: Spring Data Redis - Could not safely identify store assignment for repository candidate interface io.okkio.repository.UserRepository. If you want this repository to be a Redis repository, consider annotating your entities with one of these annotations: org.springframework.data.redis.core.RedisHash (preferred), or consider extending one of the following types with your repository: org.springframework.data.keyvalue.repository.KeyValueRepository.
2022-07-01 11:45:34,644 INFO  [restartedMain] RepositoryConfigurationExtensionSupport: Spring Data Redis - Could not safely identify store assignment for repository candidate interface io.okkio.repository.UtilRepository. If you want this repository to be a Redis repository, consider annotating your entities with one of these annotations: org.springframework.data.redis.core.RedisHash (preferred), or consider extending one of the following types with your repository: org.springframework.data.keyvalue.repository.KeyValueRepository.
2022-07-01 11:45:34,644 INFO  [restartedMain] RepositoryConfigurationDelegate: Finished Spring Data repository scanning in 27 ms. Found 0 Redis repository interfaces.
2022-07-01 11:45:35,131 INFO  [restartedMain] PostProcessorRegistrationDelegate$BeanPostProcessorChecker: Bean 'org.springframework.security.access.expression.method.DefaultMethodSecurityExpressionHandler@647ad4d' of type [org.springframework.security.access.expression.method.DefaultMethodSecurityExpressionHandler] is not eligible for getting processed by all BeanPostProcessors (for example: not eligible for auto-proxying)
2022-07-01 11:45:35,140 INFO  [restartedMain] PostProcessorRegistrationDelegate$BeanPostProcessorChecker: Bean 'methodSecurityMetadataSource' of type [org.springframework.security.access.method.DelegatingMethodSecurityMetadataSource] is not eligible for getting processed by all BeanPostProcessors (for example: not eligible for auto-proxying)
2022-07-01 11:45:35,400 INFO  [restartedMain] TomcatWebServer: Tomcat initialized with port(s): 8092 (http)
2022-07-01 11:45:35,405 INFO  [restartedMain] StandardService: Starting service [Tomcat]
2022-07-01 11:45:35,406 INFO  [restartedMain] StandardEngine: Starting Servlet engine: [Apache Tomcat/9.0.52]
2022-07-01 11:45:35,477 INFO  [restartedMain] [/]: Initializing Spring embedded WebApplicationContext
2022-07-01 11:45:35,477 INFO  [restartedMain] ServletWebServerApplicationContext: Root WebApplicationContext: initialization completed in 2378 ms
2022-07-01 11:45:36,279 INFO  [restartedMain] HikariDataSource: HikariPool-1 - Starting...
2022-07-01 11:45:37,819 INFO  [restartedMain] HikariDataSource: HikariPool-1 - Start completed.
2022-07-01 11:45:39,216 INFO  [restartedMain] LocalContainerEntityManagerFactoryBean: Initialized JPA EntityManagerFactory for persistence unit 'default'
2022-07-01 11:45:39,339 WARN  [restartedMain] JpaBaseConfiguration$JpaWebConfiguration: spring.jpa.open-in-view is enabled by default. Therefore, database queries may be performed during view rendering. Explicitly configure spring.jpa.open-in-view to disable this warning
2022-07-01 11:45:40,988 INFO  [restartedMain] PropertySourcedRequestMappingHandlerMapping: Mapped URL path [/v2/api-docs] onto method [springfox.documentation.swagger2.web.Swagger2Controller#getDocumentation(String, HttpServletRequest)]
2022-07-01 11:45:41,075 INFO  [restartedMain] UserDetailsServiceAutoConfiguration: 

Using generated security password: 19328665-d321-4ed6-8c88-eab9ae280e47

2022-07-01 11:45:41,154 INFO  [restartedMain] DefaultSecurityFilterChain: Will secure any request with [org.springframework.security.web.context.request.async.WebAsyncManagerIntegrationFilter@549ee2b7, org.springframework.security.web.context.SecurityContextPersistenceFilter@2f44ce9b, org.springframework.security.web.header.HeaderWriterFilter@31ce70ec, org.springframework.web.filter.CorsFilter@e635481, org.springframework.security.web.authentication.logout.LogoutFilter@3b5f5964, io.okkio.security.JwtAuthenticationFilter@4537aca8, org.springframework.security.web.savedrequest.RequestCacheAwareFilter@7104e60f, org.springframework.security.web.servletapi.SecurityContextHolderAwareRequestFilter@51f504ea, org.springframework.security.web.authentication.AnonymousAuthenticationFilter@7275864f, org.springframework.security.web.session.SessionManagementFilter@3e755ff2, org.springframework.security.web.access.ExceptionTranslationFilter@d0d145b, org.springframework.security.web.access.intercept.FilterSecurityInterceptor@2c141979]
2022-07-01 11:45:41,388 INFO  [restartedMain] OptionalLiveReloadServer: LiveReload server is running on port 35729
2022-07-01 11:45:41,488 WARN  [restartedMain] ThymeleafAutoConfiguration$DefaultTemplateResolverConfiguration: Cannot find template location: classpath:/templates/ (please add some templates or check your Thymeleaf configuration)
2022-07-01 11:45:41,905 INFO  [restartedMain] TomcatWebServer: Tomcat started on port(s): 8092 (http) with context path ''
2022-07-01 11:45:41,907 INFO  [restartedMain] DocumentationPluginsBootstrapper: Context refreshed
2022-07-01 11:45:41,916 INFO  [restartedMain] DocumentationPluginsBootstrapper: Found 1 custom documentation plugin(s)
2022-07-01 11:45:41,950 INFO  [restartedMain] ApiListingReferenceScanner: Scanning for api listing references
2022-07-01 11:45:42,178 INFO  [http-nio-8092-exec-1] [/]: Initializing Spring DispatcherServlet 'dispatcherServlet'
2022-07-01 11:45:42,186 INFO  [http-nio-8092-exec-1] DispatcherServlet: Initializing Servlet 'dispatcherServlet'
2022-07-01 11:45:42,188 INFO  [http-nio-8092-exec-1] DispatcherServlet: Completed initialization in 1 ms
2022-07-01 11:45:42,199 INFO  [restartedMain] CachingOperationNameGenerator: Generating unique operation named: addUsingPOST_1
2022-07-01 11:45:42,203 INFO  [restartedMain] CachingOperationNameGenerator: Generating unique operation named: deleteUsingDELETE_1
2022-07-01 11:45:42,209 INFO  [restartedMain] CachingOperationNameGenerator: Generating unique operation named: updateUsingPUT_1
2022-07-01 11:45:42,240 INFO  [restartedMain] CachingOperationNameGenerator: Generating unique operation named: addUsingPOST_2
2022-07-01 11:45:42,241 INFO  [restartedMain] CachingOperationNameGenerator: Generating unique operation named: deleteUsingDELETE_2
2022-07-01 11:45:42,268 INFO  [restartedMain] CachingOperationNameGenerator: Generating unique operation named: updateUsingPUT_2
2022-07-01 11:45:42,286 INFO  [restartedMain] CachingOperationNameGenerator: Generating unique operation named: insertUsingPOST_1
2022-07-01 11:45:42,310 INFO  [restartedMain] CachingOperationNameGenerator: Generating unique operation named: addUsingPOST_3
2022-07-01 11:45:42,327 INFO  [restartedMain] CachingOperationNameGenerator: Generating unique operation named: deleteUsingDELETE_3
2022-07-01 11:45:42,334 INFO  [restartedMain] CachingOperationNameGenerator: Generating unique operation named: updateUsingPUT_3
2022-07-01 11:45:42,388 INFO  [restartedMain] OkkioApplication: Started OkkioApplication in 10.098 seconds (JVM running for 11.29)
2022-07-01 11:45:55,745 WARN  [http-nio-8092-exec-3] ProductDetailServicesImpl: ProductDetailServicesImpl - getProductDetailById null with id: null
2022-07-01 11:45:55,749 WARN  [http-nio-8092-exec-3] ProductDetailServicesImpl: ProductDetailServicesImpl - getProductDetailById null with id: null
2022-07-01 11:45:55,751 WARN  [http-nio-8092-exec-3] ProductDetailServicesImpl: ProductDetailServicesImpl - getProductDetailById null with id: null
2022-07-01 11:45:55,753 WARN  [http-nio-8092-exec-3] ProductDetailServicesImpl: ProductDetailServicesImpl - getProductDetailById null with id: null
2022-07-01 11:45:55,754 WARN  [http-nio-8092-exec-3] ProductDetailServicesImpl: ProductDetailServicesImpl - getProductDetailById null with id: null
2022-07-01 11:45:55,756 WARN  [http-nio-8092-exec-3] ProductDetailServicesImpl: ProductDetailServicesImpl - getProductDetailById null with id: null
2022-07-01 11:45:55,758 WARN  [http-nio-8092-exec-3] ProductDetailServicesImpl: ProductDetailServicesImpl - getProductDetailById null with id: null
2022-07-01 11:45:55,759 WARN  [http-nio-8092-exec-3] ProductDetailServicesImpl: ProductDetailServicesImpl - getProductDetailById null with id: null
2022-07-01 11:45:55,761 WARN  [http-nio-8092-exec-3] ProductDetailServicesImpl: ProductDetailServicesImpl - getProductDetailById null with id: null
2022-07-01 11:45:55,762 WARN  [http-nio-8092-exec-3] ProductDetailServicesImpl: ProductDetailServicesImpl - getProductDetailById null with id: null
2022-07-01 11:45:55,763 WARN  [http-nio-8092-exec-3] ProductDetailServicesImpl: ProductDetailServicesImpl - getProductDetailById null with id: null
2022-07-01 11:45:55,766 WARN  [http-nio-8092-exec-3] ProductDetailServicesImpl: ProductDetailServicesImpl - getProductDetailById null with id: null
2022-07-01 11:45:55,770 WARN  [http-nio-8092-exec-3] ProductDetailServicesImpl: ProductDetailServicesImpl - getProductDetailById null with id: null
2022-07-01 11:45:55,777 WARN  [http-nio-8092-exec-3] ProductDetailServicesImpl: ProductDetailServicesImpl - getProductDetailById null with id: null
2022-07-01 11:45:55,779 WARN  [http-nio-8092-exec-3] ProductDetailServicesImpl: ProductDetailServicesImpl - getProductDetailById null with id: null
2022-07-01 11:45:55,780 WARN  [http-nio-8092-exec-3] ProductDetailServicesImpl: ProductDetailServicesImpl - getProductDetailById null with id: null
2022-07-01 11:45:55,783 WARN  [http-nio-8092-exec-3] ProductDetailServicesImpl: ProductDetailServicesImpl - getProductDetailById null with id: null
2022-07-01 11:45:55,785 WARN  [http-nio-8092-exec-3] ProductDetailServicesImpl: ProductDetailServicesImpl - getProductDetailById null with id: null
2022-07-01 11:45:55,786 WARN  [http-nio-8092-exec-3] ProductDetailServicesImpl: ProductDetailServicesImpl - getProductDetailById null with id: null
2022-07-01 11:45:55,788 WARN  [http-nio-8092-exec-3] ProductDetailServicesImpl: ProductDetailServicesImpl - getProductDetailById null with id: null
2022-07-01 11:45:55,789 WARN  [http-nio-8092-exec-3] ProductDetailServicesImpl: ProductDetailServicesImpl - getProductDetailById null with id: null
2022-07-01 11:45:55,790 WARN  [http-nio-8092-exec-3] ProductDetailServicesImpl: ProductDetailServicesImpl - getProductDetailById null with id: null
2022-07-01 11:45:55,791 WARN  [http-nio-8092-exec-3] ProductDetailServicesImpl: ProductDetailServicesImpl - getProductDetailById null with id: null
2022-07-01 11:45:55,792 WARN  [http-nio-8092-exec-3] ProductDetailServicesImpl: ProductDetailServicesImpl - getProductDetailById null with id: null
2022-07-01 11:45:55,794 WARN  [http-nio-8092-exec-3] ProductDetailServicesImpl: ProductDetailServicesImpl - getProductDetailById null with id: null
2022-07-01 11:45:55,795 WARN  [http-nio-8092-exec-3] ProductDetailServicesImpl: ProductDetailServicesImpl - getProductDetailById null with id: null
2022-07-01 11:45:55,796 WARN  [http-nio-8092-exec-3] ProductDetailServicesImpl: ProductDetailServicesImpl - getProductDetailById null with id: null
2022-07-01 11:45:55,804 WARN  [http-nio-8092-exec-3] ProductDetailServicesImpl: ProductDetailServicesImpl - getProductDetailById null with id: null
2022-07-01 11:45:55,806 WARN  [http-nio-8092-exec-3] ProductDetailServicesImpl: ProductDetailServicesImpl - getProductDetailById null with id: null
2022-07-01 11:45:55,807 WARN  [http-nio-8092-exec-3] ProductDetailServicesImpl: ProductDetailServicesImpl - getProductDetailById null with id: null
2022-07-01 11:46:11,624 WARN  [http-nio-8092-exec-4] ProductDetailServicesImpl: ProductDetailServicesImpl - getProductDetailById null with id: null
2022-07-01 11:46:11,626 WARN  [http-nio-8092-exec-4] ProductDetailServicesImpl: ProductDetailServicesImpl - getProductDetailById null with id: null
2022-07-01 11:46:11,627 WARN  [http-nio-8092-exec-4] ProductDetailServicesImpl: ProductDetailServicesImpl - getProductDetailById null with id: null
2022-07-01 11:46:11,629 WARN  [http-nio-8092-exec-4] ProductDetailServicesImpl: ProductDetailServicesImpl - getProductDetailById null with id: null
2022-07-01 11:46:11,634 WARN  [http-nio-8092-exec-4] ProductDetailServicesImpl: ProductDetailServicesImpl - getProductDetailById null with id: null
2022-07-01 11:46:11,635 WARN  [http-nio-8092-exec-4] ProductDetailServicesImpl: ProductDetailServicesImpl - getProductDetailById null with id: null
2022-07-01 11:46:11,638 WARN  [http-nio-8092-exec-4] ProductDetailServicesImpl: ProductDetailServicesImpl - getProductDetailById null with id: null
2022-07-01 11:46:11,640 WARN  [http-nio-8092-exec-4] ProductDetailServicesImpl: ProductDetailServicesImpl - getProductDetailById null with id: null
2022-07-01 11:46:11,642 WARN  [http-nio-8092-exec-4] ProductDetailServicesImpl: ProductDetailServicesImpl - getProductDetailById null with id: null
2022-07-01 11:46:11,642 WARN  [http-nio-8092-exec-4] ProductDetailServicesImpl: ProductDetailServicesImpl - getProductDetailById null with id: null
2022-07-01 11:46:11,643 WARN  [http-nio-8092-exec-4] ProductDetailServicesImpl: ProductDetailServicesImpl - getProductDetailById null with id: null
2022-07-01 11:46:11,645 WARN  [http-nio-8092-exec-4] ProductDetailServicesImpl: ProductDetailServicesImpl - getProductDetailById null with id: null
2022-07-01 11:46:11,649 WARN  [http-nio-8092-exec-4] ProductDetailServicesImpl: ProductDetailServicesImpl - getProductDetailById null with id: null
2022-07-01 11:46:11,655 WARN  [http-nio-8092-exec-4] ProductDetailServicesImpl: ProductDetailServicesImpl - getProductDetailById null with id: null
2022-07-01 11:46:11,657 WARN  [http-nio-8092-exec-4] ProductDetailServicesImpl: ProductDetailServicesImpl - getProductDetailById null with id: null
2022-07-01 11:46:11,662 WARN  [http-nio-8092-exec-4] ProductDetailServicesImpl: ProductDetailServicesImpl - getProductDetailById null with id: null
2022-07-01 11:46:11,667 WARN  [http-nio-8092-exec-4] ProductDetailServicesImpl: ProductDetailServicesImpl - getProductDetailById null with id: null
2022-07-01 11:46:11,669 WARN  [http-nio-8092-exec-4] ProductDetailServicesImpl: ProductDetailServicesImpl - getProductDetailById null with id: null
2022-07-01 11:46:11,670 WARN  [http-nio-8092-exec-4] ProductDetailServicesImpl: ProductDetailServicesImpl - getProductDetailById null with id: null
2022-07-01 11:46:11,672 WARN  [http-nio-8092-exec-4] ProductDetailServicesImpl: ProductDetailServicesImpl - getProductDetailById null with id: null
2022-07-01 11:46:11,673 WARN  [http-nio-8092-exec-4] ProductDetailServicesImpl: ProductDetailServicesImpl - getProductDetailById null with id: null
2022-07-01 11:46:11,675 WARN  [http-nio-8092-exec-4] ProductDetailServicesImpl: ProductDetailServicesImpl - getProductDetailById null with id: null
2022-07-01 11:46:11,676 WARN  [http-nio-8092-exec-4] ProductDetailServicesImpl: ProductDetailServicesImpl - getProductDetailById null with id: null
2022-07-01 11:46:11,677 WARN  [http-nio-8092-exec-4] ProductDetailServicesImpl: ProductDetailServicesImpl - getProductDetailById null with id: null
2022-07-01 11:46:11,678 WARN  [http-nio-8092-exec-4] ProductDetailServicesImpl: ProductDetailServicesImpl - getProductDetailById null with id: null
2022-07-01 11:46:11,680 WARN  [http-nio-8092-exec-4] ProductDetailServicesImpl: ProductDetailServicesImpl - getProductDetailById null with id: null
2022-07-01 11:46:11,681 WARN  [http-nio-8092-exec-4] ProductDetailServicesImpl: ProductDetailServicesImpl - getProductDetailById null with id: null
2022-07-01 11:46:11,686 WARN  [http-nio-8092-exec-4] ProductDetailServicesImpl: ProductDetailServicesImpl - getProductDetailById null with id: null
2022-07-01 11:46:11,687 WARN  [http-nio-8092-exec-4] ProductDetailServicesImpl: ProductDetailServicesImpl - getProductDetailById null with id: null
2022-07-01 11:46:11,688 WARN  [http-nio-8092-exec-4] ProductDetailServicesImpl: ProductDetailServicesImpl - getProductDetailById null with id: null
2022-07-01 11:46:12,465 WARN  [http-nio-8092-exec-5] ProductDetailServicesImpl: ProductDetailServicesImpl - getProductDetailById null with id: null
2022-07-01 11:46:12,468 WARN  [http-nio-8092-exec-5] ProductDetailServicesImpl: ProductDetailServicesImpl - getProductDetailById null with id: null
2022-07-01 11:46:12,469 WARN  [http-nio-8092-exec-5] ProductDetailServicesImpl: ProductDetailServicesImpl - getProductDetailById null with id: null
2022-07-01 11:46:12,469 WARN  [http-nio-8092-exec-5] ProductDetailServicesImpl: ProductDetailServicesImpl - getProductDetailById null with id: null
2022-07-01 11:46:12,472 WARN  [http-nio-8092-exec-5] ProductDetailServicesImpl: ProductDetailServicesImpl - getProductDetailById null with id: null
2022-07-01 11:46:12,473 WARN  [http-nio-8092-exec-5] ProductDetailServicesImpl: ProductDetailServicesImpl - getProductDetailById null with id: null
2022-07-01 11:46:12,474 WARN  [http-nio-8092-exec-5] ProductDetailServicesImpl: ProductDetailServicesImpl - getProductDetailById null with id: null
2022-07-01 11:46:12,476 WARN  [http-nio-8092-exec-5] ProductDetailServicesImpl: ProductDetailServicesImpl - getProductDetailById null with id: null
2022-07-01 11:46:12,477 WARN  [http-nio-8092-exec-5] ProductDetailServicesImpl: ProductDetailServicesImpl - getProductDetailById null with id: null
2022-07-01 11:46:12,478 WARN  [http-nio-8092-exec-5] ProductDetailServicesImpl: ProductDetailServicesImpl - getProductDetailById null with id: null
2022-07-01 11:46:12,480 WARN  [http-nio-8092-exec-5] ProductDetailServicesImpl: ProductDetailServicesImpl - getProductDetailById null with id: null
2022-07-01 11:46:12,481 WARN  [http-nio-8092-exec-5] ProductDetailServicesImpl: ProductDetailServicesImpl - getProductDetailById null with id: null
2022-07-01 11:46:12,484 WARN  [http-nio-8092-exec-5] ProductDetailServicesImpl: ProductDetailServicesImpl - getProductDetailById null with id: null
2022-07-01 11:46:12,487 WARN  [http-nio-8092-exec-5] ProductDetailServicesImpl: ProductDetailServicesImpl - getProductDetailById null with id: null
2022-07-01 11:46:12,488 WARN  [http-nio-8092-exec-5] ProductDetailServicesImpl: ProductDetailServicesImpl - getProductDetailById null with id: null
2022-07-01 11:46:12,489 WARN  [http-nio-8092-exec-5] ProductDetailServicesImpl: ProductDetailServicesImpl - getProductDetailById null with id: null
2022-07-01 11:46:12,490 WARN  [http-nio-8092-exec-5] ProductDetailServicesImpl: ProductDetailServicesImpl - getProductDetailById null with id: null
2022-07-01 11:46:12,491 WARN  [http-nio-8092-exec-5] ProductDetailServicesImpl: ProductDetailServicesImpl - getProductDetailById null with id: null
2022-07-01 11:46:12,495 WARN  [http-nio-8092-exec-5] ProductDetailServicesImpl: ProductDetailServicesImpl - getProductDetailById null with id: null
2022-07-01 11:46:12,496 WARN  [http-nio-8092-exec-5] ProductDetailServicesImpl: ProductDetailServicesImpl - getProductDetailById null with id: null
2022-07-01 11:46:12,498 WARN  [http-nio-8092-exec-5] ProductDetailServicesImpl: ProductDetailServicesImpl - getProductDetailById null with id: null
2022-07-01 11:46:12,501 WARN  [http-nio-8092-exec-5] ProductDetailServicesImpl: ProductDetailServicesImpl - getProductDetailById null with id: null
2022-07-01 11:46:12,503 WARN  [http-nio-8092-exec-5] ProductDetailServicesImpl: ProductDetailServicesImpl - getProductDetailById null with id: null
2022-07-01 11:46:12,504 WARN  [http-nio-8092-exec-5] ProductDetailServicesImpl: ProductDetailServicesImpl - getProductDetailById null with id: null
2022-07-01 11:46:12,505 WARN  [http-nio-8092-exec-5] ProductDetailServicesImpl: ProductDetailServicesImpl - getProductDetailById null with id: null
2022-07-01 11:46:12,506 WARN  [http-nio-8092-exec-5] ProductDetailServicesImpl: ProductDetailServicesImpl - getProductDetailById null with id: null
2022-07-01 11:46:12,506 WARN  [http-nio-8092-exec-5] ProductDetailServicesImpl: ProductDetailServicesImpl - getProductDetailById null with id: null
2022-07-01 11:46:12,510 WARN  [http-nio-8092-exec-5] ProductDetailServicesImpl: ProductDetailServicesImpl - getProductDetailById null with id: null
2022-07-01 11:46:12,512 WARN  [http-nio-8092-exec-5] ProductDetailServicesImpl: ProductDetailServicesImpl - getProductDetailById null with id: null
2022-07-01 11:46:12,513 WARN  [http-nio-8092-exec-5] ProductDetailServicesImpl: ProductDetailServicesImpl - getProductDetailById null with id: null
2022-07-01 14:56:03,578 INFO  [restartedMain] OkkioApplication: Starting OkkioApplication using Java 13.0.8 on Ais-MacBook-Pro.local with PID 68483 (/Users/aitd/IdeaProjects/okkio-be/okkio-api/target/classes started by aitd in /Users/aitd/IdeaProjects/okkio-be)
2022-07-01 14:56:03,583 INFO  [restartedMain] OkkioApplication: The following profiles are active: swagger,dev
2022-07-01 14:56:03,684 INFO  [restartedMain] DevToolsPropertyDefaultsPostProcessor: Devtools property defaults active! Set 'spring.devtools.add-properties' to 'false' to disable
2022-07-01 14:56:03,685 INFO  [restartedMain] DevToolsPropertyDefaultsPostProcessor: For additional web related logging consider setting the 'logging.level.web' property to 'DEBUG'
2022-07-01 14:56:05,040 INFO  [restartedMain] RepositoryConfigurationDelegate: Multiple Spring Data modules found, entering strict repository configuration mode!
2022-07-01 14:56:05,041 INFO  [restartedMain] RepositoryConfigurationDelegate: Bootstrapping Spring Data JPA repositories in DEFAULT mode.
2022-07-01 14:56:05,156 INFO  [restartedMain] RepositoryConfigurationDelegate: Finished Spring Data repository scanning in 109 ms. Found 7 JPA repository interfaces.
2022-07-01 14:56:05,177 INFO  [restartedMain] RepositoryConfigurationDelegate: Multiple Spring Data modules found, entering strict repository configuration mode!
2022-07-01 14:56:05,178 INFO  [restartedMain] RepositoryConfigurationDelegate: Bootstrapping Spring Data Redis repositories in DEFAULT mode.
2022-07-01 14:56:05,194 INFO  [restartedMain] RepositoryConfigurationExtensionSupport: Spring Data Redis - Could not safely identify store assignment for repository candidate interface io.okkio.repository.CategoryRepository. If you want this repository to be a Redis repository, consider annotating your entities with one of these annotations: org.springframework.data.redis.core.RedisHash (preferred), or consider extending one of the following types with your repository: org.springframework.data.keyvalue.repository.KeyValueRepository.
2022-07-01 14:56:05,202 INFO  [restartedMain] RepositoryConfigurationExtensionSupport: Spring Data Redis - Could not safely identify store assignment for repository candidate interface io.okkio.repository.ProductDetailRepository. If you want this repository to be a Redis repository, consider annotating your entities with one of these annotations: org.springframework.data.redis.core.RedisHash (preferred), or consider extending one of the following types with your repository: org.springframework.data.keyvalue.repository.KeyValueRepository.
2022-07-01 14:56:05,203 INFO  [restartedMain] RepositoryConfigurationExtensionSupport: Spring Data Redis - Could not safely identify store assignment for repository candidate interface io.okkio.repository.ProductRepository. If you want this repository to be a Redis repository, consider annotating your entities with one of these annotations: org.springframework.data.redis.core.RedisHash (preferred), or consider extending one of the following types with your repository: org.springframework.data.keyvalue.repository.KeyValueRepository.
2022-07-01 14:56:05,203 INFO  [restartedMain] RepositoryConfigurationExtensionSupport: Spring Data Redis - Could not safely identify store assignment for repository candidate interface io.okkio.repository.RefreshTokenRepository. If you want this repository to be a Redis repository, consider annotating your entities with one of these annotations: org.springframework.data.redis.core.RedisHash (preferred), or consider extending one of the following types with your repository: org.springframework.data.keyvalue.repository.KeyValueRepository.
2022-07-01 14:56:05,205 INFO  [restartedMain] RepositoryConfigurationExtensionSupport: Spring Data Redis - Could not safely identify store assignment for repository candidate interface io.okkio.repository.RoleRepository. If you want this repository to be a Redis repository, consider annotating your entities with one of these annotations: org.springframework.data.redis.core.RedisHash (preferred), or consider extending one of the following types with your repository: org.springframework.data.keyvalue.repository.KeyValueRepository.
2022-07-01 14:56:05,207 INFO  [restartedMain] RepositoryConfigurationExtensionSupport: Spring Data Redis - Could not safely identify store assignment for repository candidate interface io.okkio.repository.UserRepository. If you want this repository to be a Redis repository, consider annotating your entities with one of these annotations: org.springframework.data.redis.core.RedisHash (preferred), or consider extending one of the following types with your repository: org.springframework.data.keyvalue.repository.KeyValueRepository.
2022-07-01 14:56:05,208 INFO  [restartedMain] RepositoryConfigurationExtensionSupport: Spring Data Redis - Could not safely identify store assignment for repository candidate interface io.okkio.repository.UtilRepository. If you want this repository to be a Redis repository, consider annotating your entities with one of these annotations: org.springframework.data.redis.core.RedisHash (preferred), or consider extending one of the following types with your repository: org.springframework.data.keyvalue.repository.KeyValueRepository.
2022-07-01 14:56:05,208 INFO  [restartedMain] RepositoryConfigurationDelegate: Finished Spring Data repository scanning in 25 ms. Found 0 Redis repository interfaces.
2022-07-01 14:56:05,776 INFO  [restartedMain] PostProcessorRegistrationDelegate$BeanPostProcessorChecker: Bean 'org.springframework.security.access.expression.method.DefaultMethodSecurityExpressionHandler@13515989' of type [org.springframework.security.access.expression.method.DefaultMethodSecurityExpressionHandler] is not eligible for getting processed by all BeanPostProcessors (for example: not eligible for auto-proxying)
2022-07-01 14:56:05,785 INFO  [restartedMain] PostProcessorRegistrationDelegate$BeanPostProcessorChecker: Bean 'methodSecurityMetadataSource' of type [org.springframework.security.access.method.DelegatingMethodSecurityMetadataSource] is not eligible for getting processed by all BeanPostProcessors (for example: not eligible for auto-proxying)
2022-07-01 14:56:06,046 INFO  [restartedMain] TomcatWebServer: Tomcat initialized with port(s): 8092 (http)
2022-07-01 14:56:06,051 INFO  [restartedMain] StandardService: Starting service [Tomcat]
2022-07-01 14:56:06,052 INFO  [restartedMain] StandardEngine: Starting Servlet engine: [Apache Tomcat/9.0.52]
2022-07-01 14:56:06,118 INFO  [restartedMain] [/]: Initializing Spring embedded WebApplicationContext
2022-07-01 14:56:06,118 INFO  [restartedMain] ServletWebServerApplicationContext: Root WebApplicationContext: initialization completed in 2433 ms
2022-07-01 14:56:06,639 INFO  [restartedMain] HikariDataSource: HikariPool-1 - Starting...
2022-07-01 14:56:07,058 INFO  [restartedMain] HikariDataSource: HikariPool-1 - Start completed.
2022-07-01 14:56:07,894 INFO  [restartedMain] LocalContainerEntityManagerFactoryBean: Initialized JPA EntityManagerFactory for persistence unit 'default'
2022-07-01 14:56:07,959 WARN  [restartedMain] JpaBaseConfiguration$JpaWebConfiguration: spring.jpa.open-in-view is enabled by default. Therefore, database queries may be performed during view rendering. Explicitly configure spring.jpa.open-in-view to disable this warning
2022-07-01 14:56:09,394 INFO  [restartedMain] PropertySourcedRequestMappingHandlerMapping: Mapped URL path [/v2/api-docs] onto method [springfox.documentation.swagger2.web.Swagger2Controller#getDocumentation(String, HttpServletRequest)]
2022-07-01 14:56:09,457 INFO  [restartedMain] UserDetailsServiceAutoConfiguration: 

Using generated security password: 41c24931-339f-4471-9ac9-865d7de686f4

2022-07-01 14:56:09,522 INFO  [restartedMain] DefaultSecurityFilterChain: Will secure any request with [org.springframework.security.web.context.request.async.WebAsyncManagerIntegrationFilter@133aa80, org.springframework.security.web.context.SecurityContextPersistenceFilter@7195a990, org.springframework.security.web.header.HeaderWriterFilter@60745d8, org.springframework.web.filter.CorsFilter@65520c2f, org.springframework.security.web.authentication.logout.LogoutFilter@5ea616f6, io.okkio.security.JwtAuthenticationFilter@63911095, org.springframework.security.web.savedrequest.RequestCacheAwareFilter@62aaa08c, org.springframework.security.web.servletapi.SecurityContextHolderAwareRequestFilter@1cb35de, org.springframework.security.web.authentication.AnonymousAuthenticationFilter@371733e2, org.springframework.security.web.session.SessionManagementFilter@2d336c29, org.springframework.security.web.access.ExceptionTranslationFilter@352eb31f, org.springframework.security.web.access.intercept.FilterSecurityInterceptor@1ee0ce49]
2022-07-01 14:56:09,700 INFO  [restartedMain] OptionalLiveReloadServer: LiveReload server is running on port 35729
2022-07-01 14:56:09,793 WARN  [restartedMain] ThymeleafAutoConfiguration$DefaultTemplateResolverConfiguration: Cannot find template location: classpath:/templates/ (please add some templates or check your Thymeleaf configuration)
2022-07-01 14:56:10,177 INFO  [restartedMain] TomcatWebServer: Tomcat started on port(s): 8092 (http) with context path ''
2022-07-01 14:56:10,180 INFO  [restartedMain] DocumentationPluginsBootstrapper: Context refreshed
2022-07-01 14:56:10,189 INFO  [restartedMain] DocumentationPluginsBootstrapper: Found 1 custom documentation plugin(s)
2022-07-01 14:56:10,216 INFO  [restartedMain] ApiListingReferenceScanner: Scanning for api listing references
2022-07-01 14:56:10,409 INFO  [restartedMain] CachingOperationNameGenerator: Generating unique operation named: addUsingPOST_1
2022-07-01 14:56:10,415 INFO  [restartedMain] CachingOperationNameGenerator: Generating unique operation named: deleteUsingDELETE_1
2022-07-01 14:56:10,421 INFO  [restartedMain] CachingOperationNameGenerator: Generating unique operation named: updateUsingPUT_1
2022-07-01 14:56:10,440 INFO  [restartedMain] CachingOperationNameGenerator: Generating unique operation named: addUsingPOST_2
2022-07-01 14:56:10,441 INFO  [restartedMain] CachingOperationNameGenerator: Generating unique operation named: deleteUsingDELETE_2
2022-07-01 14:56:10,457 INFO  [restartedMain] CachingOperationNameGenerator: Generating unique operation named: updateUsingPUT_2
2022-07-01 14:56:10,467 INFO  [restartedMain] CachingOperationNameGenerator: Generating unique operation named: insertUsingPOST_1
2022-07-01 14:56:10,473 INFO  [restartedMain] CachingOperationNameGenerator: Generating unique operation named: addUsingPOST_3
2022-07-01 14:56:10,482 INFO  [restartedMain] CachingOperationNameGenerator: Generating unique operation named: deleteUsingDELETE_3
2022-07-01 14:56:10,485 INFO  [restartedMain] CachingOperationNameGenerator: Generating unique operation named: updateUsingPUT_3
2022-07-01 14:56:10,517 INFO  [restartedMain] OkkioApplication: Started OkkioApplication in 7.722 seconds (JVM running for 8.983)
2022-07-01 15:09:03,340 INFO  [restartedMain] OkkioApplication: Starting OkkioApplication using Java 13.0.8 on Ais-MacBook-Pro.local with PID 68745 (/Users/aitd/IdeaProjects/okkio-be/okkio-api/target/classes started by aitd in /Users/aitd/IdeaProjects/okkio-be)
2022-07-01 15:09:03,348 INFO  [restartedMain] OkkioApplication: The following profiles are active: swagger,dev
2022-07-01 15:09:03,520 INFO  [restartedMain] DevToolsPropertyDefaultsPostProcessor: Devtools property defaults active! Set 'spring.devtools.add-properties' to 'false' to disable
2022-07-01 15:09:03,520 INFO  [restartedMain] DevToolsPropertyDefaultsPostProcessor: For additional web related logging consider setting the 'logging.level.web' property to 'DEBUG'
2022-07-01 15:09:06,227 INFO  [restartedMain] RepositoryConfigurationDelegate: Multiple Spring Data modules found, entering strict repository configuration mode!
2022-07-01 15:09:06,229 INFO  [restartedMain] RepositoryConfigurationDelegate: Bootstrapping Spring Data JPA repositories in DEFAULT mode.
2022-07-01 15:09:06,553 INFO  [restartedMain] RepositoryConfigurationDelegate: Finished Spring Data repository scanning in 317 ms. Found 7 JPA repository interfaces.
2022-07-01 15:09:06,582 INFO  [restartedMain] RepositoryConfigurationDelegate: Multiple Spring Data modules found, entering strict repository configuration mode!
2022-07-01 15:09:06,583 INFO  [restartedMain] RepositoryConfigurationDelegate: Bootstrapping Spring Data Redis repositories in DEFAULT mode.
2022-07-01 15:09:06,604 INFO  [restartedMain] RepositoryConfigurationExtensionSupport: Spring Data Redis - Could not safely identify store assignment for repository candidate interface io.okkio.repository.CategoryRepository. If you want this repository to be a Redis repository, consider annotating your entities with one of these annotations: org.springframework.data.redis.core.RedisHash (preferred), or consider extending one of the following types with your repository: org.springframework.data.keyvalue.repository.KeyValueRepository.
2022-07-01 15:09:06,610 INFO  [restartedMain] RepositoryConfigurationExtensionSupport: Spring Data Redis - Could not safely identify store assignment for repository candidate interface io.okkio.repository.ProductDetailRepository. If you want this repository to be a Redis repository, consider annotating your entities with one of these annotations: org.springframework.data.redis.core.RedisHash (preferred), or consider extending one of the following types with your repository: org.springframework.data.keyvalue.repository.KeyValueRepository.
2022-07-01 15:09:06,612 INFO  [restartedMain] RepositoryConfigurationExtensionSupport: Spring Data Redis - Could not safely identify store assignment for repository candidate interface io.okkio.repository.ProductRepository. If you want this repository to be a Redis repository, consider annotating your entities with one of these annotations: org.springframework.data.redis.core.RedisHash (preferred), or consider extending one of the following types with your repository: org.springframework.data.keyvalue.repository.KeyValueRepository.
2022-07-01 15:09:06,612 INFO  [restartedMain] RepositoryConfigurationExtensionSupport: Spring Data Redis - Could not safely identify store assignment for repository candidate interface io.okkio.repository.RefreshTokenRepository. If you want this repository to be a Redis repository, consider annotating your entities with one of these annotations: org.springframework.data.redis.core.RedisHash (preferred), or consider extending one of the following types with your repository: org.springframework.data.keyvalue.repository.KeyValueRepository.
2022-07-01 15:09:06,613 INFO  [restartedMain] RepositoryConfigurationExtensionSupport: Spring Data Redis - Could not safely identify store assignment for repository candidate interface io.okkio.repository.RoleRepository. If you want this repository to be a Redis repository, consider annotating your entities with one of these annotations: org.springframework.data.redis.core.RedisHash (preferred), or consider extending one of the following types with your repository: org.springframework.data.keyvalue.repository.KeyValueRepository.
2022-07-01 15:09:06,614 INFO  [restartedMain] RepositoryConfigurationExtensionSupport: Spring Data Redis - Could not safely identify store assignment for repository candidate interface io.okkio.repository.UserRepository. If you want this repository to be a Redis repository, consider annotating your entities with one of these annotations: org.springframework.data.redis.core.RedisHash (preferred), or consider extending one of the following types with your repository: org.springframework.data.keyvalue.repository.KeyValueRepository.
2022-07-01 15:09:06,615 INFO  [restartedMain] RepositoryConfigurationExtensionSupport: Spring Data Redis - Could not safely identify store assignment for repository candidate interface io.okkio.repository.UtilRepository. If you want this repository to be a Redis repository, consider annotating your entities with one of these annotations: org.springframework.data.redis.core.RedisHash (preferred), or consider extending one of the following types with your repository: org.springframework.data.keyvalue.repository.KeyValueRepository.
2022-07-01 15:09:06,615 INFO  [restartedMain] RepositoryConfigurationDelegate: Finished Spring Data repository scanning in 24 ms. Found 0 Redis repository interfaces.
2022-07-01 15:09:07,304 INFO  [restartedMain] PostProcessorRegistrationDelegate$BeanPostProcessorChecker: Bean 'org.springframework.security.access.expression.method.DefaultMethodSecurityExpressionHandler@50efad7c' of type [org.springframework.security.access.expression.method.DefaultMethodSecurityExpressionHandler] is not eligible for getting processed by all BeanPostProcessors (for example: not eligible for auto-proxying)
2022-07-01 15:09:07,319 INFO  [restartedMain] PostProcessorRegistrationDelegate$BeanPostProcessorChecker: Bean 'methodSecurityMetadataSource' of type [org.springframework.security.access.method.DelegatingMethodSecurityMetadataSource] is not eligible for getting processed by all BeanPostProcessors (for example: not eligible for auto-proxying)
2022-07-01 15:09:08,128 INFO  [restartedMain] TomcatWebServer: Tomcat initialized with port(s): 8092 (http)
2022-07-01 15:09:08,143 INFO  [restartedMain] StandardService: Starting service [Tomcat]
2022-07-01 15:09:08,144 INFO  [restartedMain] StandardEngine: Starting Servlet engine: [Apache Tomcat/9.0.52]
2022-07-01 15:09:08,419 INFO  [restartedMain] [/]: Initializing Spring embedded WebApplicationContext
2022-07-01 15:09:08,421 INFO  [restartedMain] ServletWebServerApplicationContext: Root WebApplicationContext: initialization completed in 4900 ms
2022-07-01 15:09:09,835 INFO  [restartedMain] HikariDataSource: HikariPool-1 - Starting...
2022-07-01 15:09:10,696 INFO  [restartedMain] HikariDataSource: HikariPool-1 - Start completed.
2022-07-01 15:09:12,118 INFO  [restartedMain] LocalContainerEntityManagerFactoryBean: Initialized JPA EntityManagerFactory for persistence unit 'default'
2022-07-01 15:09:12,198 WARN  [restartedMain] JpaBaseConfiguration$JpaWebConfiguration: spring.jpa.open-in-view is enabled by default. Therefore, database queries may be performed during view rendering. Explicitly configure spring.jpa.open-in-view to disable this warning
2022-07-01 15:09:14,547 INFO  [restartedMain] PropertySourcedRequestMappingHandlerMapping: Mapped URL path [/v2/api-docs] onto method [springfox.documentation.swagger2.web.Swagger2Controller#getDocumentation(String, HttpServletRequest)]
2022-07-01 15:09:14,654 INFO  [restartedMain] UserDetailsServiceAutoConfiguration: 

Using generated security password: 61e79bda-5d56-43aa-b384-316eb9d1ac26

2022-07-01 15:09:14,923 INFO  [restartedMain] DefaultSecurityFilterChain: Will secure any request with [org.springframework.security.web.context.request.async.WebAsyncManagerIntegrationFilter@445a7b32, org.springframework.security.web.context.SecurityContextPersistenceFilter@16a12a99, org.springframework.security.web.header.HeaderWriterFilter@7a3fa6d7, org.springframework.web.filter.CorsFilter@10d30b51, org.springframework.security.web.authentication.logout.LogoutFilter@24612f52, io.okkio.security.JwtAuthenticationFilter@47f8005f, org.springframework.security.web.savedrequest.RequestCacheAwareFilter@26376975, org.springframework.security.web.servletapi.SecurityContextHolderAwareRequestFilter@198c705c, org.springframework.security.web.authentication.AnonymousAuthenticationFilter@6792d833, org.springframework.security.web.session.SessionManagementFilter@69ead93e, org.springframework.security.web.access.ExceptionTranslationFilter@2248bfd0, org.springframework.security.web.access.intercept.FilterSecurityInterceptor@5358b941]
2022-07-01 15:09:15,170 INFO  [restartedMain] OptionalLiveReloadServer: LiveReload server is running on port 35729
2022-07-01 15:09:15,362 WARN  [restartedMain] ThymeleafAutoConfiguration$DefaultTemplateResolverConfiguration: Cannot find template location: classpath:/templates/ (please add some templates or check your Thymeleaf configuration)
2022-07-01 15:09:16,270 INFO  [restartedMain] TomcatWebServer: Tomcat started on port(s): 8092 (http) with context path ''
2022-07-01 15:09:16,274 INFO  [restartedMain] DocumentationPluginsBootstrapper: Context refreshed
2022-07-01 15:09:16,301 INFO  [restartedMain] DocumentationPluginsBootstrapper: Found 1 custom documentation plugin(s)
2022-07-01 15:09:16,356 INFO  [restartedMain] ApiListingReferenceScanner: Scanning for api listing references
2022-07-01 15:09:16,796 INFO  [restartedMain] CachingOperationNameGenerator: Generating unique operation named: addUsingPOST_1
2022-07-01 15:09:16,806 INFO  [restartedMain] CachingOperationNameGenerator: Generating unique operation named: deleteUsingDELETE_1
2022-07-01 15:09:16,828 INFO  [restartedMain] CachingOperationNameGenerator: Generating unique operation named: updateUsingPUT_1
2022-07-01 15:09:17,074 INFO  [restartedMain] CachingOperationNameGenerator: Generating unique operation named: addUsingPOST_2
2022-07-01 15:09:17,075 INFO  [restartedMain] CachingOperationNameGenerator: Generating unique operation named: deleteUsingDELETE_2
2022-07-01 15:09:17,375 INFO  [restartedMain] CachingOperationNameGenerator: Generating unique operation named: updateUsingPUT_2
2022-07-01 15:09:17,401 INFO  [restartedMain] CachingOperationNameGenerator: Generating unique operation named: insertUsingPOST_1
2022-07-01 15:09:17,454 INFO  [restartedMain] CachingOperationNameGenerator: Generating unique operation named: addUsingPOST_3
2022-07-01 15:09:17,491 INFO  [restartedMain] CachingOperationNameGenerator: Generating unique operation named: deleteUsingDELETE_3
2022-07-01 15:09:17,498 INFO  [restartedMain] CachingOperationNameGenerator: Generating unique operation named: updateUsingPUT_3
2022-07-01 15:09:17,615 INFO  [restartedMain] OkkioApplication: Started OkkioApplication in 16.86 seconds (JVM running for 21.2)
2022-07-01 15:09:21,479 INFO  [http-nio-8092-exec-1] [/]: Initializing Spring DispatcherServlet 'dispatcherServlet'
2022-07-01 15:09:21,485 INFO  [http-nio-8092-exec-1] DispatcherServlet: Initializing Servlet 'dispatcherServlet'
2022-07-01 15:09:21,489 INFO  [http-nio-8092-exec-1] DispatcherServlet: Completed initialization in 4 ms
2022-07-01 15:11:28,762 ERROR [http-nio-8092-exec-5] [dispatcherServlet]: Servlet.service() for servlet [dispatcherServlet] in context with path [] threw exception [Request processing failed; nested exception is org.springframework.jdbc.BadSqlGrammarException: 
### Error updating database.  Cause: java.sql.SQLSyntaxErrorException: Unknown column 'cd.headerImages' in 'field list'
### The error may exist in file [/Users/aitd/IdeaProjects/okkio-be/okkio-api/target/classes/mybatis/ProductDetailMapper.xml]
### The error may involve defaultParameterMap
### The error occurred while setting parameters
### SQL: update okkio.product_detail cd         set cd.status = ?                                           and cd.headerImages = ?                                 and cd.footerImages = ?                   where 1=1                       and cd.id = ?
### Cause: java.sql.SQLSyntaxErrorException: Unknown column 'cd.headerImages' in 'field list'
; bad SQL grammar []; nested exception is java.sql.SQLSyntaxErrorException: Unknown column 'cd.headerImages' in 'field list'] with root cause
java.sql.SQLSyntaxErrorException: Unknown column 'cd.headerImages' in 'field list'
	at com.mysql.cj.jdbc.exceptions.SQLError.createSQLException(SQLError.java:120)
	at com.mysql.cj.jdbc.exceptions.SQLError.createSQLException(SQLError.java:97)
	at com.mysql.cj.jdbc.exceptions.SQLExceptionsMapping.translateException(SQLExceptionsMapping.java:122)
	at com.mysql.cj.jdbc.ClientPreparedStatement.executeInternal(ClientPreparedStatement.java:953)
	at com.mysql.cj.jdbc.ClientPreparedStatement.execute(ClientPreparedStatement.java:370)
	at com.zaxxer.hikari.pool.ProxyPreparedStatement.execute(ProxyPreparedStatement.java:44)
	at com.zaxxer.hikari.pool.HikariProxyPreparedStatement.execute(HikariProxyPreparedStatement.java)
	at org.apache.ibatis.executor.statement.PreparedStatementHandler.update(PreparedStatementHandler.java:47)
	at org.apache.ibatis.executor.statement.RoutingStatementHandler.update(RoutingStatementHandler.java:74)
	at org.apache.ibatis.executor.SimpleExecutor.doUpdate(SimpleExecutor.java:50)
	at org.apache.ibatis.executor.BaseExecutor.update(BaseExecutor.java:117)
	at org.apache.ibatis.executor.CachingExecutor.update(CachingExecutor.java:76)
	at org.apache.ibatis.session.defaults.DefaultSqlSession.update(DefaultSqlSession.java:197)
	at java.base/jdk.internal.reflect.NativeMethodAccessorImpl.invoke0(Native Method)
	at java.base/jdk.internal.reflect.NativeMethodAccessorImpl.invoke(NativeMethodAccessorImpl.java:62)
	at java.base/jdk.internal.reflect.DelegatingMethodAccessorImpl.invoke(DelegatingMethodAccessorImpl.java:43)
	at java.base/java.lang.reflect.Method.invoke(Method.java:567)
	at org.mybatis.spring.SqlSessionTemplate$SqlSessionInterceptor.invoke(SqlSessionTemplate.java:426)
	at com.sun.proxy.$Proxy122.update(Unknown Source)
	at org.mybatis.spring.SqlSessionTemplate.update(SqlSessionTemplate.java:287)
	at org.apache.ibatis.binding.MapperMethod.execute(MapperMethod.java:67)
	at org.apache.ibatis.binding.MapperProxy.invoke(MapperProxy.java:57)
	at com.sun.proxy.$Proxy127.updateProductDetailByIds(Unknown Source)
	at io.okkio.services.impl.ProductDetailServicesImpl.update(ProductDetailServicesImpl.java:109)
	at io.okkio.controllers.ProductDetailController.update(ProductDetailController.java:68)
	at io.okkio.controllers.ProductDetailController$$FastClassBySpringCGLIB$$76ac8064.invoke(<generated>)
	at org.springframework.cglib.proxy.MethodProxy.invoke(MethodProxy.java:218)
	at org.springframework.aop.framework.CglibAopProxy$CglibMethodInvocation.invokeJoinpoint(CglibAopProxy.java:779)
	at org.springframework.aop.framework.ReflectiveMethodInvocation.proceed(ReflectiveMethodInvocation.java:163)
	at org.springframework.aop.framework.CglibAopProxy$CglibMethodInvocation.proceed(CglibAopProxy.java:750)
	at org.springframework.security.access.intercept.aopalliance.MethodSecurityInterceptor.invoke(MethodSecurityInterceptor.java:61)
	at org.springframework.aop.framework.ReflectiveMethodInvocation.proceed(ReflectiveMethodInvocation.java:186)
	at org.springframework.aop.framework.CglibAopProxy$CglibMethodInvocation.proceed(CglibAopProxy.java:750)
	at org.springframework.aop.framework.CglibAopProxy$DynamicAdvisedInterceptor.intercept(CglibAopProxy.java:692)
	at io.okkio.controllers.ProductDetailController$$EnhancerBySpringCGLIB$$ce1de41b.update(<generated>)
	at java.base/jdk.internal.reflect.NativeMethodAccessorImpl.invoke0(Native Method)
	at java.base/jdk.internal.reflect.NativeMethodAccessorImpl.invoke(NativeMethodAccessorImpl.java:62)
	at java.base/jdk.internal.reflect.DelegatingMethodAccessorImpl.invoke(DelegatingMethodAccessorImpl.java:43)
	at java.base/java.lang.reflect.Method.invoke(Method.java:567)
	at org.springframework.web.method.support.InvocableHandlerMethod.doInvoke(InvocableHandlerMethod.java:197)
	at org.springframework.web.method.support.InvocableHandlerMethod.invokeForRequest(InvocableHandlerMethod.java:141)
	at org.springframework.web.servlet.mvc.method.annotation.ServletInvocableHandlerMethod.invokeAndHandle(ServletInvocableHandlerMethod.java:106)
	at org.springframework.web.servlet.mvc.method.annotation.RequestMappingHandlerAdapter.invokeHandlerMethod(RequestMappingHandlerAdapter.java:895)
	at org.springframework.web.servlet.mvc.method.annotation.RequestMappingHandlerAdapter.handleInternal(RequestMappingHandlerAdapter.java:808)
	at org.springframework.web.servlet.mvc.method.AbstractHandlerMethodAdapter.handle(AbstractHandlerMethodAdapter.java:87)
	at org.springframework.web.servlet.DispatcherServlet.doDispatch(DispatcherServlet.java:1064)
	at org.springframework.web.servlet.DispatcherServlet.doService(DispatcherServlet.java:963)
	at org.springframework.web.servlet.FrameworkServlet.processRequest(FrameworkServlet.java:1006)
	at org.springframework.web.servlet.FrameworkServlet.doPut(FrameworkServlet.java:920)
	at javax.servlet.http.HttpServlet.service(HttpServlet.java:684)
	at org.springframework.web.servlet.FrameworkServlet.service(FrameworkServlet.java:883)
	at javax.servlet.http.HttpServlet.service(HttpServlet.java:764)
	at org.apache.catalina.core.ApplicationFilterChain.internalDoFilter(ApplicationFilterChain.java:227)
	at org.apache.catalina.core.ApplicationFilterChain.doFilter(ApplicationFilterChain.java:162)
	at org.springframework.security.web.FilterChainProxy$VirtualFilterChain.doFilter(FilterChainProxy.java:327)
	at org.springframework.security.web.access.intercept.FilterSecurityInterceptor.invoke(FilterSecurityInterceptor.java:115)
	at org.springframework.security.web.access.intercept.FilterSecurityInterceptor.doFilter(FilterSecurityInterceptor.java:81)
	at org.springframework.security.web.FilterChainProxy$VirtualFilterChain.doFilter(FilterChainProxy.java:336)
	at org.springframework.security.web.access.ExceptionTranslationFilter.doFilter(ExceptionTranslationFilter.java:121)
	at org.springframework.security.web.access.ExceptionTranslationFilter.doFilter(ExceptionTranslationFilter.java:115)
	at org.springframework.security.web.FilterChainProxy$VirtualFilterChain.doFilter(FilterChainProxy.java:336)
	at org.springframework.security.web.session.SessionManagementFilter.doFilter(SessionManagementFilter.java:126)
	at org.springframework.security.web.session.SessionManagementFilter.doFilter(SessionManagementFilter.java:81)
	at org.springframework.security.web.FilterChainProxy$VirtualFilterChain.doFilter(FilterChainProxy.java:336)
	at org.springframework.security.web.authentication.AnonymousAuthenticationFilter.doFilter(AnonymousAuthenticationFilter.java:105)
	at org.springframework.security.web.FilterChainProxy$VirtualFilterChain.doFilter(FilterChainProxy.java:336)
	at org.springframework.security.web.servletapi.SecurityContextHolderAwareRequestFilter.doFilter(SecurityContextHolderAwareRequestFilter.java:149)
	at org.springframework.security.web.FilterChainProxy$VirtualFilterChain.doFilter(FilterChainProxy.java:336)
	at org.springframework.security.web.savedrequest.RequestCacheAwareFilter.doFilter(RequestCacheAwareFilter.java:63)
	at org.springframework.security.web.FilterChainProxy$VirtualFilterChain.doFilter(FilterChainProxy.java:336)
	at io.okkio.security.JwtAuthenticationFilter.doFilterInternal(JwtAuthenticationFilter.java:68)
	at org.springframework.web.filter.OncePerRequestFilter.doFilter(OncePerRequestFilter.java:119)
	at org.springframework.security.web.FilterChainProxy$VirtualFilterChain.doFilter(FilterChainProxy.java:336)
	at org.springframework.security.web.authentication.logout.LogoutFilter.doFilter(LogoutFilter.java:103)
	at org.springframework.security.web.authentication.logout.LogoutFilter.doFilter(LogoutFilter.java:89)
	at org.springframework.security.web.FilterChainProxy$VirtualFilterChain.doFilter(FilterChainProxy.java:336)
	at org.springframework.web.filter.CorsFilter.doFilterInternal(CorsFilter.java:91)
	at org.springframework.web.filter.OncePerRequestFilter.doFilter(OncePerRequestFilter.java:119)
	at org.springframework.security.web.FilterChainProxy$VirtualFilterChain.doFilter(FilterChainProxy.java:336)
	at org.springframework.security.web.header.HeaderWriterFilter.doHeadersAfter(HeaderWriterFilter.java:90)
	at org.springframework.security.web.header.HeaderWriterFilter.doFilterInternal(HeaderWriterFilter.java:75)
	at org.springframework.web.filter.OncePerRequestFilter.doFilter(OncePerRequestFilter.java:119)
	at org.springframework.security.web.FilterChainProxy$VirtualFilterChain.doFilter(FilterChainProxy.java:336)
	at org.springframework.security.web.context.SecurityContextPersistenceFilter.doFilter(SecurityContextPersistenceFilter.java:110)
	at org.springframework.security.web.context.SecurityContextPersistenceFilter.doFilter(SecurityContextPersistenceFilter.java:80)
	at org.springframework.security.web.FilterChainProxy$VirtualFilterChain.doFilter(FilterChainProxy.java:336)
	at org.springframework.security.web.context.request.async.WebAsyncManagerIntegrationFilter.doFilterInternal(WebAsyncManagerIntegrationFilter.java:55)
	at org.springframework.web.filter.OncePerRequestFilter.doFilter(OncePerRequestFilter.java:119)
	at org.springframework.security.web.FilterChainProxy$VirtualFilterChain.doFilter(FilterChainProxy.java:336)
	at org.springframework.security.web.FilterChainProxy.doFilterInternal(FilterChainProxy.java:211)
	at org.springframework.security.web.FilterChainProxy.doFilter(FilterChainProxy.java:183)
	at org.springframework.web.filter.DelegatingFilterProxy.invokeDelegate(DelegatingFilterProxy.java:358)
	at org.springframework.web.filter.DelegatingFilterProxy.doFilter(DelegatingFilterProxy.java:271)
	at org.apache.catalina.core.ApplicationFilterChain.internalDoFilter(ApplicationFilterChain.java:189)
	at org.apache.catalina.core.ApplicationFilterChain.doFilter(ApplicationFilterChain.java:162)
	at org.springframework.web.filter.RequestContextFilter.doFilterInternal(RequestContextFilter.java:100)
	at org.springframework.web.filter.OncePerRequestFilter.doFilter(OncePerRequestFilter.java:119)
	at org.apache.catalina.core.ApplicationFilterChain.internalDoFilter(ApplicationFilterChain.java:189)
	at org.apache.catalina.core.ApplicationFilterChain.doFilter(ApplicationFilterChain.java:162)
	at org.springframework.web.filter.FormContentFilter.doFilterInternal(FormContentFilter.java:93)
	at org.springframework.web.filter.OncePerRequestFilter.doFilter(OncePerRequestFilter.java:119)
	at org.apache.catalina.core.ApplicationFilterChain.internalDoFilter(ApplicationFilterChain.java:189)
	at org.apache.catalina.core.ApplicationFilterChain.doFilter(ApplicationFilterChain.java:162)
	at org.springframework.web.filter.CharacterEncodingFilter.doFilterInternal(CharacterEncodingFilter.java:201)
	at org.springframework.web.filter.OncePerRequestFilter.doFilter(OncePerRequestFilter.java:119)
	at org.apache.catalina.core.ApplicationFilterChain.internalDoFilter(ApplicationFilterChain.java:189)
	at org.apache.catalina.core.ApplicationFilterChain.doFilter(ApplicationFilterChain.java:162)
	at org.apache.catalina.core.StandardWrapperValve.invoke(StandardWrapperValve.java:197)
	at org.apache.catalina.core.StandardContextValve.invoke(StandardContextValve.java:97)
	at org.apache.catalina.authenticator.AuthenticatorBase.invoke(AuthenticatorBase.java:542)
	at org.apache.catalina.core.StandardHostValve.invoke(StandardHostValve.java:135)
	at org.apache.catalina.valves.ErrorReportValve.invoke(ErrorReportValve.java:92)
	at org.apache.catalina.core.StandardEngineValve.invoke(StandardEngineValve.java:78)
	at org.apache.catalina.connector.CoyoteAdapter.service(CoyoteAdapter.java:357)
	at org.apache.coyote.http11.Http11Processor.service(Http11Processor.java:382)
	at org.apache.coyote.AbstractProcessorLight.process(AbstractProcessorLight.java:65)
	at org.apache.coyote.AbstractProtocol$ConnectionHandler.process(AbstractProtocol.java:893)
	at org.apache.tomcat.util.net.NioEndpoint$SocketProcessor.doRun(NioEndpoint.java:1726)
	at org.apache.tomcat.util.net.SocketProcessorBase.run(SocketProcessorBase.java:49)
	at org.apache.tomcat.util.threads.ThreadPoolExecutor.runWorker(ThreadPoolExecutor.java:1191)
	at org.apache.tomcat.util.threads.ThreadPoolExecutor$Worker.run(ThreadPoolExecutor.java:659)
	at org.apache.tomcat.util.threads.TaskThread$WrappingRunnable.run(TaskThread.java:61)
	at java.base/java.lang.Thread.run(Thread.java:830)
2022-07-01 15:12:33,924 INFO  [restartedMain] OkkioApplication: Starting OkkioApplication using Java 13.0.8 on Ais-MacBook-Pro.local with PID 68784 (/Users/aitd/IdeaProjects/okkio-be/okkio-api/target/classes started by aitd in /Users/aitd/IdeaProjects/okkio-be)
2022-07-01 15:12:33,944 INFO  [restartedMain] OkkioApplication: The following profiles are active: swagger,dev
2022-07-01 15:12:34,042 INFO  [restartedMain] DevToolsPropertyDefaultsPostProcessor: Devtools property defaults active! Set 'spring.devtools.add-properties' to 'false' to disable
2022-07-01 15:12:34,042 INFO  [restartedMain] DevToolsPropertyDefaultsPostProcessor: For additional web related logging consider setting the 'logging.level.web' property to 'DEBUG'
2022-07-01 15:12:35,542 INFO  [restartedMain] RepositoryConfigurationDelegate: Multiple Spring Data modules found, entering strict repository configuration mode!
2022-07-01 15:12:35,544 INFO  [restartedMain] RepositoryConfigurationDelegate: Bootstrapping Spring Data JPA repositories in DEFAULT mode.
2022-07-01 15:12:35,656 INFO  [restartedMain] RepositoryConfigurationDelegate: Finished Spring Data repository scanning in 107 ms. Found 7 JPA repository interfaces.
2022-07-01 15:12:35,679 INFO  [restartedMain] RepositoryConfigurationDelegate: Multiple Spring Data modules found, entering strict repository configuration mode!
2022-07-01 15:12:35,680 INFO  [restartedMain] RepositoryConfigurationDelegate: Bootstrapping Spring Data Redis repositories in DEFAULT mode.
2022-07-01 15:12:35,698 INFO  [restartedMain] RepositoryConfigurationExtensionSupport: Spring Data Redis - Could not safely identify store assignment for repository candidate interface io.okkio.repository.CategoryRepository. If you want this repository to be a Redis repository, consider annotating your entities with one of these annotations: org.springframework.data.redis.core.RedisHash (preferred), or consider extending one of the following types with your repository: org.springframework.data.keyvalue.repository.KeyValueRepository.
2022-07-01 15:12:35,706 INFO  [restartedMain] RepositoryConfigurationExtensionSupport: Spring Data Redis - Could not safely identify store assignment for repository candidate interface io.okkio.repository.ProductDetailRepository. If you want this repository to be a Redis repository, consider annotating your entities with one of these annotations: org.springframework.data.redis.core.RedisHash (preferred), or consider extending one of the following types with your repository: org.springframework.data.keyvalue.repository.KeyValueRepository.
2022-07-01 15:12:35,707 INFO  [restartedMain] RepositoryConfigurationExtensionSupport: Spring Data Redis - Could not safely identify store assignment for repository candidate interface io.okkio.repository.ProductRepository. If you want this repository to be a Redis repository, consider annotating your entities with one of these annotations: org.springframework.data.redis.core.RedisHash (preferred), or consider extending one of the following types with your repository: org.springframework.data.keyvalue.repository.KeyValueRepository.
2022-07-01 15:12:35,708 INFO  [restartedMain] RepositoryConfigurationExtensionSupport: Spring Data Redis - Could not safely identify store assignment for repository candidate interface io.okkio.repository.RefreshTokenRepository. If you want this repository to be a Redis repository, consider annotating your entities with one of these annotations: org.springframework.data.redis.core.RedisHash (preferred), or consider extending one of the following types with your repository: org.springframework.data.keyvalue.repository.KeyValueRepository.
2022-07-01 15:12:35,709 INFO  [restartedMain] RepositoryConfigurationExtensionSupport: Spring Data Redis - Could not safely identify store assignment for repository candidate interface io.okkio.repository.RoleRepository. If you want this repository to be a Redis repository, consider annotating your entities with one of these annotations: org.springframework.data.redis.core.RedisHash (preferred), or consider extending one of the following types with your repository: org.springframework.data.keyvalue.repository.KeyValueRepository.
2022-07-01 15:12:35,710 INFO  [restartedMain] RepositoryConfigurationExtensionSupport: Spring Data Redis - Could not safely identify store assignment for repository candidate interface io.okkio.repository.UserRepository. If you want this repository to be a Redis repository, consider annotating your entities with one of these annotations: org.springframework.data.redis.core.RedisHash (preferred), or consider extending one of the following types with your repository: org.springframework.data.keyvalue.repository.KeyValueRepository.
2022-07-01 15:12:35,711 INFO  [restartedMain] RepositoryConfigurationExtensionSupport: Spring Data Redis - Could not safely identify store assignment for repository candidate interface io.okkio.repository.UtilRepository. If you want this repository to be a Redis repository, consider annotating your entities with one of these annotations: org.springframework.data.redis.core.RedisHash (preferred), or consider extending one of the following types with your repository: org.springframework.data.keyvalue.repository.KeyValueRepository.
2022-07-01 15:12:35,711 INFO  [restartedMain] RepositoryConfigurationDelegate: Finished Spring Data repository scanning in 26 ms. Found 0 Redis repository interfaces.
2022-07-01 15:12:36,229 INFO  [restartedMain] PostProcessorRegistrationDelegate$BeanPostProcessorChecker: Bean 'org.springframework.security.access.expression.method.DefaultMethodSecurityExpressionHandler@13515989' of type [org.springframework.security.access.expression.method.DefaultMethodSecurityExpressionHandler] is not eligible for getting processed by all BeanPostProcessors (for example: not eligible for auto-proxying)
2022-07-01 15:12:36,237 INFO  [restartedMain] PostProcessorRegistrationDelegate$BeanPostProcessorChecker: Bean 'methodSecurityMetadataSource' of type [org.springframework.security.access.method.DelegatingMethodSecurityMetadataSource] is not eligible for getting processed by all BeanPostProcessors (for example: not eligible for auto-proxying)
2022-07-01 15:12:36,529 INFO  [restartedMain] TomcatWebServer: Tomcat initialized with port(s): 8092 (http)
2022-07-01 15:12:36,545 INFO  [restartedMain] StandardService: Starting service [Tomcat]
2022-07-01 15:12:36,545 INFO  [restartedMain] StandardEngine: Starting Servlet engine: [Apache Tomcat/9.0.52]
2022-07-01 15:12:36,655 INFO  [restartedMain] [/]: Initializing Spring embedded WebApplicationContext
2022-07-01 15:12:36,656 INFO  [restartedMain] ServletWebServerApplicationContext: Root WebApplicationContext: initialization completed in 2613 ms
2022-07-01 15:12:37,363 INFO  [restartedMain] HikariDataSource: HikariPool-1 - Starting...
2022-07-01 15:12:37,788 INFO  [restartedMain] HikariDataSource: HikariPool-1 - Start completed.
2022-07-01 15:12:38,892 INFO  [restartedMain] LocalContainerEntityManagerFactoryBean: Initialized JPA EntityManagerFactory for persistence unit 'default'
2022-07-01 15:12:38,966 WARN  [restartedMain] JpaBaseConfiguration$JpaWebConfiguration: spring.jpa.open-in-view is enabled by default. Therefore, database queries may be performed during view rendering. Explicitly configure spring.jpa.open-in-view to disable this warning
2022-07-01 15:12:42,003 INFO  [restartedMain] PropertySourcedRequestMappingHandlerMapping: Mapped URL path [/v2/api-docs] onto method [springfox.documentation.swagger2.web.Swagger2Controller#getDocumentation(String, HttpServletRequest)]
2022-07-01 15:12:42,072 INFO  [restartedMain] UserDetailsServiceAutoConfiguration: 

Using generated security password: 53516533-f143-494b-9542-656849c3e8fe

2022-07-01 15:12:42,131 INFO  [restartedMain] DefaultSecurityFilterChain: Will secure any request with [org.springframework.security.web.context.request.async.WebAsyncManagerIntegrationFilter@1ee0ce49, org.springframework.security.web.context.SecurityContextPersistenceFilter@49e43113, org.springframework.security.web.header.HeaderWriterFilter@352eb31f, org.springframework.web.filter.CorsFilter@271873aa, org.springframework.security.web.authentication.logout.LogoutFilter@1f537f1a, io.okkio.security.JwtAuthenticationFilter@792fed55, org.springframework.security.web.savedrequest.RequestCacheAwareFilter@2d336c29, org.springframework.security.web.servletapi.SecurityContextHolderAwareRequestFilter@ed8b343, org.springframework.security.web.authentication.AnonymousAuthenticationFilter@19b9bd78, org.springframework.security.web.session.SessionManagementFilter@7a59b955, org.springframework.security.web.access.ExceptionTranslationFilter@11be4a52, org.springframework.security.web.access.intercept.FilterSecurityInterceptor@49d958a7]
2022-07-01 15:12:42,296 INFO  [restartedMain] OptionalLiveReloadServer: LiveReload server is running on port 35729
2022-07-01 15:12:42,382 WARN  [restartedMain] ThymeleafAutoConfiguration$DefaultTemplateResolverConfiguration: Cannot find template location: classpath:/templates/ (please add some templates or check your Thymeleaf configuration)
2022-07-01 15:12:42,842 INFO  [restartedMain] TomcatWebServer: Tomcat started on port(s): 8092 (http) with context path ''
2022-07-01 15:12:42,844 INFO  [restartedMain] DocumentationPluginsBootstrapper: Context refreshed
2022-07-01 15:12:42,856 INFO  [restartedMain] DocumentationPluginsBootstrapper: Found 1 custom documentation plugin(s)
2022-07-01 15:12:42,886 INFO  [restartedMain] ApiListingReferenceScanner: Scanning for api listing references
2022-07-01 15:12:43,055 INFO  [restartedMain] CachingOperationNameGenerator: Generating unique operation named: addUsingPOST_1
2022-07-01 15:12:43,061 INFO  [restartedMain] CachingOperationNameGenerator: Generating unique operation named: deleteUsingDELETE_1
2022-07-01 15:12:43,066 INFO  [restartedMain] CachingOperationNameGenerator: Generating unique operation named: updateUsingPUT_1
2022-07-01 15:12:43,084 INFO  [restartedMain] CachingOperationNameGenerator: Generating unique operation named: addUsingPOST_2
2022-07-01 15:12:43,085 INFO  [restartedMain] CachingOperationNameGenerator: Generating unique operation named: deleteUsingDELETE_2
2022-07-01 15:12:43,105 INFO  [restartedMain] CachingOperationNameGenerator: Generating unique operation named: updateUsingPUT_2
2022-07-01 15:12:43,112 INFO  [restartedMain] CachingOperationNameGenerator: Generating unique operation named: insertUsingPOST_1
2022-07-01 15:12:43,123 INFO  [restartedMain] CachingOperationNameGenerator: Generating unique operation named: addUsingPOST_3
2022-07-01 15:12:43,134 INFO  [restartedMain] CachingOperationNameGenerator: Generating unique operation named: deleteUsingDELETE_3
2022-07-01 15:12:43,137 INFO  [restartedMain] CachingOperationNameGenerator: Generating unique operation named: updateUsingPUT_3
2022-07-01 15:12:43,175 INFO  [restartedMain] OkkioApplication: Started OkkioApplication in 10.163 seconds (JVM running for 11.339)
2022-07-01 15:13:03,554 INFO  [http-nio-8092-exec-1] [/]: Initializing Spring DispatcherServlet 'dispatcherServlet'
2022-07-01 15:13:03,560 INFO  [http-nio-8092-exec-1] DispatcherServlet: Initializing Servlet 'dispatcherServlet'
2022-07-01 15:13:03,573 INFO  [http-nio-8092-exec-1] DispatcherServlet: Completed initialization in 13 ms
2022-07-01 15:13:07,193 ERROR [http-nio-8092-exec-3] [dispatcherServlet]: Servlet.service() for servlet [dispatcherServlet] in context with path [] threw exception [Request processing failed; nested exception is org.springframework.dao.DataIntegrityViolationException: 
### Error updating database.  Cause: com.mysql.cj.jdbc.exceptions.MysqlDataTruncation: Data truncation: Truncated incorrect DOUBLE value: 'ACTIVATED'
### The error may exist in file [/Users/aitd/IdeaProjects/okkio-be/okkio-api/target/classes/mybatis/ProductDetailMapper.xml]
### The error may involve defaultParameterMap
### The error occurred while setting parameters
### SQL: update okkio.product_detail cd         set cd.status = ?                                           and cd.header_images = ?                                 and cd.footer_images = ?                   where 1=1                       and cd.id = ?
### Cause: com.mysql.cj.jdbc.exceptions.MysqlDataTruncation: Data truncation: Truncated incorrect DOUBLE value: 'ACTIVATED'
; Data truncation: Truncated incorrect DOUBLE value: 'ACTIVATED'; nested exception is com.mysql.cj.jdbc.exceptions.MysqlDataTruncation: Data truncation: Truncated incorrect DOUBLE value: 'ACTIVATED'] with root cause
com.mysql.cj.jdbc.exceptions.MysqlDataTruncation: Data truncation: Truncated incorrect DOUBLE value: 'ACTIVATED'
	at com.mysql.cj.jdbc.exceptions.SQLExceptionsMapping.translateException(SQLExceptionsMapping.java:104)
	at com.mysql.cj.jdbc.ClientPreparedStatement.executeInternal(ClientPreparedStatement.java:953)
	at com.mysql.cj.jdbc.ClientPreparedStatement.execute(ClientPreparedStatement.java:370)
	at com.zaxxer.hikari.pool.ProxyPreparedStatement.execute(ProxyPreparedStatement.java:44)
	at com.zaxxer.hikari.pool.HikariProxyPreparedStatement.execute(HikariProxyPreparedStatement.java)
	at org.apache.ibatis.executor.statement.PreparedStatementHandler.update(PreparedStatementHandler.java:47)
	at org.apache.ibatis.executor.statement.RoutingStatementHandler.update(RoutingStatementHandler.java:74)
	at org.apache.ibatis.executor.SimpleExecutor.doUpdate(SimpleExecutor.java:50)
	at org.apache.ibatis.executor.BaseExecutor.update(BaseExecutor.java:117)
	at org.apache.ibatis.executor.CachingExecutor.update(CachingExecutor.java:76)
	at org.apache.ibatis.session.defaults.DefaultSqlSession.update(DefaultSqlSession.java:197)
	at java.base/jdk.internal.reflect.NativeMethodAccessorImpl.invoke0(Native Method)
	at java.base/jdk.internal.reflect.NativeMethodAccessorImpl.invoke(NativeMethodAccessorImpl.java:62)
	at java.base/jdk.internal.reflect.DelegatingMethodAccessorImpl.invoke(DelegatingMethodAccessorImpl.java:43)
	at java.base/java.lang.reflect.Method.invoke(Method.java:567)
	at org.mybatis.spring.SqlSessionTemplate$SqlSessionInterceptor.invoke(SqlSessionTemplate.java:426)
	at com.sun.proxy.$Proxy122.update(Unknown Source)
	at org.mybatis.spring.SqlSessionTemplate.update(SqlSessionTemplate.java:287)
	at org.apache.ibatis.binding.MapperMethod.execute(MapperMethod.java:67)
	at org.apache.ibatis.binding.MapperProxy.invoke(MapperProxy.java:57)
	at com.sun.proxy.$Proxy127.updateProductDetailByIds(Unknown Source)
	at io.okkio.services.impl.ProductDetailServicesImpl.update(ProductDetailServicesImpl.java:109)
	at io.okkio.controllers.ProductDetailController.update(ProductDetailController.java:68)
	at io.okkio.controllers.ProductDetailController$$FastClassBySpringCGLIB$$76ac8064.invoke(<generated>)
	at org.springframework.cglib.proxy.MethodProxy.invoke(MethodProxy.java:218)
	at org.springframework.aop.framework.CglibAopProxy$CglibMethodInvocation.invokeJoinpoint(CglibAopProxy.java:779)
	at org.springframework.aop.framework.ReflectiveMethodInvocation.proceed(ReflectiveMethodInvocation.java:163)
	at org.springframework.aop.framework.CglibAopProxy$CglibMethodInvocation.proceed(CglibAopProxy.java:750)
	at org.springframework.security.access.intercept.aopalliance.MethodSecurityInterceptor.invoke(MethodSecurityInterceptor.java:61)
	at org.springframework.aop.framework.ReflectiveMethodInvocation.proceed(ReflectiveMethodInvocation.java:186)
	at org.springframework.aop.framework.CglibAopProxy$CglibMethodInvocation.proceed(CglibAopProxy.java:750)
	at org.springframework.aop.framework.CglibAopProxy$DynamicAdvisedInterceptor.intercept(CglibAopProxy.java:692)
	at io.okkio.controllers.ProductDetailController$$EnhancerBySpringCGLIB$$c2d8161.update(<generated>)
	at java.base/jdk.internal.reflect.NativeMethodAccessorImpl.invoke0(Native Method)
	at java.base/jdk.internal.reflect.NativeMethodAccessorImpl.invoke(NativeMethodAccessorImpl.java:62)
	at java.base/jdk.internal.reflect.DelegatingMethodAccessorImpl.invoke(DelegatingMethodAccessorImpl.java:43)
	at java.base/java.lang.reflect.Method.invoke(Method.java:567)
	at org.springframework.web.method.support.InvocableHandlerMethod.doInvoke(InvocableHandlerMethod.java:197)
	at org.springframework.web.method.support.InvocableHandlerMethod.invokeForRequest(InvocableHandlerMethod.java:141)
	at org.springframework.web.servlet.mvc.method.annotation.ServletInvocableHandlerMethod.invokeAndHandle(ServletInvocableHandlerMethod.java:106)
	at org.springframework.web.servlet.mvc.method.annotation.RequestMappingHandlerAdapter.invokeHandlerMethod(RequestMappingHandlerAdapter.java:895)
	at org.springframework.web.servlet.mvc.method.annotation.RequestMappingHandlerAdapter.handleInternal(RequestMappingHandlerAdapter.java:808)
	at org.springframework.web.servlet.mvc.method.AbstractHandlerMethodAdapter.handle(AbstractHandlerMethodAdapter.java:87)
	at org.springframework.web.servlet.DispatcherServlet.doDispatch(DispatcherServlet.java:1064)
	at org.springframework.web.servlet.DispatcherServlet.doService(DispatcherServlet.java:963)
	at org.springframework.web.servlet.FrameworkServlet.processRequest(FrameworkServlet.java:1006)
	at org.springframework.web.servlet.FrameworkServlet.doPut(FrameworkServlet.java:920)
	at javax.servlet.http.HttpServlet.service(HttpServlet.java:684)
	at org.springframework.web.servlet.FrameworkServlet.service(FrameworkServlet.java:883)
	at javax.servlet.http.HttpServlet.service(HttpServlet.java:764)
	at org.apache.catalina.core.ApplicationFilterChain.internalDoFilter(ApplicationFilterChain.java:227)
	at org.apache.catalina.core.ApplicationFilterChain.doFilter(ApplicationFilterChain.java:162)
	at org.springframework.security.web.FilterChainProxy$VirtualFilterChain.doFilter(FilterChainProxy.java:327)
	at org.springframework.security.web.access.intercept.FilterSecurityInterceptor.invoke(FilterSecurityInterceptor.java:115)
	at org.springframework.security.web.access.intercept.FilterSecurityInterceptor.doFilter(FilterSecurityInterceptor.java:81)
	at org.springframework.security.web.FilterChainProxy$VirtualFilterChain.doFilter(FilterChainProxy.java:336)
	at org.springframework.security.web.access.ExceptionTranslationFilter.doFilter(ExceptionTranslationFilter.java:121)
	at org.springframework.security.web.access.ExceptionTranslationFilter.doFilter(ExceptionTranslationFilter.java:115)
	at org.springframework.security.web.FilterChainProxy$VirtualFilterChain.doFilter(FilterChainProxy.java:336)
	at org.springframework.security.web.session.SessionManagementFilter.doFilter(SessionManagementFilter.java:126)
	at org.springframework.security.web.session.SessionManagementFilter.doFilter(SessionManagementFilter.java:81)
	at org.springframework.security.web.FilterChainProxy$VirtualFilterChain.doFilter(FilterChainProxy.java:336)
	at org.springframework.security.web.authentication.AnonymousAuthenticationFilter.doFilter(AnonymousAuthenticationFilter.java:105)
	at org.springframework.security.web.FilterChainProxy$VirtualFilterChain.doFilter(FilterChainProxy.java:336)
	at org.springframework.security.web.servletapi.SecurityContextHolderAwareRequestFilter.doFilter(SecurityContextHolderAwareRequestFilter.java:149)
	at org.springframework.security.web.FilterChainProxy$VirtualFilterChain.doFilter(FilterChainProxy.java:336)
	at org.springframework.security.web.savedrequest.RequestCacheAwareFilter.doFilter(RequestCacheAwareFilter.java:63)
	at org.springframework.security.web.FilterChainProxy$VirtualFilterChain.doFilter(FilterChainProxy.java:336)
	at io.okkio.security.JwtAuthenticationFilter.doFilterInternal(JwtAuthenticationFilter.java:68)
	at org.springframework.web.filter.OncePerRequestFilter.doFilter(OncePerRequestFilter.java:119)
	at org.springframework.security.web.FilterChainProxy$VirtualFilterChain.doFilter(FilterChainProxy.java:336)
	at org.springframework.security.web.authentication.logout.LogoutFilter.doFilter(LogoutFilter.java:103)
	at org.springframework.security.web.authentication.logout.LogoutFilter.doFilter(LogoutFilter.java:89)
	at org.springframework.security.web.FilterChainProxy$VirtualFilterChain.doFilter(FilterChainProxy.java:336)
	at org.springframework.web.filter.CorsFilter.doFilterInternal(CorsFilter.java:91)
	at org.springframework.web.filter.OncePerRequestFilter.doFilter(OncePerRequestFilter.java:119)
	at org.springframework.security.web.FilterChainProxy$VirtualFilterChain.doFilter(FilterChainProxy.java:336)
	at org.springframework.security.web.header.HeaderWriterFilter.doHeadersAfter(HeaderWriterFilter.java:90)
	at org.springframework.security.web.header.HeaderWriterFilter.doFilterInternal(HeaderWriterFilter.java:75)
	at org.springframework.web.filter.OncePerRequestFilter.doFilter(OncePerRequestFilter.java:119)
	at org.springframework.security.web.FilterChainProxy$VirtualFilterChain.doFilter(FilterChainProxy.java:336)
	at org.springframework.security.web.context.SecurityContextPersistenceFilter.doFilter(SecurityContextPersistenceFilter.java:110)
	at org.springframework.security.web.context.SecurityContextPersistenceFilter.doFilter(SecurityContextPersistenceFilter.java:80)
	at org.springframework.security.web.FilterChainProxy$VirtualFilterChain.doFilter(FilterChainProxy.java:336)
	at org.springframework.security.web.context.request.async.WebAsyncManagerIntegrationFilter.doFilterInternal(WebAsyncManagerIntegrationFilter.java:55)
	at org.springframework.web.filter.OncePerRequestFilter.doFilter(OncePerRequestFilter.java:119)
	at org.springframework.security.web.FilterChainProxy$VirtualFilterChain.doFilter(FilterChainProxy.java:336)
	at org.springframework.security.web.FilterChainProxy.doFilterInternal(FilterChainProxy.java:211)
	at org.springframework.security.web.FilterChainProxy.doFilter(FilterChainProxy.java:183)
	at org.springframework.web.filter.DelegatingFilterProxy.invokeDelegate(DelegatingFilterProxy.java:358)
	at org.springframework.web.filter.DelegatingFilterProxy.doFilter(DelegatingFilterProxy.java:271)
	at org.apache.catalina.core.ApplicationFilterChain.internalDoFilter(ApplicationFilterChain.java:189)
	at org.apache.catalina.core.ApplicationFilterChain.doFilter(ApplicationFilterChain.java:162)
	at org.springframework.web.filter.RequestContextFilter.doFilterInternal(RequestContextFilter.java:100)
	at org.springframework.web.filter.OncePerRequestFilter.doFilter(OncePerRequestFilter.java:119)
	at org.apache.catalina.core.ApplicationFilterChain.internalDoFilter(ApplicationFilterChain.java:189)
	at org.apache.catalina.core.ApplicationFilterChain.doFilter(ApplicationFilterChain.java:162)
	at org.springframework.web.filter.FormContentFilter.doFilterInternal(FormContentFilter.java:93)
	at org.springframework.web.filter.OncePerRequestFilter.doFilter(OncePerRequestFilter.java:119)
	at org.apache.catalina.core.ApplicationFilterChain.internalDoFilter(ApplicationFilterChain.java:189)
	at org.apache.catalina.core.ApplicationFilterChain.doFilter(ApplicationFilterChain.java:162)
	at org.springframework.web.filter.CharacterEncodingFilter.doFilterInternal(CharacterEncodingFilter.java:201)
	at org.springframework.web.filter.OncePerRequestFilter.doFilter(OncePerRequestFilter.java:119)
	at org.apache.catalina.core.ApplicationFilterChain.internalDoFilter(ApplicationFilterChain.java:189)
	at org.apache.catalina.core.ApplicationFilterChain.doFilter(ApplicationFilterChain.java:162)
	at org.apache.catalina.core.StandardWrapperValve.invoke(StandardWrapperValve.java:197)
	at org.apache.catalina.core.StandardContextValve.invoke(StandardContextValve.java:97)
	at org.apache.catalina.authenticator.AuthenticatorBase.invoke(AuthenticatorBase.java:542)
	at org.apache.catalina.core.StandardHostValve.invoke(StandardHostValve.java:135)
	at org.apache.catalina.valves.ErrorReportValve.invoke(ErrorReportValve.java:92)
	at org.apache.catalina.core.StandardEngineValve.invoke(StandardEngineValve.java:78)
	at org.apache.catalina.connector.CoyoteAdapter.service(CoyoteAdapter.java:357)
	at org.apache.coyote.http11.Http11Processor.service(Http11Processor.java:382)
	at org.apache.coyote.AbstractProcessorLight.process(AbstractProcessorLight.java:65)
	at org.apache.coyote.AbstractProtocol$ConnectionHandler.process(AbstractProtocol.java:893)
	at org.apache.tomcat.util.net.NioEndpoint$SocketProcessor.doRun(NioEndpoint.java:1726)
	at org.apache.tomcat.util.net.SocketProcessorBase.run(SocketProcessorBase.java:49)
	at org.apache.tomcat.util.threads.ThreadPoolExecutor.runWorker(ThreadPoolExecutor.java:1191)
	at org.apache.tomcat.util.threads.ThreadPoolExecutor$Worker.run(ThreadPoolExecutor.java:659)
	at org.apache.tomcat.util.threads.TaskThread$WrappingRunnable.run(TaskThread.java:61)
	at java.base/java.lang.Thread.run(Thread.java:830)
2022-07-01 15:13:37,605 ERROR [http-nio-8092-exec-5] [dispatcherServlet]: Servlet.service() for servlet [dispatcherServlet] in context with path [] threw exception [Request processing failed; nested exception is org.springframework.dao.DataIntegrityViolationException: 
### Error updating database.  Cause: com.mysql.cj.jdbc.exceptions.MysqlDataTruncation: Data truncation: Truncated incorrect DOUBLE value: 'ACTIVATED'
### The error may exist in file [/Users/aitd/IdeaProjects/okkio-be/okkio-api/target/classes/mybatis/ProductDetailMapper.xml]
### The error may involve defaultParameterMap
### The error occurred while setting parameters
### SQL: update okkio.product_detail cd         set cd.status = ?                                           and cd.header_images = ?                                 and cd.footer_images = ?                   where 1=1                       and cd.id = ?
### Cause: com.mysql.cj.jdbc.exceptions.MysqlDataTruncation: Data truncation: Truncated incorrect DOUBLE value: 'ACTIVATED'
; Data truncation: Truncated incorrect DOUBLE value: 'ACTIVATED'; nested exception is com.mysql.cj.jdbc.exceptions.MysqlDataTruncation: Data truncation: Truncated incorrect DOUBLE value: 'ACTIVATED'] with root cause
com.mysql.cj.jdbc.exceptions.MysqlDataTruncation: Data truncation: Truncated incorrect DOUBLE value: 'ACTIVATED'
	at com.mysql.cj.jdbc.exceptions.SQLExceptionsMapping.translateException(SQLExceptionsMapping.java:104)
	at com.mysql.cj.jdbc.ClientPreparedStatement.executeInternal(ClientPreparedStatement.java:953)
	at com.mysql.cj.jdbc.ClientPreparedStatement.execute(ClientPreparedStatement.java:370)
	at com.zaxxer.hikari.pool.ProxyPreparedStatement.execute(ProxyPreparedStatement.java:44)
	at com.zaxxer.hikari.pool.HikariProxyPreparedStatement.execute(HikariProxyPreparedStatement.java)
	at org.apache.ibatis.executor.statement.PreparedStatementHandler.update(PreparedStatementHandler.java:47)
	at org.apache.ibatis.executor.statement.RoutingStatementHandler.update(RoutingStatementHandler.java:74)
	at org.apache.ibatis.executor.SimpleExecutor.doUpdate(SimpleExecutor.java:50)
	at org.apache.ibatis.executor.BaseExecutor.update(BaseExecutor.java:117)
	at org.apache.ibatis.executor.CachingExecutor.update(CachingExecutor.java:76)
	at org.apache.ibatis.session.defaults.DefaultSqlSession.update(DefaultSqlSession.java:197)
	at java.base/jdk.internal.reflect.NativeMethodAccessorImpl.invoke0(Native Method)
	at java.base/jdk.internal.reflect.NativeMethodAccessorImpl.invoke(NativeMethodAccessorImpl.java:62)
	at java.base/jdk.internal.reflect.DelegatingMethodAccessorImpl.invoke(DelegatingMethodAccessorImpl.java:43)
	at java.base/java.lang.reflect.Method.invoke(Method.java:567)
	at org.mybatis.spring.SqlSessionTemplate$SqlSessionInterceptor.invoke(SqlSessionTemplate.java:426)
	at com.sun.proxy.$Proxy122.update(Unknown Source)
	at org.mybatis.spring.SqlSessionTemplate.update(SqlSessionTemplate.java:287)
	at org.apache.ibatis.binding.MapperMethod.execute(MapperMethod.java:67)
	at org.apache.ibatis.binding.MapperProxy.invoke(MapperProxy.java:57)
	at com.sun.proxy.$Proxy127.updateProductDetailByIds(Unknown Source)
	at io.okkio.services.impl.ProductDetailServicesImpl.update(ProductDetailServicesImpl.java:109)
	at io.okkio.controllers.ProductDetailController.update(ProductDetailController.java:68)
	at io.okkio.controllers.ProductDetailController$$FastClassBySpringCGLIB$$76ac8064.invoke(<generated>)
	at org.springframework.cglib.proxy.MethodProxy.invoke(MethodProxy.java:218)
	at org.springframework.aop.framework.CglibAopProxy$CglibMethodInvocation.invokeJoinpoint(CglibAopProxy.java:779)
	at org.springframework.aop.framework.ReflectiveMethodInvocation.proceed(ReflectiveMethodInvocation.java:163)
	at org.springframework.aop.framework.CglibAopProxy$CglibMethodInvocation.proceed(CglibAopProxy.java:750)
	at org.springframework.security.access.intercept.aopalliance.MethodSecurityInterceptor.invoke(MethodSecurityInterceptor.java:61)
	at org.springframework.aop.framework.ReflectiveMethodInvocation.proceed(ReflectiveMethodInvocation.java:186)
	at org.springframework.aop.framework.CglibAopProxy$CglibMethodInvocation.proceed(CglibAopProxy.java:750)
	at org.springframework.aop.framework.CglibAopProxy$DynamicAdvisedInterceptor.intercept(CglibAopProxy.java:692)
	at io.okkio.controllers.ProductDetailController$$EnhancerBySpringCGLIB$$c2d8161.update(<generated>)
	at java.base/jdk.internal.reflect.NativeMethodAccessorImpl.invoke0(Native Method)
	at java.base/jdk.internal.reflect.NativeMethodAccessorImpl.invoke(NativeMethodAccessorImpl.java:62)
	at java.base/jdk.internal.reflect.DelegatingMethodAccessorImpl.invoke(DelegatingMethodAccessorImpl.java:43)
	at java.base/java.lang.reflect.Method.invoke(Method.java:567)
	at org.springframework.web.method.support.InvocableHandlerMethod.doInvoke(InvocableHandlerMethod.java:197)
	at org.springframework.web.method.support.InvocableHandlerMethod.invokeForRequest(InvocableHandlerMethod.java:141)
	at org.springframework.web.servlet.mvc.method.annotation.ServletInvocableHandlerMethod.invokeAndHandle(ServletInvocableHandlerMethod.java:106)
	at org.springframework.web.servlet.mvc.method.annotation.RequestMappingHandlerAdapter.invokeHandlerMethod(RequestMappingHandlerAdapter.java:895)
	at org.springframework.web.servlet.mvc.method.annotation.RequestMappingHandlerAdapter.handleInternal(RequestMappingHandlerAdapter.java:808)
	at org.springframework.web.servlet.mvc.method.AbstractHandlerMethodAdapter.handle(AbstractHandlerMethodAdapter.java:87)
	at org.springframework.web.servlet.DispatcherServlet.doDispatch(DispatcherServlet.java:1064)
	at org.springframework.web.servlet.DispatcherServlet.doService(DispatcherServlet.java:963)
	at org.springframework.web.servlet.FrameworkServlet.processRequest(FrameworkServlet.java:1006)
	at org.springframework.web.servlet.FrameworkServlet.doPut(FrameworkServlet.java:920)
	at javax.servlet.http.HttpServlet.service(HttpServlet.java:684)
	at org.springframework.web.servlet.FrameworkServlet.service(FrameworkServlet.java:883)
	at javax.servlet.http.HttpServlet.service(HttpServlet.java:764)
	at org.apache.catalina.core.ApplicationFilterChain.internalDoFilter(ApplicationFilterChain.java:227)
	at org.apache.catalina.core.ApplicationFilterChain.doFilter(ApplicationFilterChain.java:162)
	at org.springframework.security.web.FilterChainProxy$VirtualFilterChain.doFilter(FilterChainProxy.java:327)
	at org.springframework.security.web.access.intercept.FilterSecurityInterceptor.invoke(FilterSecurityInterceptor.java:115)
	at org.springframework.security.web.access.intercept.FilterSecurityInterceptor.doFilter(FilterSecurityInterceptor.java:81)
	at org.springframework.security.web.FilterChainProxy$VirtualFilterChain.doFilter(FilterChainProxy.java:336)
	at org.springframework.security.web.access.ExceptionTranslationFilter.doFilter(ExceptionTranslationFilter.java:121)
	at org.springframework.security.web.access.ExceptionTranslationFilter.doFilter(ExceptionTranslationFilter.java:115)
	at org.springframework.security.web.FilterChainProxy$VirtualFilterChain.doFilter(FilterChainProxy.java:336)
	at org.springframework.security.web.session.SessionManagementFilter.doFilter(SessionManagementFilter.java:126)
	at org.springframework.security.web.session.SessionManagementFilter.doFilter(SessionManagementFilter.java:81)
	at org.springframework.security.web.FilterChainProxy$VirtualFilterChain.doFilter(FilterChainProxy.java:336)
	at org.springframework.security.web.authentication.AnonymousAuthenticationFilter.doFilter(AnonymousAuthenticationFilter.java:105)
	at org.springframework.security.web.FilterChainProxy$VirtualFilterChain.doFilter(FilterChainProxy.java:336)
	at org.springframework.security.web.servletapi.SecurityContextHolderAwareRequestFilter.doFilter(SecurityContextHolderAwareRequestFilter.java:149)
	at org.springframework.security.web.FilterChainProxy$VirtualFilterChain.doFilter(FilterChainProxy.java:336)
	at org.springframework.security.web.savedrequest.RequestCacheAwareFilter.doFilter(RequestCacheAwareFilter.java:63)
	at org.springframework.security.web.FilterChainProxy$VirtualFilterChain.doFilter(FilterChainProxy.java:336)
	at io.okkio.security.JwtAuthenticationFilter.doFilterInternal(JwtAuthenticationFilter.java:68)
	at org.springframework.web.filter.OncePerRequestFilter.doFilter(OncePerRequestFilter.java:119)
	at org.springframework.security.web.FilterChainProxy$VirtualFilterChain.doFilter(FilterChainProxy.java:336)
	at org.springframework.security.web.authentication.logout.LogoutFilter.doFilter(LogoutFilter.java:103)
	at org.springframework.security.web.authentication.logout.LogoutFilter.doFilter(LogoutFilter.java:89)
	at org.springframework.security.web.FilterChainProxy$VirtualFilterChain.doFilter(FilterChainProxy.java:336)
	at org.springframework.web.filter.CorsFilter.doFilterInternal(CorsFilter.java:91)
	at org.springframework.web.filter.OncePerRequestFilter.doFilter(OncePerRequestFilter.java:119)
	at org.springframework.security.web.FilterChainProxy$VirtualFilterChain.doFilter(FilterChainProxy.java:336)
	at org.springframework.security.web.header.HeaderWriterFilter.doHeadersAfter(HeaderWriterFilter.java:90)
	at org.springframework.security.web.header.HeaderWriterFilter.doFilterInternal(HeaderWriterFilter.java:75)
	at org.springframework.web.filter.OncePerRequestFilter.doFilter(OncePerRequestFilter.java:119)
	at org.springframework.security.web.FilterChainProxy$VirtualFilterChain.doFilter(FilterChainProxy.java:336)
	at org.springframework.security.web.context.SecurityContextPersistenceFilter.doFilter(SecurityContextPersistenceFilter.java:110)
	at org.springframework.security.web.context.SecurityContextPersistenceFilter.doFilter(SecurityContextPersistenceFilter.java:80)
	at org.springframework.security.web.FilterChainProxy$VirtualFilterChain.doFilter(FilterChainProxy.java:336)
	at org.springframework.security.web.context.request.async.WebAsyncManagerIntegrationFilter.doFilterInternal(WebAsyncManagerIntegrationFilter.java:55)
	at org.springframework.web.filter.OncePerRequestFilter.doFilter(OncePerRequestFilter.java:119)
	at org.springframework.security.web.FilterChainProxy$VirtualFilterChain.doFilter(FilterChainProxy.java:336)
	at org.springframework.security.web.FilterChainProxy.doFilterInternal(FilterChainProxy.java:211)
	at org.springframework.security.web.FilterChainProxy.doFilter(FilterChainProxy.java:183)
	at org.springframework.web.filter.DelegatingFilterProxy.invokeDelegate(DelegatingFilterProxy.java:358)
	at org.springframework.web.filter.DelegatingFilterProxy.doFilter(DelegatingFilterProxy.java:271)
	at org.apache.catalina.core.ApplicationFilterChain.internalDoFilter(ApplicationFilterChain.java:189)
	at org.apache.catalina.core.ApplicationFilterChain.doFilter(ApplicationFilterChain.java:162)
	at org.springframework.web.filter.RequestContextFilter.doFilterInternal(RequestContextFilter.java:100)
	at org.springframework.web.filter.OncePerRequestFilter.doFilter(OncePerRequestFilter.java:119)
	at org.apache.catalina.core.ApplicationFilterChain.internalDoFilter(ApplicationFilterChain.java:189)
	at org.apache.catalina.core.ApplicationFilterChain.doFilter(ApplicationFilterChain.java:162)
	at org.springframework.web.filter.FormContentFilter.doFilterInternal(FormContentFilter.java:93)
	at org.springframework.web.filter.OncePerRequestFilter.doFilter(OncePerRequestFilter.java:119)
	at org.apache.catalina.core.ApplicationFilterChain.internalDoFilter(ApplicationFilterChain.java:189)
	at org.apache.catalina.core.ApplicationFilterChain.doFilter(ApplicationFilterChain.java:162)
	at org.springframework.web.filter.CharacterEncodingFilter.doFilterInternal(CharacterEncodingFilter.java:201)
	at org.springframework.web.filter.OncePerRequestFilter.doFilter(OncePerRequestFilter.java:119)
	at org.apache.catalina.core.ApplicationFilterChain.internalDoFilter(ApplicationFilterChain.java:189)
	at org.apache.catalina.core.ApplicationFilterChain.doFilter(ApplicationFilterChain.java:162)
	at org.apache.catalina.core.StandardWrapperValve.invoke(StandardWrapperValve.java:197)
	at org.apache.catalina.core.StandardContextValve.invoke(StandardContextValve.java:97)
	at org.apache.catalina.authenticator.AuthenticatorBase.invoke(AuthenticatorBase.java:542)
	at org.apache.catalina.core.StandardHostValve.invoke(StandardHostValve.java:135)
	at org.apache.catalina.valves.ErrorReportValve.invoke(ErrorReportValve.java:92)
	at org.apache.catalina.core.StandardEngineValve.invoke(StandardEngineValve.java:78)
	at org.apache.catalina.connector.CoyoteAdapter.service(CoyoteAdapter.java:357)
	at org.apache.coyote.http11.Http11Processor.service(Http11Processor.java:382)
	at org.apache.coyote.AbstractProcessorLight.process(AbstractProcessorLight.java:65)
	at org.apache.coyote.AbstractProtocol$ConnectionHandler.process(AbstractProtocol.java:893)
	at org.apache.tomcat.util.net.NioEndpoint$SocketProcessor.doRun(NioEndpoint.java:1726)
	at org.apache.tomcat.util.net.SocketProcessorBase.run(SocketProcessorBase.java:49)
	at org.apache.tomcat.util.threads.ThreadPoolExecutor.runWorker(ThreadPoolExecutor.java:1191)
	at org.apache.tomcat.util.threads.ThreadPoolExecutor$Worker.run(ThreadPoolExecutor.java:659)
	at org.apache.tomcat.util.threads.TaskThread$WrappingRunnable.run(TaskThread.java:61)
	at java.base/java.lang.Thread.run(Thread.java:830)
2022-07-01 15:13:54,282 ERROR [http-nio-8092-exec-7] [dispatcherServlet]: Servlet.service() for servlet [dispatcherServlet] in context with path [] threw exception [Request processing failed; nested exception is org.springframework.dao.DataIntegrityViolationException: 
### Error updating database.  Cause: com.mysql.cj.jdbc.exceptions.MysqlDataTruncation: Data truncation: Truncated incorrect DOUBLE value: 'DEACTIVATED'
### The error may exist in file [/Users/aitd/IdeaProjects/okkio-be/okkio-api/target/classes/mybatis/ProductDetailMapper.xml]
### The error may involve defaultParameterMap
### The error occurred while setting parameters
### SQL: update okkio.product_detail cd         set cd.status = ?                                           and cd.header_images = ?                                 and cd.footer_images = ?                   where 1=1                       and cd.id = ?
### Cause: com.mysql.cj.jdbc.exceptions.MysqlDataTruncation: Data truncation: Truncated incorrect DOUBLE value: 'DEACTIVATED'
; Data truncation: Truncated incorrect DOUBLE value: 'DEACTIVATED'; nested exception is com.mysql.cj.jdbc.exceptions.MysqlDataTruncation: Data truncation: Truncated incorrect DOUBLE value: 'DEACTIVATED'] with root cause
com.mysql.cj.jdbc.exceptions.MysqlDataTruncation: Data truncation: Truncated incorrect DOUBLE value: 'DEACTIVATED'
	at com.mysql.cj.jdbc.exceptions.SQLExceptionsMapping.translateException(SQLExceptionsMapping.java:104)
	at com.mysql.cj.jdbc.ClientPreparedStatement.executeInternal(ClientPreparedStatement.java:953)
	at com.mysql.cj.jdbc.ClientPreparedStatement.execute(ClientPreparedStatement.java:370)
	at com.zaxxer.hikari.pool.ProxyPreparedStatement.execute(ProxyPreparedStatement.java:44)
	at com.zaxxer.hikari.pool.HikariProxyPreparedStatement.execute(HikariProxyPreparedStatement.java)
	at org.apache.ibatis.executor.statement.PreparedStatementHandler.update(PreparedStatementHandler.java:47)
	at org.apache.ibatis.executor.statement.RoutingStatementHandler.update(RoutingStatementHandler.java:74)
	at org.apache.ibatis.executor.SimpleExecutor.doUpdate(SimpleExecutor.java:50)
	at org.apache.ibatis.executor.BaseExecutor.update(BaseExecutor.java:117)
	at org.apache.ibatis.executor.CachingExecutor.update(CachingExecutor.java:76)
	at org.apache.ibatis.session.defaults.DefaultSqlSession.update(DefaultSqlSession.java:197)
	at java.base/jdk.internal.reflect.NativeMethodAccessorImpl.invoke0(Native Method)
	at java.base/jdk.internal.reflect.NativeMethodAccessorImpl.invoke(NativeMethodAccessorImpl.java:62)
	at java.base/jdk.internal.reflect.DelegatingMethodAccessorImpl.invoke(DelegatingMethodAccessorImpl.java:43)
	at java.base/java.lang.reflect.Method.invoke(Method.java:567)
	at org.mybatis.spring.SqlSessionTemplate$SqlSessionInterceptor.invoke(SqlSessionTemplate.java:426)
	at com.sun.proxy.$Proxy122.update(Unknown Source)
	at org.mybatis.spring.SqlSessionTemplate.update(SqlSessionTemplate.java:287)
	at org.apache.ibatis.binding.MapperMethod.execute(MapperMethod.java:67)
	at org.apache.ibatis.binding.MapperProxy.invoke(MapperProxy.java:57)
	at com.sun.proxy.$Proxy127.updateProductDetailByIds(Unknown Source)
	at io.okkio.services.impl.ProductDetailServicesImpl.update(ProductDetailServicesImpl.java:109)
	at io.okkio.controllers.ProductDetailController.update(ProductDetailController.java:68)
	at io.okkio.controllers.ProductDetailController$$FastClassBySpringCGLIB$$76ac8064.invoke(<generated>)
	at org.springframework.cglib.proxy.MethodProxy.invoke(MethodProxy.java:218)
	at org.springframework.aop.framework.CglibAopProxy$CglibMethodInvocation.invokeJoinpoint(CglibAopProxy.java:779)
	at org.springframework.aop.framework.ReflectiveMethodInvocation.proceed(ReflectiveMethodInvocation.java:163)
	at org.springframework.aop.framework.CglibAopProxy$CglibMethodInvocation.proceed(CglibAopProxy.java:750)
	at org.springframework.security.access.intercept.aopalliance.MethodSecurityInterceptor.invoke(MethodSecurityInterceptor.java:61)
	at org.springframework.aop.framework.ReflectiveMethodInvocation.proceed(ReflectiveMethodInvocation.java:186)
	at org.springframework.aop.framework.CglibAopProxy$CglibMethodInvocation.proceed(CglibAopProxy.java:750)
	at org.springframework.aop.framework.CglibAopProxy$DynamicAdvisedInterceptor.intercept(CglibAopProxy.java:692)
	at io.okkio.controllers.ProductDetailController$$EnhancerBySpringCGLIB$$c2d8161.update(<generated>)
	at java.base/jdk.internal.reflect.NativeMethodAccessorImpl.invoke0(Native Method)
	at java.base/jdk.internal.reflect.NativeMethodAccessorImpl.invoke(NativeMethodAccessorImpl.java:62)
	at java.base/jdk.internal.reflect.DelegatingMethodAccessorImpl.invoke(DelegatingMethodAccessorImpl.java:43)
	at java.base/java.lang.reflect.Method.invoke(Method.java:567)
	at org.springframework.web.method.support.InvocableHandlerMethod.doInvoke(InvocableHandlerMethod.java:197)
	at org.springframework.web.method.support.InvocableHandlerMethod.invokeForRequest(InvocableHandlerMethod.java:141)
	at org.springframework.web.servlet.mvc.method.annotation.ServletInvocableHandlerMethod.invokeAndHandle(ServletInvocableHandlerMethod.java:106)
	at org.springframework.web.servlet.mvc.method.annotation.RequestMappingHandlerAdapter.invokeHandlerMethod(RequestMappingHandlerAdapter.java:895)
	at org.springframework.web.servlet.mvc.method.annotation.RequestMappingHandlerAdapter.handleInternal(RequestMappingHandlerAdapter.java:808)
	at org.springframework.web.servlet.mvc.method.AbstractHandlerMethodAdapter.handle(AbstractHandlerMethodAdapter.java:87)
	at org.springframework.web.servlet.DispatcherServlet.doDispatch(DispatcherServlet.java:1064)
	at org.springframework.web.servlet.DispatcherServlet.doService(DispatcherServlet.java:963)
	at org.springframework.web.servlet.FrameworkServlet.processRequest(FrameworkServlet.java:1006)
	at org.springframework.web.servlet.FrameworkServlet.doPut(FrameworkServlet.java:920)
	at javax.servlet.http.HttpServlet.service(HttpServlet.java:684)
	at org.springframework.web.servlet.FrameworkServlet.service(FrameworkServlet.java:883)
	at javax.servlet.http.HttpServlet.service(HttpServlet.java:764)
	at org.apache.catalina.core.ApplicationFilterChain.internalDoFilter(ApplicationFilterChain.java:227)
	at org.apache.catalina.core.ApplicationFilterChain.doFilter(ApplicationFilterChain.java:162)
	at org.springframework.security.web.FilterChainProxy$VirtualFilterChain.doFilter(FilterChainProxy.java:327)
	at org.springframework.security.web.access.intercept.FilterSecurityInterceptor.invoke(FilterSecurityInterceptor.java:115)
	at org.springframework.security.web.access.intercept.FilterSecurityInterceptor.doFilter(FilterSecurityInterceptor.java:81)
	at org.springframework.security.web.FilterChainProxy$VirtualFilterChain.doFilter(FilterChainProxy.java:336)
	at org.springframework.security.web.access.ExceptionTranslationFilter.doFilter(ExceptionTranslationFilter.java:121)
	at org.springframework.security.web.access.ExceptionTranslationFilter.doFilter(ExceptionTranslationFilter.java:115)
	at org.springframework.security.web.FilterChainProxy$VirtualFilterChain.doFilter(FilterChainProxy.java:336)
	at org.springframework.security.web.session.SessionManagementFilter.doFilter(SessionManagementFilter.java:126)
	at org.springframework.security.web.session.SessionManagementFilter.doFilter(SessionManagementFilter.java:81)
	at org.springframework.security.web.FilterChainProxy$VirtualFilterChain.doFilter(FilterChainProxy.java:336)
	at org.springframework.security.web.authentication.AnonymousAuthenticationFilter.doFilter(AnonymousAuthenticationFilter.java:105)
	at org.springframework.security.web.FilterChainProxy$VirtualFilterChain.doFilter(FilterChainProxy.java:336)
	at org.springframework.security.web.servletapi.SecurityContextHolderAwareRequestFilter.doFilter(SecurityContextHolderAwareRequestFilter.java:149)
	at org.springframework.security.web.FilterChainProxy$VirtualFilterChain.doFilter(FilterChainProxy.java:336)
	at org.springframework.security.web.savedrequest.RequestCacheAwareFilter.doFilter(RequestCacheAwareFilter.java:63)
	at org.springframework.security.web.FilterChainProxy$VirtualFilterChain.doFilter(FilterChainProxy.java:336)
	at io.okkio.security.JwtAuthenticationFilter.doFilterInternal(JwtAuthenticationFilter.java:68)
	at org.springframework.web.filter.OncePerRequestFilter.doFilter(OncePerRequestFilter.java:119)
	at org.springframework.security.web.FilterChainProxy$VirtualFilterChain.doFilter(FilterChainProxy.java:336)
	at org.springframework.security.web.authentication.logout.LogoutFilter.doFilter(LogoutFilter.java:103)
	at org.springframework.security.web.authentication.logout.LogoutFilter.doFilter(LogoutFilter.java:89)
	at org.springframework.security.web.FilterChainProxy$VirtualFilterChain.doFilter(FilterChainProxy.java:336)
	at org.springframework.web.filter.CorsFilter.doFilterInternal(CorsFilter.java:91)
	at org.springframework.web.filter.OncePerRequestFilter.doFilter(OncePerRequestFilter.java:119)
	at org.springframework.security.web.FilterChainProxy$VirtualFilterChain.doFilter(FilterChainProxy.java:336)
	at org.springframework.security.web.header.HeaderWriterFilter.doHeadersAfter(HeaderWriterFilter.java:90)
	at org.springframework.security.web.header.HeaderWriterFilter.doFilterInternal(HeaderWriterFilter.java:75)
	at org.springframework.web.filter.OncePerRequestFilter.doFilter(OncePerRequestFilter.java:119)
	at org.springframework.security.web.FilterChainProxy$VirtualFilterChain.doFilter(FilterChainProxy.java:336)
	at org.springframework.security.web.context.SecurityContextPersistenceFilter.doFilter(SecurityContextPersistenceFilter.java:110)
	at org.springframework.security.web.context.SecurityContextPersistenceFilter.doFilter(SecurityContextPersistenceFilter.java:80)
	at org.springframework.security.web.FilterChainProxy$VirtualFilterChain.doFilter(FilterChainProxy.java:336)
	at org.springframework.security.web.context.request.async.WebAsyncManagerIntegrationFilter.doFilterInternal(WebAsyncManagerIntegrationFilter.java:55)
	at org.springframework.web.filter.OncePerRequestFilter.doFilter(OncePerRequestFilter.java:119)
	at org.springframework.security.web.FilterChainProxy$VirtualFilterChain.doFilter(FilterChainProxy.java:336)
	at org.springframework.security.web.FilterChainProxy.doFilterInternal(FilterChainProxy.java:211)
	at org.springframework.security.web.FilterChainProxy.doFilter(FilterChainProxy.java:183)
	at org.springframework.web.filter.DelegatingFilterProxy.invokeDelegate(DelegatingFilterProxy.java:358)
	at org.springframework.web.filter.DelegatingFilterProxy.doFilter(DelegatingFilterProxy.java:271)
	at org.apache.catalina.core.ApplicationFilterChain.internalDoFilter(ApplicationFilterChain.java:189)
	at org.apache.catalina.core.ApplicationFilterChain.doFilter(ApplicationFilterChain.java:162)
	at org.springframework.web.filter.RequestContextFilter.doFilterInternal(RequestContextFilter.java:100)
	at org.springframework.web.filter.OncePerRequestFilter.doFilter(OncePerRequestFilter.java:119)
	at org.apache.catalina.core.ApplicationFilterChain.internalDoFilter(ApplicationFilterChain.java:189)
	at org.apache.catalina.core.ApplicationFilterChain.doFilter(ApplicationFilterChain.java:162)
	at org.springframework.web.filter.FormContentFilter.doFilterInternal(FormContentFilter.java:93)
	at org.springframework.web.filter.OncePerRequestFilter.doFilter(OncePerRequestFilter.java:119)
	at org.apache.catalina.core.ApplicationFilterChain.internalDoFilter(ApplicationFilterChain.java:189)
	at org.apache.catalina.core.ApplicationFilterChain.doFilter(ApplicationFilterChain.java:162)
	at org.springframework.web.filter.CharacterEncodingFilter.doFilterInternal(CharacterEncodingFilter.java:201)
	at org.springframework.web.filter.OncePerRequestFilter.doFilter(OncePerRequestFilter.java:119)
	at org.apache.catalina.core.ApplicationFilterChain.internalDoFilter(ApplicationFilterChain.java:189)
	at org.apache.catalina.core.ApplicationFilterChain.doFilter(ApplicationFilterChain.java:162)
	at org.apache.catalina.core.StandardWrapperValve.invoke(StandardWrapperValve.java:197)
	at org.apache.catalina.core.StandardContextValve.invoke(StandardContextValve.java:97)
	at org.apache.catalina.authenticator.AuthenticatorBase.invoke(AuthenticatorBase.java:542)
	at org.apache.catalina.core.StandardHostValve.invoke(StandardHostValve.java:135)
	at org.apache.catalina.valves.ErrorReportValve.invoke(ErrorReportValve.java:92)
	at org.apache.catalina.core.StandardEngineValve.invoke(StandardEngineValve.java:78)
	at org.apache.catalina.connector.CoyoteAdapter.service(CoyoteAdapter.java:357)
	at org.apache.coyote.http11.Http11Processor.service(Http11Processor.java:382)
	at org.apache.coyote.AbstractProcessorLight.process(AbstractProcessorLight.java:65)
	at org.apache.coyote.AbstractProtocol$ConnectionHandler.process(AbstractProtocol.java:893)
	at org.apache.tomcat.util.net.NioEndpoint$SocketProcessor.doRun(NioEndpoint.java:1726)
	at org.apache.tomcat.util.net.SocketProcessorBase.run(SocketProcessorBase.java:49)
	at org.apache.tomcat.util.threads.ThreadPoolExecutor.runWorker(ThreadPoolExecutor.java:1191)
	at org.apache.tomcat.util.threads.ThreadPoolExecutor$Worker.run(ThreadPoolExecutor.java:659)
	at org.apache.tomcat.util.threads.TaskThread$WrappingRunnable.run(TaskThread.java:61)
	at java.base/java.lang.Thread.run(Thread.java:830)
2022-07-01 15:15:54,827 ERROR [http-nio-8092-exec-8] [dispatcherServlet]: Servlet.service() for servlet [dispatcherServlet] in context with path [] threw exception [Request processing failed; nested exception is org.springframework.dao.DataIntegrityViolationException: 
### Error updating database.  Cause: com.mysql.cj.jdbc.exceptions.MysqlDataTruncation: Data truncation: Truncated incorrect DOUBLE value: 'ACTIVATED'
### The error may exist in file [/Users/aitd/IdeaProjects/okkio-be/okkio-api/target/classes/mybatis/ProductDetailMapper.xml]
### The error may involve defaultParameterMap
### The error occurred while setting parameters
### SQL: update okkio.product_detail cd         set cd.status = ?                                           and cd.header_images = ?                                 and cd.footer_images = ?                   where 1=1                       and cd.id = ?
### Cause: com.mysql.cj.jdbc.exceptions.MysqlDataTruncation: Data truncation: Truncated incorrect DOUBLE value: 'ACTIVATED'
; Data truncation: Truncated incorrect DOUBLE value: 'ACTIVATED'; nested exception is com.mysql.cj.jdbc.exceptions.MysqlDataTruncation: Data truncation: Truncated incorrect DOUBLE value: 'ACTIVATED'] with root cause
com.mysql.cj.jdbc.exceptions.MysqlDataTruncation: Data truncation: Truncated incorrect DOUBLE value: 'ACTIVATED'
	at com.mysql.cj.jdbc.exceptions.SQLExceptionsMapping.translateException(SQLExceptionsMapping.java:104)
	at com.mysql.cj.jdbc.ClientPreparedStatement.executeInternal(ClientPreparedStatement.java:953)
	at com.mysql.cj.jdbc.ClientPreparedStatement.execute(ClientPreparedStatement.java:370)
	at com.zaxxer.hikari.pool.ProxyPreparedStatement.execute(ProxyPreparedStatement.java:44)
	at com.zaxxer.hikari.pool.HikariProxyPreparedStatement.execute(HikariProxyPreparedStatement.java)
	at org.apache.ibatis.executor.statement.PreparedStatementHandler.update(PreparedStatementHandler.java:47)
	at org.apache.ibatis.executor.statement.RoutingStatementHandler.update(RoutingStatementHandler.java:74)
	at org.apache.ibatis.executor.SimpleExecutor.doUpdate(SimpleExecutor.java:50)
	at org.apache.ibatis.executor.BaseExecutor.update(BaseExecutor.java:117)
	at org.apache.ibatis.executor.CachingExecutor.update(CachingExecutor.java:76)
	at org.apache.ibatis.session.defaults.DefaultSqlSession.update(DefaultSqlSession.java:197)
	at java.base/jdk.internal.reflect.NativeMethodAccessorImpl.invoke0(Native Method)
	at java.base/jdk.internal.reflect.NativeMethodAccessorImpl.invoke(NativeMethodAccessorImpl.java:62)
	at java.base/jdk.internal.reflect.DelegatingMethodAccessorImpl.invoke(DelegatingMethodAccessorImpl.java:43)
	at java.base/java.lang.reflect.Method.invoke(Method.java:567)
	at org.mybatis.spring.SqlSessionTemplate$SqlSessionInterceptor.invoke(SqlSessionTemplate.java:426)
	at com.sun.proxy.$Proxy122.update(Unknown Source)
	at org.mybatis.spring.SqlSessionTemplate.update(SqlSessionTemplate.java:287)
	at org.apache.ibatis.binding.MapperMethod.execute(MapperMethod.java:67)
	at org.apache.ibatis.binding.MapperProxy.invoke(MapperProxy.java:57)
	at com.sun.proxy.$Proxy127.updateProductDetailByIds(Unknown Source)
	at io.okkio.services.impl.ProductDetailServicesImpl.update(ProductDetailServicesImpl.java:109)
	at io.okkio.controllers.ProductDetailController.update(ProductDetailController.java:68)
	at io.okkio.controllers.ProductDetailController$$FastClassBySpringCGLIB$$76ac8064.invoke(<generated>)
	at org.springframework.cglib.proxy.MethodProxy.invoke(MethodProxy.java:218)
	at org.springframework.aop.framework.CglibAopProxy$CglibMethodInvocation.invokeJoinpoint(CglibAopProxy.java:779)
	at org.springframework.aop.framework.ReflectiveMethodInvocation.proceed(ReflectiveMethodInvocation.java:163)
	at org.springframework.aop.framework.CglibAopProxy$CglibMethodInvocation.proceed(CglibAopProxy.java:750)
	at org.springframework.security.access.intercept.aopalliance.MethodSecurityInterceptor.invoke(MethodSecurityInterceptor.java:61)
	at org.springframework.aop.framework.ReflectiveMethodInvocation.proceed(ReflectiveMethodInvocation.java:186)
	at org.springframework.aop.framework.CglibAopProxy$CglibMethodInvocation.proceed(CglibAopProxy.java:750)
	at org.springframework.aop.framework.CglibAopProxy$DynamicAdvisedInterceptor.intercept(CglibAopProxy.java:692)
	at io.okkio.controllers.ProductDetailController$$EnhancerBySpringCGLIB$$c2d8161.update(<generated>)
	at java.base/jdk.internal.reflect.NativeMethodAccessorImpl.invoke0(Native Method)
	at java.base/jdk.internal.reflect.NativeMethodAccessorImpl.invoke(NativeMethodAccessorImpl.java:62)
	at java.base/jdk.internal.reflect.DelegatingMethodAccessorImpl.invoke(DelegatingMethodAccessorImpl.java:43)
	at java.base/java.lang.reflect.Method.invoke(Method.java:567)
	at org.springframework.web.method.support.InvocableHandlerMethod.doInvoke(InvocableHandlerMethod.java:197)
	at org.springframework.web.method.support.InvocableHandlerMethod.invokeForRequest(InvocableHandlerMethod.java:141)
	at org.springframework.web.servlet.mvc.method.annotation.ServletInvocableHandlerMethod.invokeAndHandle(ServletInvocableHandlerMethod.java:106)
	at org.springframework.web.servlet.mvc.method.annotation.RequestMappingHandlerAdapter.invokeHandlerMethod(RequestMappingHandlerAdapter.java:895)
	at org.springframework.web.servlet.mvc.method.annotation.RequestMappingHandlerAdapter.handleInternal(RequestMappingHandlerAdapter.java:808)
	at org.springframework.web.servlet.mvc.method.AbstractHandlerMethodAdapter.handle(AbstractHandlerMethodAdapter.java:87)
	at org.springframework.web.servlet.DispatcherServlet.doDispatch(DispatcherServlet.java:1064)
	at org.springframework.web.servlet.DispatcherServlet.doService(DispatcherServlet.java:963)
	at org.springframework.web.servlet.FrameworkServlet.processRequest(FrameworkServlet.java:1006)
	at org.springframework.web.servlet.FrameworkServlet.doPut(FrameworkServlet.java:920)
	at javax.servlet.http.HttpServlet.service(HttpServlet.java:684)
	at org.springframework.web.servlet.FrameworkServlet.service(FrameworkServlet.java:883)
	at javax.servlet.http.HttpServlet.service(HttpServlet.java:764)
	at org.apache.catalina.core.ApplicationFilterChain.internalDoFilter(ApplicationFilterChain.java:227)
	at org.apache.catalina.core.ApplicationFilterChain.doFilter(ApplicationFilterChain.java:162)
	at org.springframework.security.web.FilterChainProxy$VirtualFilterChain.doFilter(FilterChainProxy.java:327)
	at org.springframework.security.web.access.intercept.FilterSecurityInterceptor.invoke(FilterSecurityInterceptor.java:115)
	at org.springframework.security.web.access.intercept.FilterSecurityInterceptor.doFilter(FilterSecurityInterceptor.java:81)
	at org.springframework.security.web.FilterChainProxy$VirtualFilterChain.doFilter(FilterChainProxy.java:336)
	at org.springframework.security.web.access.ExceptionTranslationFilter.doFilter(ExceptionTranslationFilter.java:121)
	at org.springframework.security.web.access.ExceptionTranslationFilter.doFilter(ExceptionTranslationFilter.java:115)
	at org.springframework.security.web.FilterChainProxy$VirtualFilterChain.doFilter(FilterChainProxy.java:336)
	at org.springframework.security.web.session.SessionManagementFilter.doFilter(SessionManagementFilter.java:126)
	at org.springframework.security.web.session.SessionManagementFilter.doFilter(SessionManagementFilter.java:81)
	at org.springframework.security.web.FilterChainProxy$VirtualFilterChain.doFilter(FilterChainProxy.java:336)
	at org.springframework.security.web.authentication.AnonymousAuthenticationFilter.doFilter(AnonymousAuthenticationFilter.java:105)
	at org.springframework.security.web.FilterChainProxy$VirtualFilterChain.doFilter(FilterChainProxy.java:336)
	at org.springframework.security.web.servletapi.SecurityContextHolderAwareRequestFilter.doFilter(SecurityContextHolderAwareRequestFilter.java:149)
	at org.springframework.security.web.FilterChainProxy$VirtualFilterChain.doFilter(FilterChainProxy.java:336)
	at org.springframework.security.web.savedrequest.RequestCacheAwareFilter.doFilter(RequestCacheAwareFilter.java:63)
	at org.springframework.security.web.FilterChainProxy$VirtualFilterChain.doFilter(FilterChainProxy.java:336)
	at io.okkio.security.JwtAuthenticationFilter.doFilterInternal(JwtAuthenticationFilter.java:68)
	at org.springframework.web.filter.OncePerRequestFilter.doFilter(OncePerRequestFilter.java:119)
	at org.springframework.security.web.FilterChainProxy$VirtualFilterChain.doFilter(FilterChainProxy.java:336)
	at org.springframework.security.web.authentication.logout.LogoutFilter.doFilter(LogoutFilter.java:103)
	at org.springframework.security.web.authentication.logout.LogoutFilter.doFilter(LogoutFilter.java:89)
	at org.springframework.security.web.FilterChainProxy$VirtualFilterChain.doFilter(FilterChainProxy.java:336)
	at org.springframework.web.filter.CorsFilter.doFilterInternal(CorsFilter.java:91)
	at org.springframework.web.filter.OncePerRequestFilter.doFilter(OncePerRequestFilter.java:119)
	at org.springframework.security.web.FilterChainProxy$VirtualFilterChain.doFilter(FilterChainProxy.java:336)
	at org.springframework.security.web.header.HeaderWriterFilter.doHeadersAfter(HeaderWriterFilter.java:90)
	at org.springframework.security.web.header.HeaderWriterFilter.doFilterInternal(HeaderWriterFilter.java:75)
	at org.springframework.web.filter.OncePerRequestFilter.doFilter(OncePerRequestFilter.java:119)
	at org.springframework.security.web.FilterChainProxy$VirtualFilterChain.doFilter(FilterChainProxy.java:336)
	at org.springframework.security.web.context.SecurityContextPersistenceFilter.doFilter(SecurityContextPersistenceFilter.java:110)
	at org.springframework.security.web.context.SecurityContextPersistenceFilter.doFilter(SecurityContextPersistenceFilter.java:80)
	at org.springframework.security.web.FilterChainProxy$VirtualFilterChain.doFilter(FilterChainProxy.java:336)
	at org.springframework.security.web.context.request.async.WebAsyncManagerIntegrationFilter.doFilterInternal(WebAsyncManagerIntegrationFilter.java:55)
	at org.springframework.web.filter.OncePerRequestFilter.doFilter(OncePerRequestFilter.java:119)
	at org.springframework.security.web.FilterChainProxy$VirtualFilterChain.doFilter(FilterChainProxy.java:336)
	at org.springframework.security.web.FilterChainProxy.doFilterInternal(FilterChainProxy.java:211)
	at org.springframework.security.web.FilterChainProxy.doFilter(FilterChainProxy.java:183)
	at org.springframework.web.filter.DelegatingFilterProxy.invokeDelegate(DelegatingFilterProxy.java:358)
	at org.springframework.web.filter.DelegatingFilterProxy.doFilter(DelegatingFilterProxy.java:271)
	at org.apache.catalina.core.ApplicationFilterChain.internalDoFilter(ApplicationFilterChain.java:189)
	at org.apache.catalina.core.ApplicationFilterChain.doFilter(ApplicationFilterChain.java:162)
	at org.springframework.web.filter.RequestContextFilter.doFilterInternal(RequestContextFilter.java:100)
	at org.springframework.web.filter.OncePerRequestFilter.doFilter(OncePerRequestFilter.java:119)
	at org.apache.catalina.core.ApplicationFilterChain.internalDoFilter(ApplicationFilterChain.java:189)
	at org.apache.catalina.core.ApplicationFilterChain.doFilter(ApplicationFilterChain.java:162)
	at org.springframework.web.filter.FormContentFilter.doFilterInternal(FormContentFilter.java:93)
	at org.springframework.web.filter.OncePerRequestFilter.doFilter(OncePerRequestFilter.java:119)
	at org.apache.catalina.core.ApplicationFilterChain.internalDoFilter(ApplicationFilterChain.java:189)
	at org.apache.catalina.core.ApplicationFilterChain.doFilter(ApplicationFilterChain.java:162)
	at org.springframework.web.filter.CharacterEncodingFilter.doFilterInternal(CharacterEncodingFilter.java:201)
	at org.springframework.web.filter.OncePerRequestFilter.doFilter(OncePerRequestFilter.java:119)
	at org.apache.catalina.core.ApplicationFilterChain.internalDoFilter(ApplicationFilterChain.java:189)
	at org.apache.catalina.core.ApplicationFilterChain.doFilter(ApplicationFilterChain.java:162)
	at org.apache.catalina.core.StandardWrapperValve.invoke(StandardWrapperValve.java:197)
	at org.apache.catalina.core.StandardContextValve.invoke(StandardContextValve.java:97)
	at org.apache.catalina.authenticator.AuthenticatorBase.invoke(AuthenticatorBase.java:542)
	at org.apache.catalina.core.StandardHostValve.invoke(StandardHostValve.java:135)
	at org.apache.catalina.valves.ErrorReportValve.invoke(ErrorReportValve.java:92)
	at org.apache.catalina.core.StandardEngineValve.invoke(StandardEngineValve.java:78)
	at org.apache.catalina.connector.CoyoteAdapter.service(CoyoteAdapter.java:357)
	at org.apache.coyote.http11.Http11Processor.service(Http11Processor.java:382)
	at org.apache.coyote.AbstractProcessorLight.process(AbstractProcessorLight.java:65)
	at org.apache.coyote.AbstractProtocol$ConnectionHandler.process(AbstractProtocol.java:893)
	at org.apache.tomcat.util.net.NioEndpoint$SocketProcessor.doRun(NioEndpoint.java:1726)
	at org.apache.tomcat.util.net.SocketProcessorBase.run(SocketProcessorBase.java:49)
	at org.apache.tomcat.util.threads.ThreadPoolExecutor.runWorker(ThreadPoolExecutor.java:1191)
	at org.apache.tomcat.util.threads.ThreadPoolExecutor$Worker.run(ThreadPoolExecutor.java:659)
	at org.apache.tomcat.util.threads.TaskThread$WrappingRunnable.run(TaskThread.java:61)
	at java.base/java.lang.Thread.run(Thread.java:830)
2022-07-01 15:18:09,619 INFO  [restartedMain] OkkioApplication: Starting OkkioApplication using Java 13.0.8 on Ais-MacBook-Pro.local with PID 68861 (/Users/aitd/IdeaProjects/okkio-be/okkio-api/target/classes started by aitd in /Users/aitd/IdeaProjects/okkio-be)
2022-07-01 15:18:09,624 INFO  [restartedMain] OkkioApplication: The following profiles are active: swagger,dev
2022-07-01 15:18:09,698 INFO  [restartedMain] DevToolsPropertyDefaultsPostProcessor: Devtools property defaults active! Set 'spring.devtools.add-properties' to 'false' to disable
2022-07-01 15:18:09,698 INFO  [restartedMain] DevToolsPropertyDefaultsPostProcessor: For additional web related logging consider setting the 'logging.level.web' property to 'DEBUG'
2022-07-01 15:18:11,288 INFO  [restartedMain] RepositoryConfigurationDelegate: Multiple Spring Data modules found, entering strict repository configuration mode!
2022-07-01 15:18:11,289 INFO  [restartedMain] RepositoryConfigurationDelegate: Bootstrapping Spring Data JPA repositories in DEFAULT mode.
2022-07-01 15:18:11,418 INFO  [restartedMain] RepositoryConfigurationDelegate: Finished Spring Data repository scanning in 123 ms. Found 7 JPA repository interfaces.
2022-07-01 15:18:11,443 INFO  [restartedMain] RepositoryConfigurationDelegate: Multiple Spring Data modules found, entering strict repository configuration mode!
2022-07-01 15:18:11,444 INFO  [restartedMain] RepositoryConfigurationDelegate: Bootstrapping Spring Data Redis repositories in DEFAULT mode.
2022-07-01 15:18:11,462 INFO  [restartedMain] RepositoryConfigurationExtensionSupport: Spring Data Redis - Could not safely identify store assignment for repository candidate interface io.okkio.repository.CategoryRepository. If you want this repository to be a Redis repository, consider annotating your entities with one of these annotations: org.springframework.data.redis.core.RedisHash (preferred), or consider extending one of the following types with your repository: org.springframework.data.keyvalue.repository.KeyValueRepository.
2022-07-01 15:18:11,468 INFO  [restartedMain] RepositoryConfigurationExtensionSupport: Spring Data Redis - Could not safely identify store assignment for repository candidate interface io.okkio.repository.ProductDetailRepository. If you want this repository to be a Redis repository, consider annotating your entities with one of these annotations: org.springframework.data.redis.core.RedisHash (preferred), or consider extending one of the following types with your repository: org.springframework.data.keyvalue.repository.KeyValueRepository.
2022-07-01 15:18:11,469 INFO  [restartedMain] RepositoryConfigurationExtensionSupport: Spring Data Redis - Could not safely identify store assignment for repository candidate interface io.okkio.repository.ProductRepository. If you want this repository to be a Redis repository, consider annotating your entities with one of these annotations: org.springframework.data.redis.core.RedisHash (preferred), or consider extending one of the following types with your repository: org.springframework.data.keyvalue.repository.KeyValueRepository.
2022-07-01 15:18:11,469 INFO  [restartedMain] RepositoryConfigurationExtensionSupport: Spring Data Redis - Could not safely identify store assignment for repository candidate interface io.okkio.repository.RefreshTokenRepository. If you want this repository to be a Redis repository, consider annotating your entities with one of these annotations: org.springframework.data.redis.core.RedisHash (preferred), or consider extending one of the following types with your repository: org.springframework.data.keyvalue.repository.KeyValueRepository.
2022-07-01 15:18:11,470 INFO  [restartedMain] RepositoryConfigurationExtensionSupport: Spring Data Redis - Could not safely identify store assignment for repository candidate interface io.okkio.repository.RoleRepository. If you want this repository to be a Redis repository, consider annotating your entities with one of these annotations: org.springframework.data.redis.core.RedisHash (preferred), or consider extending one of the following types with your repository: org.springframework.data.keyvalue.repository.KeyValueRepository.
2022-07-01 15:18:11,471 INFO  [restartedMain] RepositoryConfigurationExtensionSupport: Spring Data Redis - Could not safely identify store assignment for repository candidate interface io.okkio.repository.UserRepository. If you want this repository to be a Redis repository, consider annotating your entities with one of these annotations: org.springframework.data.redis.core.RedisHash (preferred), or consider extending one of the following types with your repository: org.springframework.data.keyvalue.repository.KeyValueRepository.
2022-07-01 15:18:11,472 INFO  [restartedMain] RepositoryConfigurationExtensionSupport: Spring Data Redis - Could not safely identify store assignment for repository candidate interface io.okkio.repository.UtilRepository. If you want this repository to be a Redis repository, consider annotating your entities with one of these annotations: org.springframework.data.redis.core.RedisHash (preferred), or consider extending one of the following types with your repository: org.springframework.data.keyvalue.repository.KeyValueRepository.
2022-07-01 15:18:11,472 INFO  [restartedMain] RepositoryConfigurationDelegate: Finished Spring Data repository scanning in 23 ms. Found 0 Redis repository interfaces.
2022-07-01 15:18:12,086 INFO  [restartedMain] PostProcessorRegistrationDelegate$BeanPostProcessorChecker: Bean 'org.springframework.security.access.expression.method.DefaultMethodSecurityExpressionHandler@fae129e' of type [org.springframework.security.access.expression.method.DefaultMethodSecurityExpressionHandler] is not eligible for getting processed by all BeanPostProcessors (for example: not eligible for auto-proxying)
2022-07-01 15:18:12,097 INFO  [restartedMain] PostProcessorRegistrationDelegate$BeanPostProcessorChecker: Bean 'methodSecurityMetadataSource' of type [org.springframework.security.access.method.DelegatingMethodSecurityMetadataSource] is not eligible for getting processed by all BeanPostProcessors (for example: not eligible for auto-proxying)
2022-07-01 15:18:12,453 INFO  [restartedMain] TomcatWebServer: Tomcat initialized with port(s): 8092 (http)
2022-07-01 15:18:12,459 INFO  [restartedMain] StandardService: Starting service [Tomcat]
2022-07-01 15:18:12,459 INFO  [restartedMain] StandardEngine: Starting Servlet engine: [Apache Tomcat/9.0.52]
2022-07-01 15:18:12,559 INFO  [restartedMain] [/]: Initializing Spring embedded WebApplicationContext
2022-07-01 15:18:12,560 INFO  [restartedMain] ServletWebServerApplicationContext: Root WebApplicationContext: initialization completed in 2860 ms
2022-07-01 15:18:13,095 INFO  [restartedMain] HikariDataSource: HikariPool-1 - Starting...
2022-07-01 15:18:13,482 INFO  [restartedMain] HikariDataSource: HikariPool-1 - Start completed.
2022-07-01 15:18:14,333 INFO  [restartedMain] LocalContainerEntityManagerFactoryBean: Initialized JPA EntityManagerFactory for persistence unit 'default'
2022-07-01 15:18:14,414 WARN  [restartedMain] JpaBaseConfiguration$JpaWebConfiguration: spring.jpa.open-in-view is enabled by default. Therefore, database queries may be performed during view rendering. Explicitly configure spring.jpa.open-in-view to disable this warning
2022-07-01 15:18:15,869 INFO  [restartedMain] PropertySourcedRequestMappingHandlerMapping: Mapped URL path [/v2/api-docs] onto method [springfox.documentation.swagger2.web.Swagger2Controller#getDocumentation(String, HttpServletRequest)]
2022-07-01 15:18:15,938 INFO  [restartedMain] UserDetailsServiceAutoConfiguration: 

Using generated security password: 5483397e-7e85-48a0-a665-f66caa99979d

2022-07-01 15:18:16,018 INFO  [restartedMain] DefaultSecurityFilterChain: Will secure any request with [org.springframework.security.web.context.request.async.WebAsyncManagerIntegrationFilter@19b9bd78, org.springframework.security.web.context.SecurityContextPersistenceFilter@19117f08, org.springframework.security.web.header.HeaderWriterFilter@4671a042, org.springframework.web.filter.CorsFilter@133aa80, org.springframework.security.web.authentication.logout.LogoutFilter@5a891912, io.okkio.security.JwtAuthenticationFilter@65520c2f, org.springframework.security.web.savedrequest.RequestCacheAwareFilter@544edc08, org.springframework.security.web.servletapi.SecurityContextHolderAwareRequestFilter@4a42d57e, org.springframework.security.web.authentication.AnonymousAuthenticationFilter@63911095, org.springframework.security.web.session.SessionManagementFilter@1a17fd2f, org.springframework.security.web.access.ExceptionTranslationFilter@56a19f43, org.springframework.security.web.access.intercept.FilterSecurityInterceptor@1dffb131]
2022-07-01 15:18:16,255 INFO  [restartedMain] OptionalLiveReloadServer: LiveReload server is running on port 35729
2022-07-01 15:18:16,378 WARN  [restartedMain] ThymeleafAutoConfiguration$DefaultTemplateResolverConfiguration: Cannot find template location: classpath:/templates/ (please add some templates or check your Thymeleaf configuration)
2022-07-01 15:18:16,969 INFO  [restartedMain] TomcatWebServer: Tomcat started on port(s): 8092 (http) with context path ''
2022-07-01 15:18:16,976 INFO  [restartedMain] DocumentationPluginsBootstrapper: Context refreshed
2022-07-01 15:18:17,182 INFO  [restartedMain] DocumentationPluginsBootstrapper: Found 1 custom documentation plugin(s)
2022-07-01 15:18:17,235 INFO  [restartedMain] ApiListingReferenceScanner: Scanning for api listing references
2022-07-01 15:18:17,503 INFO  [restartedMain] CachingOperationNameGenerator: Generating unique operation named: addUsingPOST_1
2022-07-01 15:18:17,510 INFO  [restartedMain] CachingOperationNameGenerator: Generating unique operation named: deleteUsingDELETE_1
2022-07-01 15:18:17,516 INFO  [restartedMain] CachingOperationNameGenerator: Generating unique operation named: updateUsingPUT_1
2022-07-01 15:18:17,538 INFO  [restartedMain] CachingOperationNameGenerator: Generating unique operation named: addUsingPOST_2
2022-07-01 15:18:17,539 INFO  [restartedMain] CachingOperationNameGenerator: Generating unique operation named: deleteUsingDELETE_2
2022-07-01 15:18:17,571 INFO  [restartedMain] CachingOperationNameGenerator: Generating unique operation named: updateUsingPUT_2
2022-07-01 15:18:17,588 INFO  [restartedMain] CachingOperationNameGenerator: Generating unique operation named: insertUsingPOST_1
2022-07-01 15:18:17,599 INFO  [restartedMain] CachingOperationNameGenerator: Generating unique operation named: addUsingPOST_3
2022-07-01 15:18:17,613 INFO  [restartedMain] CachingOperationNameGenerator: Generating unique operation named: deleteUsingDELETE_3
2022-07-01 15:18:17,617 INFO  [restartedMain] CachingOperationNameGenerator: Generating unique operation named: updateUsingPUT_3
2022-07-01 15:18:17,655 INFO  [restartedMain] OkkioApplication: Started OkkioApplication in 8.793 seconds (JVM running for 10.101)
2022-07-01 15:18:33,893 INFO  [http-nio-8092-exec-2] [/]: Initializing Spring DispatcherServlet 'dispatcherServlet'
2022-07-01 15:18:33,899 INFO  [http-nio-8092-exec-2] DispatcherServlet: Initializing Servlet 'dispatcherServlet'
2022-07-01 15:18:33,914 INFO  [http-nio-8092-exec-2] DispatcherServlet: Completed initialization in 15 ms
